val/expert_counts_L4,train/expert_counts_L10,train/grad_norm,train/expert_entropy_L13,_step,train/expert_imbalance_L7,train/loss,val/expert_entropy_L13,val/expert_imbalance_L4,train/expert_entropy_L10,train/expert_imbalance_L13,train/expert_imbalance_L8,train/expert_imbalance_L9,train/expert_entropy_L6,val/expert_imbalance_L9,train/expert_counts_L3,train/expert_imbalance_L6,train/expert_counts_L11,val/expert_counts_L6,train/expert_entropy_L3,val/expert_entropy_L9,train/expert_counts_L12,_timestamp,val/expert_imbalance_L8,val/expert_counts_L10,train/expert_entropy_L11,val/expert_imbalance_L5,val/bits_per_byte,val/ppl,train/expert_imbalance_L2,train/expert_counts_L6,val/expert_counts_L11,train/gpu_mem_reserved_mb,val/expert_entropy_L4,val/expert_entropy_L7,train/expert_entropy_L9,val/expert_imbalance_L10,train/expert_imbalance_L10,val/expert_entropy_L12,val/expert_counts_L3,train/expert_entropy_L7,train/expert_counts_L8,val/expert_entropy_L5,val/expert_counts_L7,val/top1,val/expert_imbalance_L7,train/expert_imbalance_L11,train/expert_counts_L13,val/expert_entropy_L6,train/expert_counts_L9,val/expert_imbalance_L3,val/expert_counts_L12,train/gpu_mem_allocated_mb,train/expert_imbalance_L5,train/expert_counts_L2,train/ppl,train/expert_entropy_L4,train/lr,train/expert_counts_L7,_runtime,val/expert_counts_L13,val/expert_entropy_L3,val/expert_entropy_L8,val/expert_imbalance_L6,train/tok_per_sec,val/expert_entropy_L11,val/expert_entropy_L2,val/nll,train/expert_entropy_L12,train/router_z_loss,val/expert_counts_L8,val/expert_counts_L5,val/expert_counts_L9,train/tokens_trained,val/expert_counts_L2,val/expert_imbalance_L2,train/expert_imbalance_L12,train/expert_entropy_L2,train/expert_entropy_L5,val/expert_imbalance_L12,val/expert_entropy_L10,train/expert_counts_L5,val/expert_imbalance_L13,val/expert_imbalance_L11,train/expert_imbalance_L3,train/aux_loss,train/expert_counts_L4,train/expert_imbalance_L4,train/expert_entropy_L8
,"{'packedBins': {'min': 0, 'size': 0.078125, 'count': 64}, '_type': 'histogram', 'values': [235, 0, 0, 0, 0, 0, 0, 0, 0, 0, 0, 0, 109, 0, 0, 0, 0, 0, 0, 0, 0, 0, 0, 0, 0, 729, 0, 0, 0, 0, 0, 0, 0, 0, 0, 0, 0, 0, 594, 0, 0, 0, 0, 0, 0, 0, 0, 0, 0, 0, 0, 179, 0, 0, 0, 0, 0, 0, 0, 0, 0, 0, 0, 202]}",2.892134428024292,0.6825658642869687,20,1.5498046875,9.265481927990914,,,0.8777465834545051,2.6806640625,2.4140625,1.6611328125,0.8141784784292563,,"{'values': [448, 0, 0, 0, 0, 0, 0, 0, 0, 0, 0, 0, 6, 0, 0, 0, 0, 0, 0, 0, 0, 0, 0, 0, 0, 356, 0, 0, 0, 0, 0, 0, 0, 0, 0, 0, 0, 0, 279, 0, 0, 0, 0, 0, 0, 0, 0, 0, 0, 0, 0, 630, 0, 0, 0, 0, 0, 0, 0, 0, 0, 0, 0, 329], 'packedBins': {'count': 64, 'min': 0, 'size': 0.078125}, '_type': 'histogram'}",2.203125,"{'_type': 'histogram', 'values': [547, 0, 0, 0, 0, 0, 0, 0, 0, 0, 0, 0, 390, 0, 0, 0, 0, 0, 0, 0, 0, 0, 0, 0, 0, 80, 0, 0, 0, 0, 0, 0, 0, 0, 0, 0, 0, 0, 672, 0, 0, 0, 0, 0, 0, 0, 0, 0, 0, 0, 0, 127, 0, 0, 0, 0, 0, 0, 0, 0, 0, 0, 0, 232], 'packedBins': {'min': 0, 'size': 0.078125, 'count': 64}}",,0.8827391425795,,"{'_type': 'histogram', 'values': [160, 0, 0, 0, 0, 0, 0, 0, 0, 0, 0, 0, 211, 0, 0, 0, 0, 0, 0, 0, 0, 0, 0, 0, 0, 503, 0, 0, 0, 0, 0, 0, 0, 0, 0, 0, 0, 0, 335, 0, 0, 0, 0, 0, 0, 0, 0, 0, 0, 0, 0, 349, 0, 0, 0, 0, 0, 0, 0, 0, 0, 0, 0, 490], 'packedBins': {'count': 64, 'min': 0, 'size': 0.078125}}",1784891970.0288303,,,0.8817434916292661,,,,2.1005859375,"{'packedBins': {'min': 0, 'size': 0.078125, 'count': 64}, '_type': 'histogram', 'values': [651, 0, 0, 0, 0, 0, 0, 0, 0, 0, 0, 0, 320, 0, 0, 0, 0, 0, 0, 0, 0, 0, 0, 0, 0, 25, 0, 0, 0, 0, 0, 0, 0, 0, 0, 0, 0, 0, 752, 0, 0, 0, 0, 0, 0, 0, 0, 0, 0, 0, 0, 144, 0, 0, 0, 0, 0, 0, 0, 0, 0, 0, 0, 156]}",,11356.07808,,,0.914716403936727,,2.1357421875,,,0.9509968866644972,"{'_type': 'histogram', 'values': [824, 0, 0, 0, 0, 0, 0, 0, 0, 0, 0, 0, 356, 0, 0, 0, 0, 0, 0, 0, 0, 0, 0, 0, 0, 276, 0, 0, 0, 0, 0, 0, 0, 0, 0, 0, 0, 0, 187, 0, 0, 0, 0, 0, 0, 0, 0, 0, 0, 0, 0, 66, 0, 0, 0, 0, 0, 0, 0, 0, 0, 0, 0, 339], 'packedBins': {'min': 0, 'size': 0.078125, 'count': 64}}",,,,,1.96875,"{'_type': 'histogram', 'values': [195, 0, 0, 0, 0, 0, 0, 0, 0, 0, 0, 0, 764, 0, 0, 0, 0, 0, 0, 0, 0, 0, 0, 0, 0, 915, 0, 0, 0, 0, 0, 0, 0, 0, 0, 0, 0, 0, 3, 0, 0, 0, 0, 0, 0, 0, 0, 0, 0, 0, 0, 110, 0, 0, 0, 0, 0, 0, 0, 0, 0, 0, 0, 61], 'packedBins': {'count': 64, 'min': 0, 'size': 0.078125}}",,"{'values': [433, 0, 0, 0, 0, 0, 0, 0, 0, 0, 0, 0, 66, 0, 0, 0, 0, 0, 0, 0, 0, 0, 0, 0, 0, 233, 0, 0, 0, 0, 0, 0, 0, 0, 0, 0, 0, 0, 567, 0, 0, 0, 0, 0, 0, 0, 0, 0, 0, 0, 0, 239, 0, 0, 0, 0, 0, 0, 0, 0, 0, 0, 0, 510], 'packedBins': {'min': 0, 'size': 0.078125, 'count': 64}, '_type': 'histogram'}",,,7805.475328,2.2529296875,"{'_type': 'histogram', 'values': [617, 0, 0, 0, 0, 0, 0, 0, 0, 0, 0, 0, 717, 0, 0, 0, 0, 0, 0, 0, 0, 0, 0, 0, 0, 427, 0, 0, 0, 0, 0, 0, 0, 0, 0, 0, 0, 0, 120, 0, 0, 0, 0, 0, 0, 0, 0, 0, 0, 0, 0, 124, 0, 0, 0, 0, 0, 0, 0, 0, 0, 0, 0, 43], 'packedBins': {'min': 0, 'size': 0.078125, 'count': 64}}",10566.901849403448,0.8687402170340435,6.666666666666667e-05,"{'values': [428, 0, 0, 0, 0, 0, 0, 0, 0, 0, 0, 0, 346, 0, 0, 0, 0, 0, 0, 0, 0, 0, 0, 0, 0, 279, 0, 0, 0, 0, 0, 0, 0, 0, 0, 0, 0, 0, 100, 0, 0, 0, 0, 0, 0, 0, 0, 0, 0, 0, 0, 529, 0, 0, 0, 0, 0, 0, 0, 0, 0, 0, 0, 366], 'packedBins': {'min': 0, 'size': 0.078125, 'count': 64}, '_type': 'histogram'}",507.385273513,,,,,5116.653342517965,,,,0.9588658225039232,35.18295894265175,,,,1310720.0,,,1.4736328125,0.8220560634249489,0.9212329443959055,,,"{'values': [769, 0, 0, 0, 0, 0, 0, 0, 0, 0, 0, 0, 343, 0, 0, 0, 0, 0, 0, 0, 0, 0, 0, 0, 0, 277, 0, 0, 0, 0, 0, 0, 0, 0, 0, 0, 0, 0, 221, 0, 0, 0, 0, 0, 0, 0, 0, 0, 0, 0, 0, 170, 0, 0, 0, 0, 0, 0, 0, 0, 0, 0, 0, 268], 'packedBins': {'count': 64, 'min': 0, 'size': 0.078125}, '_type': 'histogram'}",,,1.845703125,14.101643846929074,"{'_type': 'histogram', 'values': [249, 0, 0, 0, 0, 0, 0, 0, 0, 0, 0, 0, 118, 0, 0, 0, 0, 0, 0, 0, 0, 0, 0, 0, 0, 549, 0, 0, 0, 0, 0, 0, 0, 0, 0, 0, 0, 0, 782, 0, 0, 0, 0, 0, 0, 0, 0, 0, 0, 0, 0, 133, 0, 0, 0, 0, 0, 0, 0, 0, 0, 0, 0, 217], 'packedBins': {'min': 0, 'size': 0.078125, 'count': 64}}",2.291015625,0.8748516443200863
,"{'packedBins': {'min': 0, 'size': 0.078125, 'count': 64}, '_type': 'histogram', 'values': [477, 0, 0, 0, 0, 0, 0, 0, 0, 0, 0, 0, 181, 0, 0, 0, 0, 0, 0, 0, 0, 0, 0, 0, 0, 635, 0, 0, 0, 0, 0, 0, 0, 0, 0, 0, 0, 0, 185, 0, 0, 0, 0, 0, 0, 0, 0, 0, 0, 0, 0, 149, 0, 0, 0, 0, 0, 0, 0, 0, 0, 0, 0, 421]}",1.7919124364852905,0.9180822563638792,40,1.3916015625,7.027066189050674,,,0.9208368130388931,2.080078125,1.95703125,1.845703125,0.9492061786574444,,"{'values': [351, 0, 0, 0, 0, 0, 0, 0, 0, 0, 0, 0, 302, 0, 0, 0, 0, 0, 0, 0, 0, 0, 0, 0, 0, 158, 0, 0, 0, 0, 0, 0, 0, 0, 0, 0, 0, 0, 534, 0, 0, 0, 0, 0, 0, 0, 0, 0, 0, 0, 0, 484, 0, 0, 0, 0, 0, 0, 0, 0, 0, 0, 0, 219], 'packedBins': {'count': 64, 'min': 0, 'size': 0.078125}, '_type': 'histogram'}",1.8544921875,"{'_type': 'histogram', 'values': [241, 0, 0, 0, 0, 0, 0, 0, 0, 0, 0, 0, 311, 0, 0, 0, 0, 0, 0, 0, 0, 0, 0, 0, 0, 566, 0, 0, 0, 0, 0, 0, 0, 0, 0, 0, 0, 0, 351, 0, 0, 0, 0, 0, 0, 0, 0, 0, 0, 0, 0, 351, 0, 0, 0, 0, 0, 0, 0, 0, 0, 0, 0, 228], 'packedBins': {'min': 0, 'size': 0.078125, 'count': 64}}",,0.9558673596221898,,"{'values': [367, 0, 0, 0, 0, 0, 0, 0, 0, 0, 0, 0, 392, 0, 0, 0, 0, 0, 0, 0, 0, 0, 0, 0, 0, 125, 0, 0, 0, 0, 0, 0, 0, 0, 0, 0, 0, 0, 305, 0, 0, 0, 0, 0, 0, 0, 0, 0, 0, 0, 0, 316, 0, 0, 0, 0, 0, 0, 0, 0, 0, 0, 0, 543], 'packedBins': {'size': 0.078125, 'count': 64, 'min': 0}, '_type': 'histogram'}",1784892220.3163197,,,0.9724698807998216,,,,1.4501953125,"{'packedBins': {'min': 0, 'size': 0.078125, 'count': 64}, '_type': 'histogram', 'values': [143, 0, 0, 0, 0, 0, 0, 0, 0, 0, 0, 0, 633, 0, 0, 0, 0, 0, 0, 0, 0, 0, 0, 0, 0, 320, 0, 0, 0, 0, 0, 0, 0, 0, 0, 0, 0, 0, 302, 0, 0, 0, 0, 0, 0, 0, 0, 0, 0, 0, 0, 270, 0, 0, 0, 0, 0, 0, 0, 0, 0, 0, 0, 380]}",,11391.729664,,,0.9208985547082427,,1.8603515625,,,0.9734543543788801,"{'values': [121, 0, 0, 0, 0, 0, 0, 0, 0, 0, 0, 0, 439, 0, 0, 0, 0, 0, 0, 0, 0, 0, 0, 0, 0, 668, 0, 0, 0, 0, 0, 0, 0, 0, 0, 0, 0, 0, 400, 0, 0, 0, 0, 0, 0, 0, 0, 0, 0, 0, 0, 233, 0, 0, 0, 0, 0, 0, 0, 0, 0, 0, 0, 187], 'packedBins': {'min': 0, 'size': 0.078125, 'count': 64}, '_type': 'histogram'}",,,,,1.658203125,"{'_type': 'histogram', 'values': [462, 0, 0, 0, 0, 0, 0, 0, 0, 0, 0, 0, 217, 0, 0, 0, 0, 0, 0, 0, 0, 0, 0, 0, 0, 258, 0, 0, 0, 0, 0, 0, 0, 0, 0, 0, 0, 0, 710, 0, 0, 0, 0, 0, 0, 0, 0, 0, 0, 0, 0, 131, 0, 0, 0, 0, 0, 0, 0, 0, 0, 0, 0, 270], 'packedBins': {'min': 0, 'size': 0.078125, 'count': 64}}",,"{'packedBins': {'size': 0.078125, 'count': 64, 'min': 0}, '_type': 'histogram', 'values': [382, 0, 0, 0, 0, 0, 0, 0, 0, 0, 0, 0, 630, 0, 0, 0, 0, 0, 0, 0, 0, 0, 0, 0, 0, 504, 0, 0, 0, 0, 0, 0, 0, 0, 0, 0, 0, 0, 145, 0, 0, 0, 0, 0, 0, 0, 0, 0, 0, 0, 0, 153, 0, 0, 0, 0, 0, 0, 0, 0, 0, 0, 0, 234]}",,,7805.475328,1.67578125,"{'_type': 'histogram', 'values': [290, 0, 0, 0, 0, 0, 0, 0, 0, 0, 0, 0, 378, 0, 0, 0, 0, 0, 0, 0, 0, 0, 0, 0, 0, 370, 0, 0, 0, 0, 0, 0, 0, 0, 0, 0, 0, 0, 244, 0, 0, 0, 0, 0, 0, 0, 0, 0, 0, 0, 0, 495, 0, 0, 0, 0, 0, 0, 0, 0, 0, 0, 0, 271], 'packedBins': {'size': 0.078125, 'count': 64, 'min': 0}}",1126.7201724828026,0.9908881925376795,0.00013333333333333334,"{'values': [380, 0, 0, 0, 0, 0, 0, 0, 0, 0, 0, 0, 311, 0, 0, 0, 0, 0, 0, 0, 0, 0, 0, 0, 0, 152, 0, 0, 0, 0, 0, 0, 0, 0, 0, 0, 0, 0, 475, 0, 0, 0, 0, 0, 0, 0, 0, 0, 0, 0, 0, 334, 0, 0, 0, 0, 0, 0, 0, 0, 0, 0, 0, 396], 'packedBins': {'min': 0, 'size': 0.078125, 'count': 64}, '_type': 'histogram'}",758.064867234,,,,,5239.589091970419,,,,0.9594809771103958,14.528473976254464,,,,2621440.0,,,1.5908203125,0.9834598314120823,0.9548092351509222,,,"{'packedBins': {'count': 64, 'min': 0, 'size': 0.078125}, '_type': 'histogram', 'values': [572, 0, 0, 0, 0, 0, 0, 0, 0, 0, 0, 0, 320, 0, 0, 0, 0, 0, 0, 0, 0, 0, 0, 0, 0, 271, 0, 0, 0, 0, 0, 0, 0, 0, 0, 0, 0, 0, 398, 0, 0, 0, 0, 0, 0, 0, 0, 0, 0, 0, 0, 359, 0, 0, 0, 0, 0, 0, 0, 0, 0, 0, 0, 128]}",,,1.564453125,12.506572857499123,"{'_type': 'histogram', 'values': [238, 0, 0, 0, 0, 0, 0, 0, 0, 0, 0, 0, 438, 0, 0, 0, 0, 0, 0, 0, 0, 0, 0, 0, 0, 365, 0, 0, 0, 0, 0, 0, 0, 0, 0, 0, 0, 0, 352, 0, 0, 0, 0, 0, 0, 0, 0, 0, 0, 0, 0, 352, 0, 0, 0, 0, 0, 0, 0, 0, 0, 0, 0, 303], 'packedBins': {'min': 0, 'size': 0.078125, 'count': 64}}",1.283203125,0.9194856817660999
,"{'packedBins': {'min': 0, 'size': 0.078125, 'count': 64}, '_type': 'histogram', 'values': [125, 0, 0, 0, 0, 0, 0, 0, 0, 0, 0, 0, 443, 0, 0, 0, 0, 0, 0, 0, 0, 0, 0, 0, 0, 331, 0, 0, 0, 0, 0, 0, 0, 0, 0, 0, 0, 0, 208, 0, 0, 0, 0, 0, 0, 0, 0, 0, 0, 0, 0, 410, 0, 0, 0, 0, 0, 0, 0, 0, 0, 0, 0, 531]}",0.7489204406738281,0.9941314930737303,60,1.330078125,5.444981306418777,,,0.9491687211576127,1.248046875,1.3564453125,1.5556640625,0.9940664248058165,,"{'values': [219, 0, 0, 0, 0, 0, 0, 0, 0, 0, 0, 0, 390, 0, 0, 0, 0, 0, 0, 0, 0, 0, 0, 0, 0, 324, 0, 0, 0, 0, 0, 0, 0, 0, 0, 0, 0, 0, 403, 0, 0, 0, 0, 0, 0, 0, 0, 0, 0, 0, 0, 444, 0, 0, 0, 0, 0, 0, 0, 0, 0, 0, 0, 268], 'packedBins': {'count': 64, 'min': 0, 'size': 0.078125}, '_type': 'histogram'}",1.16015625,"{'packedBins': {'min': 0, 'size': 0.078125, 'count': 64}, '_type': 'histogram', 'values': [235, 0, 0, 0, 0, 0, 0, 0, 0, 0, 0, 0, 386, 0, 0, 0, 0, 0, 0, 0, 0, 0, 0, 0, 0, 163, 0, 0, 0, 0, 0, 0, 0, 0, 0, 0, 0, 0, 293, 0, 0, 0, 0, 0, 0, 0, 0, 0, 0, 0, 0, 473, 0, 0, 0, 0, 0, 0, 0, 0, 0, 0, 0, 498]}",,0.9845291997864964,,"{'_type': 'histogram', 'values': [272, 0, 0, 0, 0, 0, 0, 0, 0, 0, 0, 0, 242, 0, 0, 0, 0, 0, 0, 0, 0, 0, 0, 0, 0, 391, 0, 0, 0, 0, 0, 0, 0, 0, 0, 0, 0, 0, 179, 0, 0, 0, 0, 0, 0, 0, 0, 0, 0, 0, 0, 587, 0, 0, 0, 0, 0, 0, 0, 0, 0, 0, 0, 377], 'packedBins': {'min': 0, 'size': 0.078125, 'count': 64}}",1784892470.995865,,,0.9626757093074108,,,,1.201171875,"{'_type': 'histogram', 'values': [241, 0, 0, 0, 0, 0, 0, 0, 0, 0, 0, 0, 396, 0, 0, 0, 0, 0, 0, 0, 0, 0, 0, 0, 0, 342, 0, 0, 0, 0, 0, 0, 0, 0, 0, 0, 0, 0, 360, 0, 0, 0, 0, 0, 0, 0, 0, 0, 0, 0, 0, 347, 0, 0, 0, 0, 0, 0, 0, 0, 0, 0, 0, 362], 'packedBins': {'count': 64, 'min': 0, 'size': 0.078125}}",,11391.729664,,,0.9690944477688049,,1.5556640625,,,0.9872688532999432,"{'_type': 'histogram', 'values': [334, 0, 0, 0, 0, 0, 0, 0, 0, 0, 0, 0, 337, 0, 0, 0, 0, 0, 0, 0, 0, 0, 0, 0, 0, 289, 0, 0, 0, 0, 0, 0, 0, 0, 0, 0, 0, 0, 257, 0, 0, 0, 0, 0, 0, 0, 0, 0, 0, 0, 0, 463, 0, 0, 0, 0, 0, 0, 0, 0, 0, 0, 0, 368], 'packedBins': {'min': 0, 'size': 0.078125, 'count': 64}}",,,,,1.458984375,"{'_type': 'histogram', 'values': [330, 0, 0, 0, 0, 0, 0, 0, 0, 0, 0, 0, 367, 0, 0, 0, 0, 0, 0, 0, 0, 0, 0, 0, 0, 345, 0, 0, 0, 0, 0, 0, 0, 0, 0, 0, 0, 0, 317, 0, 0, 0, 0, 0, 0, 0, 0, 0, 0, 0, 0, 263, 0, 0, 0, 0, 0, 0, 0, 0, 0, 0, 0, 426], 'packedBins': {'min': 0, 'size': 0.078125, 'count': 64}}",,"{'_type': 'histogram', 'values': [390, 0, 0, 0, 0, 0, 0, 0, 0, 0, 0, 0, 531, 0, 0, 0, 0, 0, 0, 0, 0, 0, 0, 0, 0, 273, 0, 0, 0, 0, 0, 0, 0, 0, 0, 0, 0, 0, 170, 0, 0, 0, 0, 0, 0, 0, 0, 0, 0, 0, 0, 301, 0, 0, 0, 0, 0, 0, 0, 0, 0, 0, 0, 383], 'packedBins': {'min': 0, 'size': 0.078125, 'count': 64}}",,,7805.475328,1.39453125,"{'values': [369, 0, 0, 0, 0, 0, 0, 0, 0, 0, 0, 0, 410, 0, 0, 0, 0, 0, 0, 0, 0, 0, 0, 0, 0, 399, 0, 0, 0, 0, 0, 0, 0, 0, 0, 0, 0, 0, 227, 0, 0, 0, 0, 0, 0, 0, 0, 0, 0, 0, 0, 401, 0, 0, 0, 0, 0, 0, 0, 0, 0, 0, 0, 242], 'packedBins': {'count': 64, 'min': 0, 'size': 0.078125}, '_type': 'histogram'}",231.5929503700307,0.9920477117331806,0.0002,"{'values': [230, 0, 0, 0, 0, 0, 0, 0, 0, 0, 0, 0, 307, 0, 0, 0, 0, 0, 0, 0, 0, 0, 0, 0, 0, 296, 0, 0, 0, 0, 0, 0, 0, 0, 0, 0, 0, 0, 454, 0, 0, 0, 0, 0, 0, 0, 0, 0, 0, 0, 0, 375, 0, 0, 0, 0, 0, 0, 0, 0, 0, 0, 0, 386], 'packedBins': {'min': 0, 'size': 0.078125, 'count': 64}, '_type': 'histogram'}",1010.633994063,,,,,5231.386854974098,,,,0.9595839686019402,5.1205410631373525,,,,3932160.0,,,1.7197265625,0.9850191412230165,0.985207825893572,,,"{'values': [476, 0, 0, 0, 0, 0, 0, 0, 0, 0, 0, 0, 294, 0, 0, 0, 0, 0, 0, 0, 0, 0, 0, 0, 0, 337, 0, 0, 0, 0, 0, 0, 0, 0, 0, 0, 0, 0, 288, 0, 0, 0, 0, 0, 0, 0, 0, 0, 0, 0, 0, 242, 0, 0, 0, 0, 0, 0, 0, 0, 0, 0, 0, 411], 'packedBins': {'min': 0, 'size': 0.078125, 'count': 64}, '_type': 'histogram'}",,,1.30078125,12.32864574342966,"{'values': [294, 0, 0, 0, 0, 0, 0, 0, 0, 0, 0, 0, 306, 0, 0, 0, 0, 0, 0, 0, 0, 0, 0, 0, 0, 441, 0, 0, 0, 0, 0, 0, 0, 0, 0, 0, 0, 0, 352, 0, 0, 0, 0, 0, 0, 0, 0, 0, 0, 0, 0, 271, 0, 0, 0, 0, 0, 0, 0, 0, 0, 0, 0, 384], 'packedBins': {'min': 0, 'size': 0.078125, 'count': 64}, '_type': 'histogram'}",1.2919921875,0.9901228087400522
,"{'packedBins': {'min': 0, 'size': 0.078125, 'count': 64}, '_type': 'histogram', 'values': [228, 0, 0, 0, 0, 0, 0, 0, 0, 0, 0, 0, 602, 0, 0, 0, 0, 0, 0, 0, 0, 0, 0, 0, 0, 166, 0, 0, 0, 0, 0, 0, 0, 0, 0, 0, 0, 0, 391, 0, 0, 0, 0, 0, 0, 0, 0, 0, 0, 0, 0, 370, 0, 0, 0, 0, 0, 0, 0, 0, 0, 0, 0, 291]}",0.6496068239212036,0.9469040393871476,80,1.3037109375,4.729684203863144,,,0.9546434374784877,1.8369140625,1.1279296875,1.3388671875,0.9722849884516291,,"{'values': [412, 0, 0, 0, 0, 0, 0, 0, 0, 0, 0, 0, 408, 0, 0, 0, 0, 0, 0, 0, 0, 0, 0, 0, 0, 327, 0, 0, 0, 0, 0, 0, 0, 0, 0, 0, 0, 0, 373, 0, 0, 0, 0, 0, 0, 0, 0, 0, 0, 0, 0, 282, 0, 0, 0, 0, 0, 0, 0, 0, 0, 0, 0, 246], 'packedBins': {'count': 64, 'min': 0, 'size': 0.078125}, '_type': 'histogram'}",1.376953125,"{'_type': 'histogram', 'values': [266, 0, 0, 0, 0, 0, 0, 0, 0, 0, 0, 0, 378, 0, 0, 0, 0, 0, 0, 0, 0, 0, 0, 0, 0, 352, 0, 0, 0, 0, 0, 0, 0, 0, 0, 0, 0, 0, 292, 0, 0, 0, 0, 0, 0, 0, 0, 0, 0, 0, 0, 360, 0, 0, 0, 0, 0, 0, 0, 0, 0, 0, 0, 400], 'packedBins': {'min': 0, 'size': 0.078125, 'count': 64}}",,0.9904735652926505,,"{'_type': 'histogram', 'values': [398, 0, 0, 0, 0, 0, 0, 0, 0, 0, 0, 0, 392, 0, 0, 0, 0, 0, 0, 0, 0, 0, 0, 0, 0, 268, 0, 0, 0, 0, 0, 0, 0, 0, 0, 0, 0, 0, 323, 0, 0, 0, 0, 0, 0, 0, 0, 0, 0, 0, 0, 211, 0, 0, 0, 0, 0, 0, 0, 0, 0, 0, 0, 456], 'packedBins': {'size': 0.078125, 'count': 64, 'min': 0}}",1784892723.5648408,,,0.9945231667886668,,,,1.13671875,"{'_type': 'histogram', 'values': [238, 0, 0, 0, 0, 0, 0, 0, 0, 0, 0, 0, 328, 0, 0, 0, 0, 0, 0, 0, 0, 0, 0, 0, 0, 417, 0, 0, 0, 0, 0, 0, 0, 0, 0, 0, 0, 0, 416, 0, 0, 0, 0, 0, 0, 0, 0, 0, 0, 0, 0, 179, 0, 0, 0, 0, 0, 0, 0, 0, 0, 0, 0, 470], 'packedBins': {'size': 0.078125, 'count': 64, 'min': 0}}",,11398.02112,,,0.9767470216376221,,1.763671875,,,0.9944378728014834,"{'values': [360, 0, 0, 0, 0, 0, 0, 0, 0, 0, 0, 0, 385, 0, 0, 0, 0, 0, 0, 0, 0, 0, 0, 0, 0, 347, 0, 0, 0, 0, 0, 0, 0, 0, 0, 0, 0, 0, 315, 0, 0, 0, 0, 0, 0, 0, 0, 0, 0, 0, 0, 304, 0, 0, 0, 0, 0, 0, 0, 0, 0, 0, 0, 337], 'packedBins': {'size': 0.078125, 'count': 64, 'min': 0}, '_type': 'histogram'}",,,,,1.171875,"{'_type': 'histogram', 'values': [363, 0, 0, 0, 0, 0, 0, 0, 0, 0, 0, 0, 219, 0, 0, 0, 0, 0, 0, 0, 0, 0, 0, 0, 0, 268, 0, 0, 0, 0, 0, 0, 0, 0, 0, 0, 0, 0, 409, 0, 0, 0, 0, 0, 0, 0, 0, 0, 0, 0, 0, 627, 0, 0, 0, 0, 0, 0, 0, 0, 0, 0, 0, 162], 'packedBins': {'min': 0, 'size': 0.078125, 'count': 64}}",,"{'packedBins': {'count': 64, 'min': 0, 'size': 0.078125}, '_type': 'histogram', 'values': [419, 0, 0, 0, 0, 0, 0, 0, 0, 0, 0, 0, 220, 0, 0, 0, 0, 0, 0, 0, 0, 0, 0, 0, 0, 282, 0, 0, 0, 0, 0, 0, 0, 0, 0, 0, 0, 0, 433, 0, 0, 0, 0, 0, 0, 0, 0, 0, 0, 0, 0, 457, 0, 0, 0, 0, 0, 0, 0, 0, 0, 0, 0, 237]}",,,7805.475328,1.2861328125,"{'_type': 'histogram', 'values': [388, 0, 0, 0, 0, 0, 0, 0, 0, 0, 0, 0, 328, 0, 0, 0, 0, 0, 0, 0, 0, 0, 0, 0, 0, 295, 0, 0, 0, 0, 0, 0, 0, 0, 0, 0, 0, 0, 369, 0, 0, 0, 0, 0, 0, 0, 0, 0, 0, 0, 0, 315, 0, 0, 0, 0, 0, 0, 0, 0, 0, 0, 0, 353], 'packedBins': {'min': 0, 'size': 0.078125, 'count': 64}}",113.2597896964772,0.9905589923437765,0.00019998012226970637,"{'_type': 'histogram', 'values': [297, 0, 0, 0, 0, 0, 0, 0, 0, 0, 0, 0, 341, 0, 0, 0, 0, 0, 0, 0, 0, 0, 0, 0, 0, 445, 0, 0, 0, 0, 0, 0, 0, 0, 0, 0, 0, 0, 320, 0, 0, 0, 0, 0, 0, 0, 0, 0, 0, 0, 0, 302, 0, 0, 0, 0, 0, 0, 0, 0, 0, 0, 0, 343], 'packedBins': {'min': 0, 'size': 0.078125, 'count': 64}}",1262.71534598,,,,,5192.264071026135,,,,0.9827467417438827,2.6686030201613904,,,,5242880.0,,,1.3359375,0.9975616153851407,0.9694684239793805,,,"{'values': [157, 0, 0, 0, 0, 0, 0, 0, 0, 0, 0, 0, 389, 0, 0, 0, 0, 0, 0, 0, 0, 0, 0, 0, 0, 392, 0, 0, 0, 0, 0, 0, 0, 0, 0, 0, 0, 0, 439, 0, 0, 0, 0, 0, 0, 0, 0, 0, 0, 0, 0, 435, 0, 0, 0, 0, 0, 0, 0, 0, 0, 0, 0, 236], 'packedBins': {'min': 0, 'size': 0.078125, 'count': 64}, '_type': 'histogram'}",,,1.20703125,12.28390637934208,"{'values': [255, 0, 0, 0, 0, 0, 0, 0, 0, 0, 0, 0, 343, 0, 0, 0, 0, 0, 0, 0, 0, 0, 0, 0, 0, 448, 0, 0, 0, 0, 0, 0, 0, 0, 0, 0, 0, 0, 362, 0, 0, 0, 0, 0, 0, 0, 0, 0, 0, 0, 0, 362, 0, 0, 0, 0, 0, 0, 0, 0, 0, 0, 0, 278], 'packedBins': {'min': 0, 'size': 0.078125, 'count': 64}, '_type': 'histogram'}",1.3125,0.998250354351851
,"{'_type': 'histogram', 'values': [366, 0, 0, 0, 0, 0, 0, 0, 0, 0, 0, 0, 373, 0, 0, 0, 0, 0, 0, 0, 0, 0, 0, 0, 0, 338, 0, 0, 0, 0, 0, 0, 0, 0, 0, 0, 0, 0, 355, 0, 0, 0, 0, 0, 0, 0, 0, 0, 0, 0, 0, 251, 0, 0, 0, 0, 0, 0, 0, 0, 0, 0, 0, 365], 'packedBins': {'count': 64, 'min': 0, 'size': 0.078125}}",0.6242916584014893,0.9854623106837254,100,1.3916015625,4.3489619888365265,,,0.995487481180427,1.4853515625,1.3857421875,1.1396484375,0.9943527118782426,,"{'values': [384, 0, 0, 0, 0, 0, 0, 0, 0, 0, 0, 0, 274, 0, 0, 0, 0, 0, 0, 0, 0, 0, 0, 0, 0, 330, 0, 0, 0, 0, 0, 0, 0, 0, 0, 0, 0, 0, 432, 0, 0, 0, 0, 0, 0, 0, 0, 0, 0, 0, 0, 340, 0, 0, 0, 0, 0, 0, 0, 0, 0, 0, 0, 288], 'packedBins': {'count': 64, 'min': 0, 'size': 0.078125}, '_type': 'histogram'}",1.2333984375,"{'packedBins': {'min': 0, 'size': 0.078125, 'count': 64}, '_type': 'histogram', 'values': [387, 0, 0, 0, 0, 0, 0, 0, 0, 0, 0, 0, 268, 0, 0, 0, 0, 0, 0, 0, 0, 0, 0, 0, 0, 397, 0, 0, 0, 0, 0, 0, 0, 0, 0, 0, 0, 0, 324, 0, 0, 0, 0, 0, 0, 0, 0, 0, 0, 0, 0, 244, 0, 0, 0, 0, 0, 0, 0, 0, 0, 0, 0, 428]}",,0.9930830157382985,,"{'_type': 'histogram', 'values': [336, 0, 0, 0, 0, 0, 0, 0, 0, 0, 0, 0, 398, 0, 0, 0, 0, 0, 0, 0, 0, 0, 0, 0, 0, 332, 0, 0, 0, 0, 0, 0, 0, 0, 0, 0, 0, 0, 282, 0, 0, 0, 0, 0, 0, 0, 0, 0, 0, 0, 0, 375, 0, 0, 0, 0, 0, 0, 0, 0, 0, 0, 0, 325], 'packedBins': {'size': 0.078125, 'count': 64, 'min': 0}}",1784892975.6462493,,,0.9886099382450728,,,,1.13671875,"{'_type': 'histogram', 'values': [316, 0, 0, 0, 0, 0, 0, 0, 0, 0, 0, 0, 421, 0, 0, 0, 0, 0, 0, 0, 0, 0, 0, 0, 0, 335, 0, 0, 0, 0, 0, 0, 0, 0, 0, 0, 0, 0, 261, 0, 0, 0, 0, 0, 0, 0, 0, 0, 0, 0, 0, 358, 0, 0, 0, 0, 0, 0, 0, 0, 0, 0, 0, 357], 'packedBins': {'min': 0, 'size': 0.078125, 'count': 64}}",,11406.409728,,,0.9943692783390918,,1.0927734375,,,0.9822782901340867,"{'_type': 'histogram', 'values': [297, 0, 0, 0, 0, 0, 0, 0, 0, 0, 0, 0, 283, 0, 0, 0, 0, 0, 0, 0, 0, 0, 0, 0, 0, 473, 0, 0, 0, 0, 0, 0, 0, 0, 0, 0, 0, 0, 241, 0, 0, 0, 0, 0, 0, 0, 0, 0, 0, 0, 0, 448, 0, 0, 0, 0, 0, 0, 0, 0, 0, 0, 0, 306], 'packedBins': {'size': 0.078125, 'count': 64, 'min': 0}}",,,,,1.25390625,"{'values': [336, 0, 0, 0, 0, 0, 0, 0, 0, 0, 0, 0, 289, 0, 0, 0, 0, 0, 0, 0, 0, 0, 0, 0, 0, 306, 0, 0, 0, 0, 0, 0, 0, 0, 0, 0, 0, 0, 255, 0, 0, 0, 0, 0, 0, 0, 0, 0, 0, 0, 0, 355, 0, 0, 0, 0, 0, 0, 0, 0, 0, 0, 0, 507], 'packedBins': {'min': 0, 'size': 0.078125, 'count': 64}, '_type': 'histogram'}",,"{'_type': 'histogram', 'values': [257, 0, 0, 0, 0, 0, 0, 0, 0, 0, 0, 0, 317, 0, 0, 0, 0, 0, 0, 0, 0, 0, 0, 0, 0, 376, 0, 0, 0, 0, 0, 0, 0, 0, 0, 0, 0, 0, 387, 0, 0, 0, 0, 0, 0, 0, 0, 0, 0, 0, 0, 389, 0, 0, 0, 0, 0, 0, 0, 0, 0, 0, 0, 322], 'packedBins': {'count': 64, 'min': 0, 'size': 0.078125}}",,,7805.475328,1.236328125,"{'values': [388, 0, 0, 0, 0, 0, 0, 0, 0, 0, 0, 0, 321, 0, 0, 0, 0, 0, 0, 0, 0, 0, 0, 0, 0, 352, 0, 0, 0, 0, 0, 0, 0, 0, 0, 0, 0, 0, 371, 0, 0, 0, 0, 0, 0, 0, 0, 0, 0, 0, 0, 362, 0, 0, 0, 0, 0, 0, 0, 0, 0, 0, 0, 254], 'packedBins': {'min': 0, 'size': 0.078125, 'count': 64}, '_type': 'histogram'}",77.39808114162744,0.9915336857230566,0.00019991625913683074,"{'values': [475, 0, 0, 0, 0, 0, 0, 0, 0, 0, 0, 0, 433, 0, 0, 0, 0, 0, 0, 0, 0, 0, 0, 0, 0, 307, 0, 0, 0, 0, 0, 0, 0, 0, 0, 0, 0, 0, 293, 0, 0, 0, 0, 0, 0, 0, 0, 0, 0, 0, 0, 319, 0, 0, 0, 0, 0, 0, 0, 0, 0, 0, 0, 221], 'packedBins': {'min': 0, 'size': 0.078125, 'count': 64}, '_type': 'histogram'}",1513.917952422,,,,,5202.296485120006,,,,0.996696034438763,1.4807331961579622,,,,6553600.0,,,1.166015625,0.9951019284068483,0.992024425543232,,,"{'packedBins': {'min': 0, 'size': 0.078125, 'count': 64}, '_type': 'histogram', 'values': [279, 0, 0, 0, 0, 0, 0, 0, 0, 0, 0, 0, 388, 0, 0, 0, 0, 0, 0, 0, 0, 0, 0, 0, 0, 298, 0, 0, 0, 0, 0, 0, 0, 0, 0, 0, 0, 0, 279, 0, 0, 0, 0, 0, 0, 0, 0, 0, 0, 0, 0, 422, 0, 0, 0, 0, 0, 0, 0, 0, 0, 0, 0, 382]}",,,1.265625,12.175337964296341,"{'values': [330, 0, 0, 0, 0, 0, 0, 0, 0, 0, 0, 0, 383, 0, 0, 0, 0, 0, 0, 0, 0, 0, 0, 0, 0, 241, 0, 0, 0, 0, 0, 0, 0, 0, 0, 0, 0, 0, 333, 0, 0, 0, 0, 0, 0, 0, 0, 0, 0, 0, 0, 434, 0, 0, 0, 0, 0, 0, 0, 0, 0, 0, 0, 327], 'packedBins': {'count': 64, 'min': 0, 'size': 0.078125}, '_type': 'histogram'}",1.271484375,0.9824346402665992
,"{'_type': 'histogram', 'values': [400, 0, 0, 0, 0, 0, 0, 0, 0, 0, 0, 0, 241, 0, 0, 0, 0, 0, 0, 0, 0, 0, 0, 0, 0, 435, 0, 0, 0, 0, 0, 0, 0, 0, 0, 0, 0, 0, 263, 0, 0, 0, 0, 0, 0, 0, 0, 0, 0, 0, 0, 290, 0, 0, 0, 0, 0, 0, 0, 0, 0, 0, 0, 419], 'packedBins': {'size': 0.078125, 'count': 64, 'min': 0}}",0.5971021056175232,0.9954515539159348,120,1.271484375,4.200312863104045,,,0.9849814175952997,1.1337890625,1.265625,1.23046875,0.9806142590003547,,"{'packedBins': {'count': 64, 'min': 0, 'size': 0.078125}, '_type': 'histogram', 'values': [369, 0, 0, 0, 0, 0, 0, 0, 0, 0, 0, 0, 303, 0, 0, 0, 0, 0, 0, 0, 0, 0, 0, 0, 0, 378, 0, 0, 0, 0, 0, 0, 0, 0, 0, 0, 0, 0, 318, 0, 0, 0, 0, 0, 0, 0, 0, 0, 0, 0, 0, 283, 0, 0, 0, 0, 0, 0, 0, 0, 0, 0, 0, 397]}",1.359375,"{'_type': 'histogram', 'values': [403, 0, 0, 0, 0, 0, 0, 0, 0, 0, 0, 0, 302, 0, 0, 0, 0, 0, 0, 0, 0, 0, 0, 0, 0, 367, 0, 0, 0, 0, 0, 0, 0, 0, 0, 0, 0, 0, 315, 0, 0, 0, 0, 0, 0, 0, 0, 0, 0, 0, 0, 378, 0, 0, 0, 0, 0, 0, 0, 0, 0, 0, 0, 283], 'packedBins': {'min': 0, 'size': 0.078125, 'count': 64}}",,0.9957337160061414,,"{'_type': 'histogram', 'values': [301, 0, 0, 0, 0, 0, 0, 0, 0, 0, 0, 0, 402, 0, 0, 0, 0, 0, 0, 0, 0, 0, 0, 0, 0, 338, 0, 0, 0, 0, 0, 0, 0, 0, 0, 0, 0, 0, 324, 0, 0, 0, 0, 0, 0, 0, 0, 0, 0, 0, 0, 377, 0, 0, 0, 0, 0, 0, 0, 0, 0, 0, 0, 306], 'packedBins': {'count': 64, 'min': 0, 'size': 0.078125}}",1784893226.8487968,,,0.9954206830812599,,,,1.0869140625,"{'_type': 'histogram', 'values': [357, 0, 0, 0, 0, 0, 0, 0, 0, 0, 0, 0, 464, 0, 0, 0, 0, 0, 0, 0, 0, 0, 0, 0, 0, 414, 0, 0, 0, 0, 0, 0, 0, 0, 0, 0, 0, 0, 189, 0, 0, 0, 0, 0, 0, 0, 0, 0, 0, 0, 0, 299, 0, 0, 0, 0, 0, 0, 0, 0, 0, 0, 0, 325], 'packedBins': {'size': 0.078125, 'count': 64, 'min': 0}}",,11406.409728,,,0.9961217969946288,,1.2744140625,,,0.9907295803181433,"{'_type': 'histogram', 'values': [322, 0, 0, 0, 0, 0, 0, 0, 0, 0, 0, 0, 251, 0, 0, 0, 0, 0, 0, 0, 0, 0, 0, 0, 0, 332, 0, 0, 0, 0, 0, 0, 0, 0, 0, 0, 0, 0, 432, 0, 0, 0, 0, 0, 0, 0, 0, 0, 0, 0, 0, 376, 0, 0, 0, 0, 0, 0, 0, 0, 0, 0, 0, 335], 'packedBins': {'min': 0, 'size': 0.078125, 'count': 64}}",,,,,1.1806640625,"{'_type': 'histogram', 'values': [348, 0, 0, 0, 0, 0, 0, 0, 0, 0, 0, 0, 349, 0, 0, 0, 0, 0, 0, 0, 0, 0, 0, 0, 0, 387, 0, 0, 0, 0, 0, 0, 0, 0, 0, 0, 0, 0, 386, 0, 0, 0, 0, 0, 0, 0, 0, 0, 0, 0, 0, 263, 0, 0, 0, 0, 0, 0, 0, 0, 0, 0, 0, 315], 'packedBins': {'min': 0, 'size': 0.078125, 'count': 64}}",,"{'_type': 'histogram', 'values': [292, 0, 0, 0, 0, 0, 0, 0, 0, 0, 0, 0, 354, 0, 0, 0, 0, 0, 0, 0, 0, 0, 0, 0, 0, 310, 0, 0, 0, 0, 0, 0, 0, 0, 0, 0, 0, 0, 327, 0, 0, 0, 0, 0, 0, 0, 0, 0, 0, 0, 0, 345, 0, 0, 0, 0, 0, 0, 0, 0, 0, 0, 0, 420], 'packedBins': {'min': 0, 'size': 0.078125, 'count': 64}}",,,7805.475328,1.2451171875,"{'_type': 'histogram', 'values': [368, 0, 0, 0, 0, 0, 0, 0, 0, 0, 0, 0, 344, 0, 0, 0, 0, 0, 0, 0, 0, 0, 0, 0, 0, 296, 0, 0, 0, 0, 0, 0, 0, 0, 0, 0, 0, 0, 371, 0, 0, 0, 0, 0, 0, 0, 0, 0, 0, 0, 0, 320, 0, 0, 0, 0, 0, 0, 0, 0, 0, 0, 0, 349], 'packedBins': {'size': 0.078125, 'count': 64, 'min': 0}}",66.7071979975322,0.9932758919230448,0.0001998083867939821,"{'values': [403, 0, 0, 0, 0, 0, 0, 0, 0, 0, 0, 0, 271, 0, 0, 0, 0, 0, 0, 0, 0, 0, 0, 0, 0, 284, 0, 0, 0, 0, 0, 0, 0, 0, 0, 0, 0, 0, 363, 0, 0, 0, 0, 0, 0, 0, 0, 0, 0, 0, 0, 293, 0, 0, 0, 0, 0, 0, 0, 0, 0, 0, 0, 434], 'packedBins': {'count': 64, 'min': 0, 'size': 0.078125}, '_type': 'histogram'}",1764.320270616,,,,,5220.492714454276,,,,0.9968002235057905,1.1445213953033089,,,,7864320.0,,,1.177734375,0.9983106323178325,0.9937912485725945,,,"{'values': [353, 0, 0, 0, 0, 0, 0, 0, 0, 0, 0, 0, 297, 0, 0, 0, 0, 0, 0, 0, 0, 0, 0, 0, 0, 267, 0, 0, 0, 0, 0, 0, 0, 0, 0, 0, 0, 0, 335, 0, 0, 0, 0, 0, 0, 0, 0, 0, 0, 0, 0, 425, 0, 0, 0, 0, 0, 0, 0, 0, 0, 0, 0, 371], 'packedBins': {'size': 0.078125, 'count': 64, 'min': 0}, '_type': 'histogram'}",,,1.1630859375,12.167145602405071,"{'_type': 'histogram', 'values': [295, 0, 0, 0, 0, 0, 0, 0, 0, 0, 0, 0, 356, 0, 0, 0, 0, 0, 0, 0, 0, 0, 0, 0, 0, 364, 0, 0, 0, 0, 0, 0, 0, 0, 0, 0, 0, 0, 381, 0, 0, 0, 0, 0, 0, 0, 0, 0, 0, 0, 0, 251, 0, 0, 0, 0, 0, 0, 0, 0, 0, 0, 0, 401], 'packedBins': {'min': 0, 'size': 0.078125, 'count': 64}}",1.1748046875,0.9927178217479321
,"{'values': [342, 0, 0, 0, 0, 0, 0, 0, 0, 0, 0, 0, 256, 0, 0, 0, 0, 0, 0, 0, 0, 0, 0, 0, 0, 338, 0, 0, 0, 0, 0, 0, 0, 0, 0, 0, 0, 0, 307, 0, 0, 0, 0, 0, 0, 0, 0, 0, 0, 0, 0, 407, 0, 0, 0, 0, 0, 0, 0, 0, 0, 0, 0, 398], 'packedBins': {'size': 0.078125, 'count': 64, 'min': 0}, '_type': 'histogram'}",0.5476476550102234,0.9924794376948289,140,1.34765625,4.019828588888049,,,0.9934866652080659,1.2861328125,1.400390625,1.400390625,0.9854712259678772,,"{'values': [361, 0, 0, 0, 0, 0, 0, 0, 0, 0, 0, 0, 414, 0, 0, 0, 0, 0, 0, 0, 0, 0, 0, 0, 0, 194, 0, 0, 0, 0, 0, 0, 0, 0, 0, 0, 0, 0, 372, 0, 0, 0, 0, 0, 0, 0, 0, 0, 0, 0, 0, 362, 0, 0, 0, 0, 0, 0, 0, 0, 0, 0, 0, 345], 'packedBins': {'count': 64, 'min': 0, 'size': 0.078125}, '_type': 'histogram'}",1.3388671875,"{'_type': 'histogram', 'values': [397, 0, 0, 0, 0, 0, 0, 0, 0, 0, 0, 0, 345, 0, 0, 0, 0, 0, 0, 0, 0, 0, 0, 0, 0, 310, 0, 0, 0, 0, 0, 0, 0, 0, 0, 0, 0, 0, 215, 0, 0, 0, 0, 0, 0, 0, 0, 0, 0, 0, 0, 425, 0, 0, 0, 0, 0, 0, 0, 0, 0, 0, 0, 356], 'packedBins': {'min': 0, 'size': 0.078125, 'count': 64}}",,0.9870587453346349,,"{'_type': 'histogram', 'values': [370, 0, 0, 0, 0, 0, 0, 0, 0, 0, 0, 0, 325, 0, 0, 0, 0, 0, 0, 0, 0, 0, 0, 0, 0, 330, 0, 0, 0, 0, 0, 0, 0, 0, 0, 0, 0, 0, 353, 0, 0, 0, 0, 0, 0, 0, 0, 0, 0, 0, 0, 250, 0, 0, 0, 0, 0, 0, 0, 0, 0, 0, 0, 420], 'packedBins': {'min': 0, 'size': 0.078125, 'count': 64}}",1784893477.251486,,,0.9883943746581194,,,,1.1337890625,"{'values': [447, 0, 0, 0, 0, 0, 0, 0, 0, 0, 0, 0, 457, 0, 0, 0, 0, 0, 0, 0, 0, 0, 0, 0, 0, 291, 0, 0, 0, 0, 0, 0, 0, 0, 0, 0, 0, 0, 304, 0, 0, 0, 0, 0, 0, 0, 0, 0, 0, 0, 0, 261, 0, 0, 0, 0, 0, 0, 0, 0, 0, 0, 0, 288], 'packedBins': {'min': 0, 'size': 0.078125, 'count': 64}, '_type': 'histogram'}",,11408.50688,,,0.9740995149044008,,1.1923828125,,,0.9739355135951909,"{'_type': 'histogram', 'values': [274, 0, 0, 0, 0, 0, 0, 0, 0, 0, 0, 0, 324, 0, 0, 0, 0, 0, 0, 0, 0, 0, 0, 0, 0, 351, 0, 0, 0, 0, 0, 0, 0, 0, 0, 0, 0, 0, 337, 0, 0, 0, 0, 0, 0, 0, 0, 0, 0, 0, 0, 284, 0, 0, 0, 0, 0, 0, 0, 0, 0, 0, 0, 478], 'packedBins': {'size': 0.078125, 'count': 64, 'min': 0}}",,,,,1.2451171875,"{'_type': 'histogram', 'values': [368, 0, 0, 0, 0, 0, 0, 0, 0, 0, 0, 0, 348, 0, 0, 0, 0, 0, 0, 0, 0, 0, 0, 0, 0, 270, 0, 0, 0, 0, 0, 0, 0, 0, 0, 0, 0, 0, 281, 0, 0, 0, 0, 0, 0, 0, 0, 0, 0, 0, 0, 439, 0, 0, 0, 0, 0, 0, 0, 0, 0, 0, 0, 342], 'packedBins': {'min': 0, 'size': 0.078125, 'count': 64}}",,"{'_type': 'histogram', 'values': [478, 0, 0, 0, 0, 0, 0, 0, 0, 0, 0, 0, 174, 0, 0, 0, 0, 0, 0, 0, 0, 0, 0, 0, 0, 440, 0, 0, 0, 0, 0, 0, 0, 0, 0, 0, 0, 0, 318, 0, 0, 0, 0, 0, 0, 0, 0, 0, 0, 0, 0, 278, 0, 0, 0, 0, 0, 0, 0, 0, 0, 0, 0, 360], 'packedBins': {'min': 0, 'size': 0.078125, 'count': 64}}",,,7805.475328,1.3212890625,"{'_type': 'histogram', 'values': [347, 0, 0, 0, 0, 0, 0, 0, 0, 0, 0, 0, 387, 0, 0, 0, 0, 0, 0, 0, 0, 0, 0, 0, 0, 308, 0, 0, 0, 0, 0, 0, 0, 0, 0, 0, 0, 0, 367, 0, 0, 0, 0, 0, 0, 0, 0, 0, 0, 0, 0, 292, 0, 0, 0, 0, 0, 0, 0, 0, 0, 0, 0, 347], 'packedBins': {'min': 0, 'size': 0.078125, 'count': 64}}",55.69155885656071,0.9927777670540571,0.00019965655803891506,"{'_type': 'histogram', 'values': [447, 0, 0, 0, 0, 0, 0, 0, 0, 0, 0, 0, 460, 0, 0, 0, 0, 0, 0, 0, 0, 0, 0, 0, 0, 270, 0, 0, 0, 0, 0, 0, 0, 0, 0, 0, 0, 0, 414, 0, 0, 0, 0, 0, 0, 0, 0, 0, 0, 0, 0, 196, 0, 0, 0, 0, 0, 0, 0, 0, 0, 0, 0, 261], 'packedBins': {'min': 0, 'size': 0.078125, 'count': 64}}",2015.030078401,,,,,5237.187637098429,,,,0.9934925200215388,1.070863596070558,,,,9175040.0,,,1.23046875,0.9974393961538958,0.9913221140543801,,,"{'values': [316, 0, 0, 0, 0, 0, 0, 0, 0, 0, 0, 0, 339, 0, 0, 0, 0, 0, 0, 0, 0, 0, 0, 0, 0, 308, 0, 0, 0, 0, 0, 0, 0, 0, 0, 0, 0, 0, 377, 0, 0, 0, 0, 0, 0, 0, 0, 0, 0, 0, 0, 451, 0, 0, 0, 0, 0, 0, 0, 0, 0, 0, 0, 257], 'packedBins': {'min': 0, 'size': 0.078125, 'count': 64}, '_type': 'histogram'}",,,1.212890625,12.151986107230186,"{'values': [386, 0, 0, 0, 0, 0, 0, 0, 0, 0, 0, 0, 405, 0, 0, 0, 0, 0, 0, 0, 0, 0, 0, 0, 0, 326, 0, 0, 0, 0, 0, 0, 0, 0, 0, 0, 0, 0, 370, 0, 0, 0, 0, 0, 0, 0, 0, 0, 0, 0, 0, 318, 0, 0, 0, 0, 0, 0, 0, 0, 0, 0, 0, 243], 'packedBins': {'min': 0, 'size': 0.078125, 'count': 64}, '_type': 'histogram'}",1.1865234375,0.9898765739143379
,"{'_type': 'histogram', 'values': [401, 0, 0, 0, 0, 0, 0, 0, 0, 0, 0, 0, 286, 0, 0, 0, 0, 0, 0, 0, 0, 0, 0, 0, 0, 313, 0, 0, 0, 0, 0, 0, 0, 0, 0, 0, 0, 0, 403, 0, 0, 0, 0, 0, 0, 0, 0, 0, 0, 0, 0, 314, 0, 0, 0, 0, 0, 0, 0, 0, 0, 0, 0, 331], 'packedBins': {'size': 0.078125, 'count': 64, 'min': 0}}",0.5730394721031189,0.9920648104498001,160,1.2978515625,3.92271407879889,,,0.9952475003600131,1.166015625,1.1806640625,1.2158203125,0.9874993200484637,,"{'values': [341, 0, 0, 0, 0, 0, 0, 0, 0, 0, 0, 0, 321, 0, 0, 0, 0, 0, 0, 0, 0, 0, 0, 0, 0, 308, 0, 0, 0, 0, 0, 0, 0, 0, 0, 0, 0, 0, 336, 0, 0, 0, 0, 0, 0, 0, 0, 0, 0, 0, 0, 331, 0, 0, 0, 0, 0, 0, 0, 0, 0, 0, 0, 411], 'packedBins': {'count': 64, 'min': 0, 'size': 0.078125}, '_type': 'histogram'}",1.3125,"{'_type': 'histogram', 'values': [337, 0, 0, 0, 0, 0, 0, 0, 0, 0, 0, 0, 363, 0, 0, 0, 0, 0, 0, 0, 0, 0, 0, 0, 0, 395, 0, 0, 0, 0, 0, 0, 0, 0, 0, 0, 0, 0, 351, 0, 0, 0, 0, 0, 0, 0, 0, 0, 0, 0, 0, 249, 0, 0, 0, 0, 0, 0, 0, 0, 0, 0, 0, 353], 'packedBins': {'count': 64, 'min': 0, 'size': 0.078125}}",,0.9975006720994465,,"{'_type': 'histogram', 'values': [420, 0, 0, 0, 0, 0, 0, 0, 0, 0, 0, 0, 336, 0, 0, 0, 0, 0, 0, 0, 0, 0, 0, 0, 0, 355, 0, 0, 0, 0, 0, 0, 0, 0, 0, 0, 0, 0, 402, 0, 0, 0, 0, 0, 0, 0, 0, 0, 0, 0, 0, 257, 0, 0, 0, 0, 0, 0, 0, 0, 0, 0, 0, 278], 'packedBins': {'size': 0.078125, 'count': 64, 'min': 0}}",1784893727.9609773,,,0.9948645423333143,,,,1.1923828125,"{'_type': 'histogram', 'values': [353, 0, 0, 0, 0, 0, 0, 0, 0, 0, 0, 0, 448, 0, 0, 0, 0, 0, 0, 0, 0, 0, 0, 0, 0, 273, 0, 0, 0, 0, 0, 0, 0, 0, 0, 0, 0, 0, 247, 0, 0, 0, 0, 0, 0, 0, 0, 0, 0, 0, 0, 312, 0, 0, 0, 0, 0, 0, 0, 0, 0, 0, 0, 415], 'packedBins': {'min': 0, 'size': 0.078125, 'count': 64}}",,11408.50688,,,0.9958515441272816,,1.1806640625,,,0.9889629568846946,"{'_type': 'histogram', 'values': [283, 0, 0, 0, 0, 0, 0, 0, 0, 0, 0, 0, 370, 0, 0, 0, 0, 0, 0, 0, 0, 0, 0, 0, 0, 307, 0, 0, 0, 0, 0, 0, 0, 0, 0, 0, 0, 0, 291, 0, 0, 0, 0, 0, 0, 0, 0, 0, 0, 0, 0, 403, 0, 0, 0, 0, 0, 0, 0, 0, 0, 0, 0, 394], 'packedBins': {'min': 0, 'size': 0.078125, 'count': 64}}",,,,,1.1572265625,"{'_type': 'histogram', 'values': [398, 0, 0, 0, 0, 0, 0, 0, 0, 0, 0, 0, 332, 0, 0, 0, 0, 0, 0, 0, 0, 0, 0, 0, 0, 333, 0, 0, 0, 0, 0, 0, 0, 0, 0, 0, 0, 0, 393, 0, 0, 0, 0, 0, 0, 0, 0, 0, 0, 0, 0, 361, 0, 0, 0, 0, 0, 0, 0, 0, 0, 0, 0, 231], 'packedBins': {'min': 0, 'size': 0.078125, 'count': 64}}",,"{'_type': 'histogram', 'values': [311, 0, 0, 0, 0, 0, 0, 0, 0, 0, 0, 0, 340, 0, 0, 0, 0, 0, 0, 0, 0, 0, 0, 0, 0, 303, 0, 0, 0, 0, 0, 0, 0, 0, 0, 0, 0, 0, 302, 0, 0, 0, 0, 0, 0, 0, 0, 0, 0, 0, 0, 415, 0, 0, 0, 0, 0, 0, 0, 0, 0, 0, 0, 377], 'packedBins': {'min': 0, 'size': 0.078125, 'count': 64}}",,,7805.475328,1.1806640625,"{'packedBins': {'min': 0, 'size': 0.078125, 'count': 64}, '_type': 'histogram', 'values': [349, 0, 0, 0, 0, 0, 0, 0, 0, 0, 0, 0, 407, 0, 0, 0, 0, 0, 0, 0, 0, 0, 0, 0, 0, 208, 0, 0, 0, 0, 0, 0, 0, 0, 0, 0, 0, 0, 373, 0, 0, 0, 0, 0, 0, 0, 0, 0, 0, 0, 0, 359, 0, 0, 0, 0, 0, 0, 0, 0, 0, 0, 0, 352]}",50.537421355220935,0.9948215626798662,0.00019946084718370203,"{'values': [320, 0, 0, 0, 0, 0, 0, 0, 0, 0, 0, 0, 287, 0, 0, 0, 0, 0, 0, 0, 0, 0, 0, 0, 0, 407, 0, 0, 0, 0, 0, 0, 0, 0, 0, 0, 0, 0, 443, 0, 0, 0, 0, 0, 0, 0, 0, 0, 0, 0, 0, 347, 0, 0, 0, 0, 0, 0, 0, 0, 0, 0, 0, 244], 'packedBins': {'size': 0.078125, 'count': 64, 'min': 0}, '_type': 'histogram'}",2265.582395428,,,,,5230.776994014328,,,,0.9914084725531039,1.0164996729232372,,,,10485760.0,,,1.23046875,0.9895413858430195,0.9953383830327842,,,"{'values': [310, 0, 0, 0, 0, 0, 0, 0, 0, 0, 0, 0, 403, 0, 0, 0, 0, 0, 0, 0, 0, 0, 0, 0, 0, 402, 0, 0, 0, 0, 0, 0, 0, 0, 0, 0, 0, 0, 297, 0, 0, 0, 0, 0, 0, 0, 0, 0, 0, 0, 0, 332, 0, 0, 0, 0, 0, 0, 0, 0, 0, 0, 0, 304], 'packedBins': {'min': 0, 'size': 0.078125, 'count': 64}, '_type': 'histogram'}",,,1.2041015625,12.130867891013622,"{'packedBins': {'min': 0, 'size': 0.078125, 'count': 64}, '_type': 'histogram', 'values': [362, 0, 0, 0, 0, 0, 0, 0, 0, 0, 0, 0, 348, 0, 0, 0, 0, 0, 0, 0, 0, 0, 0, 0, 0, 313, 0, 0, 0, 0, 0, 0, 0, 0, 0, 0, 0, 0, 406, 0, 0, 0, 0, 0, 0, 0, 0, 0, 0, 0, 0, 360, 0, 0, 0, 0, 0, 0, 0, 0, 0, 0, 0, 259]}",1.189453125,0.9941970270654429
,"{'_type': 'histogram', 'values': [361, 0, 0, 0, 0, 0, 0, 0, 0, 0, 0, 0, 307, 0, 0, 0, 0, 0, 0, 0, 0, 0, 0, 0, 0, 254, 0, 0, 0, 0, 0, 0, 0, 0, 0, 0, 0, 0, 423, 0, 0, 0, 0, 0, 0, 0, 0, 0, 0, 0, 0, 311, 0, 0, 0, 0, 0, 0, 0, 0, 0, 0, 0, 392], 'packedBins': {'min': 0, 'size': 0.078125, 'count': 64}}",0.5257553458213806,0.9817022563267279,180,1.1748046875,3.872239106707275,,,0.9921890921721547,1.505859375,1.1220703125,1.224609375,0.9938925102328856,,"{'packedBins': {'size': 0.078125, 'count': 64, 'min': 0}, '_type': 'histogram', 'values': [453, 0, 0, 0, 0, 0, 0, 0, 0, 0, 0, 0, 288, 0, 0, 0, 0, 0, 0, 0, 0, 0, 0, 0, 0, 360, 0, 0, 0, 0, 0, 0, 0, 0, 0, 0, 0, 0, 333, 0, 0, 0, 0, 0, 0, 0, 0, 0, 0, 0, 0, 279, 0, 0, 0, 0, 0, 0, 0, 0, 0, 0, 0, 335]}",1.1806640625,"{'_type': 'histogram', 'values': [366, 0, 0, 0, 0, 0, 0, 0, 0, 0, 0, 0, 279, 0, 0, 0, 0, 0, 0, 0, 0, 0, 0, 0, 0, 360, 0, 0, 0, 0, 0, 0, 0, 0, 0, 0, 0, 0, 291, 0, 0, 0, 0, 0, 0, 0, 0, 0, 0, 0, 0, 321, 0, 0, 0, 0, 0, 0, 0, 0, 0, 0, 0, 431], 'packedBins': {'min': 0, 'size': 0.078125, 'count': 64}}",,0.9924550869933398,,"{'_type': 'histogram', 'values': [410, 0, 0, 0, 0, 0, 0, 0, 0, 0, 0, 0, 311, 0, 0, 0, 0, 0, 0, 0, 0, 0, 0, 0, 0, 312, 0, 0, 0, 0, 0, 0, 0, 0, 0, 0, 0, 0, 399, 0, 0, 0, 0, 0, 0, 0, 0, 0, 0, 0, 0, 293, 0, 0, 0, 0, 0, 0, 0, 0, 0, 0, 0, 323], 'packedBins': {'size': 0.078125, 'count': 64, 'min': 0}}",1784893978.513494,,,0.9937771437946827,,,,1.1513671875,"{'_type': 'histogram', 'values': [245, 0, 0, 0, 0, 0, 0, 0, 0, 0, 0, 0, 403, 0, 0, 0, 0, 0, 0, 0, 0, 0, 0, 0, 0, 345, 0, 0, 0, 0, 0, 0, 0, 0, 0, 0, 0, 0, 338, 0, 0, 0, 0, 0, 0, 0, 0, 0, 0, 0, 0, 379, 0, 0, 0, 0, 0, 0, 0, 0, 0, 0, 0, 338], 'packedBins': {'min': 0, 'size': 0.078125, 'count': 64}}",,11412.701184,,,0.994450979599826,,1.2392578125,,,0.9966434741814503,"{'_type': 'histogram', 'values': [383, 0, 0, 0, 0, 0, 0, 0, 0, 0, 0, 0, 369, 0, 0, 0, 0, 0, 0, 0, 0, 0, 0, 0, 0, 377, 0, 0, 0, 0, 0, 0, 0, 0, 0, 0, 0, 0, 330, 0, 0, 0, 0, 0, 0, 0, 0, 0, 0, 0, 0, 277, 0, 0, 0, 0, 0, 0, 0, 0, 0, 0, 0, 312], 'packedBins': {'count': 64, 'min': 0, 'size': 0.078125}}",,,,,1.2626953125,"{'_type': 'histogram', 'values': [303, 0, 0, 0, 0, 0, 0, 0, 0, 0, 0, 0, 256, 0, 0, 0, 0, 0, 0, 0, 0, 0, 0, 0, 0, 395, 0, 0, 0, 0, 0, 0, 0, 0, 0, 0, 0, 0, 321, 0, 0, 0, 0, 0, 0, 0, 0, 0, 0, 0, 0, 514, 0, 0, 0, 0, 0, 0, 0, 0, 0, 0, 0, 259], 'packedBins': {'min': 0, 'size': 0.078125, 'count': 64}}",,"{'packedBins': {'min': 0, 'size': 0.078125, 'count': 64}, '_type': 'histogram', 'values': [370, 0, 0, 0, 0, 0, 0, 0, 0, 0, 0, 0, 359, 0, 0, 0, 0, 0, 0, 0, 0, 0, 0, 0, 0, 268, 0, 0, 0, 0, 0, 0, 0, 0, 0, 0, 0, 0, 327, 0, 0, 0, 0, 0, 0, 0, 0, 0, 0, 0, 0, 306, 0, 0, 0, 0, 0, 0, 0, 0, 0, 0, 0, 418]}",,,7805.475328,1.2685546875,"{'_type': 'histogram', 'values': [358, 0, 0, 0, 0, 0, 0, 0, 0, 0, 0, 0, 331, 0, 0, 0, 0, 0, 0, 0, 0, 0, 0, 0, 0, 393, 0, 0, 0, 0, 0, 0, 0, 0, 0, 0, 0, 0, 247, 0, 0, 0, 0, 0, 0, 0, 0, 0, 0, 0, 0, 338, 0, 0, 0, 0, 0, 0, 0, 0, 0, 0, 0, 381], 'packedBins': {'min': 0, 'size': 0.078125, 'count': 64}}",48.04985447075166,0.9988413578527483,0.00019922135001836149,"{'values': [322, 0, 0, 0, 0, 0, 0, 0, 0, 0, 0, 0, 401, 0, 0, 0, 0, 0, 0, 0, 0, 0, 0, 0, 0, 360, 0, 0, 0, 0, 0, 0, 0, 0, 0, 0, 0, 0, 305, 0, 0, 0, 0, 0, 0, 0, 0, 0, 0, 0, 0, 294, 0, 0, 0, 0, 0, 0, 0, 0, 0, 0, 0, 366], 'packedBins': {'min': 0, 'size': 0.078125, 'count': 64}, '_type': 'histogram'}",2516.196599916,,,,,5234.019828536676,,,,0.9951250815328544,0.9883685801178217,,,,11796480.0,,,1.201171875,0.9942886415898982,0.9944998805987182,,,"{'values': [321, 0, 0, 0, 0, 0, 0, 0, 0, 0, 0, 0, 299, 0, 0, 0, 0, 0, 0, 0, 0, 0, 0, 0, 0, 379, 0, 0, 0, 0, 0, 0, 0, 0, 0, 0, 0, 0, 302, 0, 0, 0, 0, 0, 0, 0, 0, 0, 0, 0, 0, 314, 0, 0, 0, 0, 0, 0, 0, 0, 0, 0, 0, 433], 'packedBins': {'min': 0, 'size': 0.078125, 'count': 64}, '_type': 'histogram'}",,,1.3271484375,12.126394905149937,"{'values': [306, 0, 0, 0, 0, 0, 0, 0, 0, 0, 0, 0, 318, 0, 0, 0, 0, 0, 0, 0, 0, 0, 0, 0, 0, 353, 0, 0, 0, 0, 0, 0, 0, 0, 0, 0, 0, 0, 367, 0, 0, 0, 0, 0, 0, 0, 0, 0, 0, 0, 0, 347, 0, 0, 0, 0, 0, 0, 0, 0, 0, 0, 0, 357], 'packedBins': {'min': 0, 'size': 0.078125, 'count': 64}, '_type': 'histogram'}",1.0751953125,0.9963722898665052
,"{'_type': 'histogram', 'values': [273, 0, 0, 0, 0, 0, 0, 0, 0, 0, 0, 0, 336, 0, 0, 0, 0, 0, 0, 0, 0, 0, 0, 0, 0, 295, 0, 0, 0, 0, 0, 0, 0, 0, 0, 0, 0, 0, 407, 0, 0, 0, 0, 0, 0, 0, 0, 0, 0, 0, 0, 344, 0, 0, 0, 0, 0, 0, 0, 0, 0, 0, 0, 393], 'packedBins': {'min': 0, 'size': 0.078125, 'count': 64}}",0.5153241157531738,0.9930053063958413,200,1.259765625,3.783928580768406,,,0.9944485179168886,1.212890625,1.1953125,1.2509765625,0.9962947801199618,,"{'values': [327, 0, 0, 0, 0, 0, 0, 0, 0, 0, 0, 0, 348, 0, 0, 0, 0, 0, 0, 0, 0, 0, 0, 0, 0, 423, 0, 0, 0, 0, 0, 0, 0, 0, 0, 0, 0, 0, 242, 0, 0, 0, 0, 0, 0, 0, 0, 0, 0, 0, 0, 340, 0, 0, 0, 0, 0, 0, 0, 0, 0, 0, 0, 368], 'packedBins': {'min': 0, 'size': 0.078125, 'count': 64}, '_type': 'histogram'}",1.2392578125,"{'packedBins': {'min': 0, 'size': 0.078125, 'count': 64}, '_type': 'histogram', 'values': [423, 0, 0, 0, 0, 0, 0, 0, 0, 0, 0, 0, 305, 0, 0, 0, 0, 0, 0, 0, 0, 0, 0, 0, 0, 315, 0, 0, 0, 0, 0, 0, 0, 0, 0, 0, 0, 0, 295, 0, 0, 0, 0, 0, 0, 0, 0, 0, 0, 0, 0, 399, 0, 0, 0, 0, 0, 0, 0, 0, 0, 0, 0, 311]}",,0.9927608014013802,,"{'values': [335, 0, 0, 0, 0, 0, 0, 0, 0, 0, 0, 0, 389, 0, 0, 0, 0, 0, 0, 0, 0, 0, 0, 0, 0, 312, 0, 0, 0, 0, 0, 0, 0, 0, 0, 0, 0, 0, 320, 0, 0, 0, 0, 0, 0, 0, 0, 0, 0, 0, 0, 329, 0, 0, 0, 0, 0, 0, 0, 0, 0, 0, 0, 363], 'packedBins': {'min': 0, 'size': 0.078125, 'count': 64}, '_type': 'histogram'}",1784894229.1276052,,,0.9941609002050368,,,,1.1279296875,"{'values': [321, 0, 0, 0, 0, 0, 0, 0, 0, 0, 0, 0, 296, 0, 0, 0, 0, 0, 0, 0, 0, 0, 0, 0, 0, 351, 0, 0, 0, 0, 0, 0, 0, 0, 0, 0, 0, 0, 335, 0, 0, 0, 0, 0, 0, 0, 0, 0, 0, 0, 0, 423, 0, 0, 0, 0, 0, 0, 0, 0, 0, 0, 0, 322], 'packedBins': {'min': 0, 'size': 0.078125, 'count': 64}, '_type': 'histogram'}",,11412.701184,,,0.9936539265838686,,1.1923828125,,,0.9948497722356898,"{'_type': 'histogram', 'values': [408, 0, 0, 0, 0, 0, 0, 0, 0, 0, 0, 0, 341, 0, 0, 0, 0, 0, 0, 0, 0, 0, 0, 0, 0, 292, 0, 0, 0, 0, 0, 0, 0, 0, 0, 0, 0, 0, 333, 0, 0, 0, 0, 0, 0, 0, 0, 0, 0, 0, 0, 353, 0, 0, 0, 0, 0, 0, 0, 0, 0, 0, 0, 321], 'packedBins': {'count': 64, 'min': 0, 'size': 0.078125}}",,,,,1.2392578125,"{'_type': 'histogram', 'values': [371, 0, 0, 0, 0, 0, 0, 0, 0, 0, 0, 0, 280, 0, 0, 0, 0, 0, 0, 0, 0, 0, 0, 0, 0, 414, 0, 0, 0, 0, 0, 0, 0, 0, 0, 0, 0, 0, 393, 0, 0, 0, 0, 0, 0, 0, 0, 0, 0, 0, 0, 312, 0, 0, 0, 0, 0, 0, 0, 0, 0, 0, 0, 278], 'packedBins': {'count': 64, 'min': 0, 'size': 0.078125}}",,"{'packedBins': {'min': 0, 'size': 0.078125, 'count': 64}, '_type': 'histogram', 'values': [326, 0, 0, 0, 0, 0, 0, 0, 0, 0, 0, 0, 427, 0, 0, 0, 0, 0, 0, 0, 0, 0, 0, 0, 0, 351, 0, 0, 0, 0, 0, 0, 0, 0, 0, 0, 0, 0, 372, 0, 0, 0, 0, 0, 0, 0, 0, 0, 0, 0, 0, 310, 0, 0, 0, 0, 0, 0, 0, 0, 0, 0, 0, 262]}",,,7805.475328,1.177734375,"{'_type': 'histogram', 'values': [316, 0, 0, 0, 0, 0, 0, 0, 0, 0, 0, 0, 302, 0, 0, 0, 0, 0, 0, 0, 0, 0, 0, 0, 0, 385, 0, 0, 0, 0, 0, 0, 0, 0, 0, 0, 0, 0, 320, 0, 0, 0, 0, 0, 0, 0, 0, 0, 0, 0, 0, 368, 0, 0, 0, 0, 0, 0, 0, 0, 0, 0, 0, 357], 'packedBins': {'min': 0, 'size': 0.078125, 'count': 64}}",43.98851516054836,0.9950109792021059,0.00019893818376397378,"{'values': [322, 0, 0, 0, 0, 0, 0, 0, 0, 0, 0, 0, 354, 0, 0, 0, 0, 0, 0, 0, 0, 0, 0, 0, 0, 326, 0, 0, 0, 0, 0, 0, 0, 0, 0, 0, 0, 0, 274, 0, 0, 0, 0, 0, 0, 0, 0, 0, 0, 0, 0, 342, 0, 0, 0, 0, 0, 0, 0, 0, 0, 0, 0, 430], 'packedBins': {'count': 64, 'min': 0, 'size': 0.078125}, '_type': 'histogram'}",2766.841440021,,,,,5232.762292898382,,,,0.9983320556125852,0.9953688808716834,,,,13107200.0,,,1.1396484375,0.9978049228041186,0.9969017512939666,,,"{'values': [313, 0, 0, 0, 0, 0, 0, 0, 0, 0, 0, 0, 357, 0, 0, 0, 0, 0, 0, 0, 0, 0, 0, 0, 0, 402, 0, 0, 0, 0, 0, 0, 0, 0, 0, 0, 0, 0, 359, 0, 0, 0, 0, 0, 0, 0, 0, 0, 0, 0, 0, 326, 0, 0, 0, 0, 0, 0, 0, 0, 0, 0, 0, 291], 'packedBins': {'min': 0, 'size': 0.078125, 'count': 64}, '_type': 'histogram'}",,,1.2392578125,12.120813181996345,"{'packedBins': {'min': 0, 'size': 0.078125, 'count': 64}, '_type': 'histogram', 'values': [332, 0, 0, 0, 0, 0, 0, 0, 0, 0, 0, 0, 326, 0, 0, 0, 0, 0, 0, 0, 0, 0, 0, 0, 0, 269, 0, 0, 0, 0, 0, 0, 0, 0, 0, 0, 0, 0, 368, 0, 0, 0, 0, 0, 0, 0, 0, 0, 0, 0, 0, 420, 0, 0, 0, 0, 0, 0, 0, 0, 0, 0, 0, 333]}",1.23046875,0.997059032874077
,"{'_type': 'histogram', 'values': [423, 0, 0, 0, 0, 0, 0, 0, 0, 0, 0, 0, 234, 0, 0, 0, 0, 0, 0, 0, 0, 0, 0, 0, 0, 324, 0, 0, 0, 0, 0, 0, 0, 0, 0, 0, 0, 0, 307, 0, 0, 0, 0, 0, 0, 0, 0, 0, 0, 0, 0, 346, 0, 0, 0, 0, 0, 0, 0, 0, 0, 0, 0, 414], 'packedBins': {'size': 0.078125, 'count': 64, 'min': 0}}",0.5176869034767151,0.9948733910854949,220,1.1953125,3.744643304310739,,,0.9897624715835894,1.2333984375,1.2451171875,1.06640625,0.9930495501567437,,"{'values': [318, 0, 0, 0, 0, 0, 0, 0, 0, 0, 0, 0, 282, 0, 0, 0, 0, 0, 0, 0, 0, 0, 0, 0, 0, 317, 0, 0, 0, 0, 0, 0, 0, 0, 0, 0, 0, 0, 323, 0, 0, 0, 0, 0, 0, 0, 0, 0, 0, 0, 0, 477, 0, 0, 0, 0, 0, 0, 0, 0, 0, 0, 0, 331], 'packedBins': {'count': 64, 'min': 0, 'size': 0.078125}, '_type': 'histogram'}",1.3037109375,"{'_type': 'histogram', 'values': [442, 0, 0, 0, 0, 0, 0, 0, 0, 0, 0, 0, 393, 0, 0, 0, 0, 0, 0, 0, 0, 0, 0, 0, 0, 329, 0, 0, 0, 0, 0, 0, 0, 0, 0, 0, 0, 0, 301, 0, 0, 0, 0, 0, 0, 0, 0, 0, 0, 0, 0, 307, 0, 0, 0, 0, 0, 0, 0, 0, 0, 0, 0, 276], 'packedBins': {'min': 0, 'size': 0.078125, 'count': 64}}",,0.9913302309548765,,"{'_type': 'histogram', 'values': [434, 0, 0, 0, 0, 0, 0, 0, 0, 0, 0, 0, 377, 0, 0, 0, 0, 0, 0, 0, 0, 0, 0, 0, 0, 231, 0, 0, 0, 0, 0, 0, 0, 0, 0, 0, 0, 0, 288, 0, 0, 0, 0, 0, 0, 0, 0, 0, 0, 0, 0, 404, 0, 0, 0, 0, 0, 0, 0, 0, 0, 0, 0, 314], 'packedBins': {'min': 0, 'size': 0.078125, 'count': 64}}",1784894479.771875,,,0.9922371947873915,,,,1.27734375,"{'_type': 'histogram', 'values': [286, 0, 0, 0, 0, 0, 0, 0, 0, 0, 0, 0, 445, 0, 0, 0, 0, 0, 0, 0, 0, 0, 0, 0, 0, 345, 0, 0, 0, 0, 0, 0, 0, 0, 0, 0, 0, 0, 345, 0, 0, 0, 0, 0, 0, 0, 0, 0, 0, 0, 0, 278, 0, 0, 0, 0, 0, 0, 0, 0, 0, 0, 0, 349], 'packedBins': {'min': 0, 'size': 0.078125, 'count': 64}}",,11412.701184,,,0.9985263289687284,,1.2392578125,,,0.993575884581555,"{'_type': 'histogram', 'values': [425, 0, 0, 0, 0, 0, 0, 0, 0, 0, 0, 0, 340, 0, 0, 0, 0, 0, 0, 0, 0, 0, 0, 0, 0, 337, 0, 0, 0, 0, 0, 0, 0, 0, 0, 0, 0, 0, 357, 0, 0, 0, 0, 0, 0, 0, 0, 0, 0, 0, 0, 328, 0, 0, 0, 0, 0, 0, 0, 0, 0, 0, 0, 261], 'packedBins': {'size': 0.078125, 'count': 64, 'min': 0}}",,,,,1.294921875,"{'_type': 'histogram', 'values': [271, 0, 0, 0, 0, 0, 0, 0, 0, 0, 0, 0, 364, 0, 0, 0, 0, 0, 0, 0, 0, 0, 0, 0, 0, 421, 0, 0, 0, 0, 0, 0, 0, 0, 0, 0, 0, 0, 353, 0, 0, 0, 0, 0, 0, 0, 0, 0, 0, 0, 0, 319, 0, 0, 0, 0, 0, 0, 0, 0, 0, 0, 0, 320], 'packedBins': {'min': 0, 'size': 0.078125, 'count': 64}}",,"{'values': [330, 0, 0, 0, 0, 0, 0, 0, 0, 0, 0, 0, 352, 0, 0, 0, 0, 0, 0, 0, 0, 0, 0, 0, 0, 358, 0, 0, 0, 0, 0, 0, 0, 0, 0, 0, 0, 0, 292, 0, 0, 0, 0, 0, 0, 0, 0, 0, 0, 0, 0, 364, 0, 0, 0, 0, 0, 0, 0, 0, 0, 0, 0, 352], 'packedBins': {'size': 0.078125, 'count': 64, 'min': 0}, '_type': 'histogram'}",,,7805.475328,1.1806640625,"{'_type': 'histogram', 'values': [311, 0, 0, 0, 0, 0, 0, 0, 0, 0, 0, 0, 365, 0, 0, 0, 0, 0, 0, 0, 0, 0, 0, 0, 0, 306, 0, 0, 0, 0, 0, 0, 0, 0, 0, 0, 0, 0, 300, 0, 0, 0, 0, 0, 0, 0, 0, 0, 0, 0, 0, 330, 0, 0, 0, 0, 0, 0, 0, 0, 0, 0, 0, 436], 'packedBins': {'count': 64, 'min': 0, 'size': 0.078125}}",42.29391846955184,0.998963776679907,0.00019861148701530768,"{'values': [408, 0, 0, 0, 0, 0, 0, 0, 0, 0, 0, 0, 381, 0, 0, 0, 0, 0, 0, 0, 0, 0, 0, 0, 0, 280, 0, 0, 0, 0, 0, 0, 0, 0, 0, 0, 0, 0, 382, 0, 0, 0, 0, 0, 0, 0, 0, 0, 0, 0, 0, 278, 0, 0, 0, 0, 0, 0, 0, 0, 0, 0, 0, 319], 'packedBins': {'size': 0.078125, 'count': 64, 'min': 0}, '_type': 'histogram'}",3017.461935747,,,,,5232.106707999507,,,,0.987880282116024,0.9905503877438605,,,,14417920.0,,,1.271484375,0.9948369315652323,0.9976567561040738,,,"{'values': [307, 0, 0, 0, 0, 0, 0, 0, 0, 0, 0, 0, 326, 0, 0, 0, 0, 0, 0, 0, 0, 0, 0, 0, 0, 403, 0, 0, 0, 0, 0, 0, 0, 0, 0, 0, 0, 0, 350, 0, 0, 0, 0, 0, 0, 0, 0, 0, 0, 0, 0, 347, 0, 0, 0, 0, 0, 0, 0, 0, 0, 0, 0, 315], 'packedBins': {'min': 0, 'size': 0.078125, 'count': 64}, '_type': 'histogram'}",,,1.3974609375,12.126093181967736,"{'packedBins': {'min': 0, 'size': 0.078125, 'count': 64}, '_type': 'histogram', 'values': [315, 0, 0, 0, 0, 0, 0, 0, 0, 0, 0, 0, 317, 0, 0, 0, 0, 0, 0, 0, 0, 0, 0, 0, 0, 361, 0, 0, 0, 0, 0, 0, 0, 0, 0, 0, 0, 0, 359, 0, 0, 0, 0, 0, 0, 0, 0, 0, 0, 0, 0, 332, 0, 0, 0, 0, 0, 0, 0, 0, 0, 0, 0, 364]}",1.06640625,0.9944267619622794
,"{'_type': 'histogram', 'values': [323, 0, 0, 0, 0, 0, 0, 0, 0, 0, 0, 0, 324, 0, 0, 0, 0, 0, 0, 0, 0, 0, 0, 0, 0, 333, 0, 0, 0, 0, 0, 0, 0, 0, 0, 0, 0, 0, 381, 0, 0, 0, 0, 0, 0, 0, 0, 0, 0, 0, 0, 344, 0, 0, 0, 0, 0, 0, 0, 0, 0, 0, 0, 343], 'packedBins': {'min': 0, 'size': 0.078125, 'count': 64}}",0.4789033830165863,0.9988539323953206,240,1.359375,3.713489402644336,,,0.9991043587352257,1.1044921875,1.2041015625,1.2451171875,0.996854646658299,,"{'values': [392, 0, 0, 0, 0, 0, 0, 0, 0, 0, 0, 0, 331, 0, 0, 0, 0, 0, 0, 0, 0, 0, 0, 0, 0, 332, 0, 0, 0, 0, 0, 0, 0, 0, 0, 0, 0, 0, 322, 0, 0, 0, 0, 0, 0, 0, 0, 0, 0, 0, 0, 391, 0, 0, 0, 0, 0, 0, 0, 0, 0, 0, 0, 280], 'packedBins': {'min': 0, 'size': 0.078125, 'count': 64}, '_type': 'histogram'}",1.18359375,"{'_type': 'histogram', 'values': [409, 0, 0, 0, 0, 0, 0, 0, 0, 0, 0, 0, 300, 0, 0, 0, 0, 0, 0, 0, 0, 0, 0, 0, 0, 380, 0, 0, 0, 0, 0, 0, 0, 0, 0, 0, 0, 0, 299, 0, 0, 0, 0, 0, 0, 0, 0, 0, 0, 0, 0, 357, 0, 0, 0, 0, 0, 0, 0, 0, 0, 0, 0, 303], 'packedBins': {'min': 0, 'size': 0.078125, 'count': 64}}",,0.9962513347427147,,"{'_type': 'histogram', 'values': [337, 0, 0, 0, 0, 0, 0, 0, 0, 0, 0, 0, 406, 0, 0, 0, 0, 0, 0, 0, 0, 0, 0, 0, 0, 320, 0, 0, 0, 0, 0, 0, 0, 0, 0, 0, 0, 0, 346, 0, 0, 0, 0, 0, 0, 0, 0, 0, 0, 0, 0, 359, 0, 0, 0, 0, 0, 0, 0, 0, 0, 0, 0, 280], 'packedBins': {'size': 0.078125, 'count': 64, 'min': 0}}",1784894730.3929539,,,0.9955421039288495,,,,1.119140625,"{'packedBins': {'min': 0, 'size': 0.078125, 'count': 64}, '_type': 'histogram', 'values': [287, 0, 0, 0, 0, 0, 0, 0, 0, 0, 0, 0, 324, 0, 0, 0, 0, 0, 0, 0, 0, 0, 0, 0, 0, 404, 0, 0, 0, 0, 0, 0, 0, 0, 0, 0, 0, 0, 345, 0, 0, 0, 0, 0, 0, 0, 0, 0, 0, 0, 0, 363, 0, 0, 0, 0, 0, 0, 0, 0, 0, 0, 0, 325]}",,11416.895488,,,0.991516786602351,,1.1162109375,,,0.9916514473122255,"{'_type': 'histogram', 'values': [411, 0, 0, 0, 0, 0, 0, 0, 0, 0, 0, 0, 391, 0, 0, 0, 0, 0, 0, 0, 0, 0, 0, 0, 0, 337, 0, 0, 0, 0, 0, 0, 0, 0, 0, 0, 0, 0, 299, 0, 0, 0, 0, 0, 0, 0, 0, 0, 0, 0, 0, 372, 0, 0, 0, 0, 0, 0, 0, 0, 0, 0, 0, 238], 'packedBins': {'count': 64, 'min': 0, 'size': 0.078125}}",,,,,1.1982421875,"{'_type': 'histogram', 'values': [320, 0, 0, 0, 0, 0, 0, 0, 0, 0, 0, 0, 377, 0, 0, 0, 0, 0, 0, 0, 0, 0, 0, 0, 0, 317, 0, 0, 0, 0, 0, 0, 0, 0, 0, 0, 0, 0, 331, 0, 0, 0, 0, 0, 0, 0, 0, 0, 0, 0, 0, 363, 0, 0, 0, 0, 0, 0, 0, 0, 0, 0, 0, 340], 'packedBins': {'min': 0, 'size': 0.078125, 'count': 64}}",,"{'_type': 'histogram', 'values': [425, 0, 0, 0, 0, 0, 0, 0, 0, 0, 0, 0, 292, 0, 0, 0, 0, 0, 0, 0, 0, 0, 0, 0, 0, 336, 0, 0, 0, 0, 0, 0, 0, 0, 0, 0, 0, 0, 352, 0, 0, 0, 0, 0, 0, 0, 0, 0, 0, 0, 0, 249, 0, 0, 0, 0, 0, 0, 0, 0, 0, 0, 0, 394], 'packedBins': {'size': 0.078125, 'count': 64, 'min': 0}}",,,7805.475328,1.125,"{'_type': 'histogram', 'values': [308, 0, 0, 0, 0, 0, 0, 0, 0, 0, 0, 0, 361, 0, 0, 0, 0, 0, 0, 0, 0, 0, 0, 0, 0, 310, 0, 0, 0, 0, 0, 0, 0, 0, 0, 0, 0, 0, 382, 0, 0, 0, 0, 0, 0, 0, 0, 0, 0, 0, 0, 321, 0, 0, 0, 0, 0, 0, 0, 0, 0, 0, 0, 366], 'packedBins': {'min': 0, 'size': 0.078125, 'count': 64}}",40.99661091362091,0.9980381173634617,0.00019824141967298572,"{'values': [281, 0, 0, 0, 0, 0, 0, 0, 0, 0, 0, 0, 362, 0, 0, 0, 0, 0, 0, 0, 0, 0, 0, 0, 0, 332, 0, 0, 0, 0, 0, 0, 0, 0, 0, 0, 0, 0, 295, 0, 0, 0, 0, 0, 0, 0, 0, 0, 0, 0, 0, 314, 0, 0, 0, 0, 0, 0, 0, 0, 0, 0, 0, 464], 'packedBins': {'min': 0, 'size': 0.078125, 'count': 64}, '_type': 'histogram'}",3151.273766044,,,,,5232.636079501323,,,,0.9965021602744475,0.9689518686849624,,,,15728640.0,,,1.189453125,0.9979441742200117,0.9983608639561503,,,"{'values': [344, 0, 0, 0, 0, 0, 0, 0, 0, 0, 0, 0, 304, 0, 0, 0, 0, 0, 0, 0, 0, 0, 0, 0, 0, 384, 0, 0, 0, 0, 0, 0, 0, 0, 0, 0, 0, 0, 354, 0, 0, 0, 0, 0, 0, 0, 0, 0, 0, 0, 0, 315, 0, 0, 0, 0, 0, 0, 0, 0, 0, 0, 0, 347], 'packedBins': {'min': 0, 'size': 0.078125, 'count': 64}, '_type': 'histogram'}",,,1.1484375,12.1150545835495,"{'packedBins': {'min': 0, 'size': 0.078125, 'count': 64}, '_type': 'histogram', 'values': [328, 0, 0, 0, 0, 0, 0, 0, 0, 0, 0, 0, 319, 0, 0, 0, 0, 0, 0, 0, 0, 0, 0, 0, 0, 393, 0, 0, 0, 0, 0, 0, 0, 0, 0, 0, 0, 0, 336, 0, 0, 0, 0, 0, 0, 0, 0, 0, 0, 0, 0, 308, 0, 0, 0, 0, 0, 0, 0, 0, 0, 0, 0, 364]}",1.1513671875,0.9913504566741461
"{'packedBins': {'min': 0, 'size': 0.078125, 'count': 64}, '_type': 'histogram', 'values': [13065, 0, 0, 0, 0, 0, 0, 0, 0, 0, 0, 0, 15567, 0, 0, 0, 0, 0, 0, 0, 0, 0, 0, 0, 0, 17256, 0, 0, 0, 0, 0, 0, 0, 0, 0, 0, 0, 0, 15222, 0, 0, 0, 0, 0, 0, 0, 0, 0, 0, 0, 0, 19554, 0, 0, 0, 0, 0, 0, 0, 0, 0, 0, 0, 21736]}",,,,250,,,0.9864809151640515,1.2735936641693115,,,,,,1.1581053733825684,,,,"{'packedBins': {'size': 0.078125, 'count': 64, 'min': 0}, '_type': 'histogram', 'values': [18346, 0, 0, 0, 0, 0, 0, 0, 0, 0, 0, 0, 12975, 0, 0, 0, 0, 0, 0, 0, 0, 0, 0, 0, 0, 15046, 0, 0, 0, 0, 0, 0, 0, 0, 0, 0, 0, 0, 20431, 0, 0, 0, 0, 0, 0, 0, 0, 0, 0, 0, 0, 19797, 0, 0, 0, 0, 0, 0, 0, 0, 0, 0, 0, 15805]}",,0.9961467464838595,,1784894864.2048156,1.161562442779541,"{'_type': 'histogram', 'values': [17897, 0, 0, 0, 0, 0, 0, 0, 0, 0, 0, 0, 18633, 0, 0, 0, 0, 0, 0, 0, 0, 0, 0, 0, 0, 14265, 0, 0, 0, 0, 0, 0, 0, 0, 0, 0, 0, 0, 15721, 0, 0, 0, 0, 0, 0, 0, 0, 0, 0, 0, 0, 18967, 0, 0, 0, 0, 0, 0, 0, 0, 0, 0, 0, 16917], 'packedBins': {'min': 0, 'size': 0.078125, 'count': 64}}",,1.209023356437683,1.8589545124747955,76.14801625512531,,,"{'values': [14102, 0, 0, 0, 0, 0, 0, 0, 0, 0, 0, 0, 19046, 0, 0, 0, 0, 0, 0, 0, 0, 0, 0, 0, 0, 21385, 0, 0, 0, 0, 0, 0, 0, 0, 0, 0, 0, 0, 16143, 0, 0, 0, 0, 0, 0, 0, 0, 0, 0, 0, 0, 16931, 0, 0, 0, 0, 0, 0, 0, 0, 0, 0, 0, 14793], 'packedBins': {'min': 0, 'size': 0.078125, 'count': 64}, '_type': 'histogram'}",,0.9921315420169958,0.9948089216053226,,1.1113475561141968,,0.9881557244771312,"{'_type': 'histogram', 'values': [13333, 0, 0, 0, 0, 0, 0, 0, 0, 0, 0, 0, 17582, 0, 0, 0, 0, 0, 0, 0, 0, 0, 0, 0, 0, 20951, 0, 0, 0, 0, 0, 0, 0, 0, 0, 0, 0, 0, 18636, 0, 0, 0, 0, 0, 0, 0, 0, 0, 0, 0, 0, 20426, 0, 0, 0, 0, 0, 0, 0, 0, 0, 0, 0, 11472], 'packedBins': {'min': 0, 'size': 0.078125, 'count': 64}}",,,0.9922596825936848,"{'values': [13445, 0, 0, 0, 0, 0, 0, 0, 0, 0, 0, 0, 16114, 0, 0, 0, 0, 0, 0, 0, 0, 0, 0, 0, 0, 19952, 0, 0, 0, 0, 0, 0, 0, 0, 0, 0, 0, 0, 15242, 0, 0, 0, 0, 0, 0, 0, 0, 0, 0, 0, 0, 19069, 0, 0, 0, 0, 0, 0, 0, 0, 0, 0, 0, 18578], 'packedBins': {'min': 0, 'size': 0.078125, 'count': 64}, '_type': 'histogram'}",0.2669140625,1.1690624952316284,,,0.993057400929355,,1.2275975942611694,"{'values': [14617, 0, 0, 0, 0, 0, 0, 0, 0, 0, 0, 0, 23259, 0, 0, 0, 0, 0, 0, 0, 0, 0, 0, 0, 0, 14401, 0, 0, 0, 0, 0, 0, 0, 0, 0, 0, 0, 0, 13753, 0, 0, 0, 0, 0, 0, 0, 0, 0, 0, 0, 0, 20682, 0, 0, 0, 0, 0, 0, 0, 0, 0, 0, 0, 15688], 'packedBins': {'min': 0, 'size': 0.078125, 'count': 64}, '_type': 'histogram'}",,,,,,,,3294.784817184,"{'values': [19889, 0, 0, 0, 0, 0, 0, 0, 0, 0, 0, 0, 17055, 0, 0, 0, 0, 0, 0, 0, 0, 0, 0, 0, 0, 20298, 0, 0, 0, 0, 0, 0, 0, 0, 0, 0, 0, 0, 12327, 0, 0, 0, 0, 0, 0, 0, 0, 0, 0, 0, 0, 20856, 0, 0, 0, 0, 0, 0, 0, 0, 0, 0, 0, 11975], 'packedBins': {'size': 0.078125, 'count': 64, 'min': 0}, '_type': 'histogram'}",0.9875723721529313,0.998391934386739,1.1971288919448853,,0.9941440676163025,0.9925367217221027,4.3326790285110475,,,"{'_type': 'histogram', 'values': [16154, 0, 0, 0, 0, 0, 0, 0, 0, 0, 0, 0, 17048, 0, 0, 0, 0, 0, 0, 0, 0, 0, 0, 0, 0, 16460, 0, 0, 0, 0, 0, 0, 0, 0, 0, 0, 0, 0, 19824, 0, 0, 0, 0, 0, 0, 0, 0, 0, 0, 0, 0, 17106, 0, 0, 0, 0, 0, 0, 0, 0, 0, 0, 0, 15808], 'packedBins': {'size': 0.078125, 'count': 64, 'min': 0}}","{'packedBins': {'min': 0, 'size': 0.078125, 'count': 64}, '_type': 'histogram', 'values': [17044, 0, 0, 0, 0, 0, 0, 0, 0, 0, 0, 0, 20634, 0, 0, 0, 0, 0, 0, 0, 0, 0, 0, 0, 0, 18662, 0, 0, 0, 0, 0, 0, 0, 0, 0, 0, 0, 0, 11807, 0, 0, 0, 0, 0, 0, 0, 0, 0, 0, 0, 0, 18359, 0, 0, 0, 0, 0, 0, 0, 0, 0, 0, 0, 15894]}","{'_type': 'histogram', 'values': [14836, 0, 0, 0, 0, 0, 0, 0, 0, 0, 0, 0, 16158, 0, 0, 0, 0, 0, 0, 0, 0, 0, 0, 0, 0, 19765, 0, 0, 0, 0, 0, 0, 0, 0, 0, 0, 0, 0, 19689, 0, 0, 0, 0, 0, 0, 0, 0, 0, 0, 0, 0, 16985, 0, 0, 0, 0, 0, 0, 0, 0, 0, 0, 0, 14967], 'packedBins': {'min': 0, 'size': 0.078125, 'count': 64}}",,"{'_type': 'histogram', 'values': [18531, 0, 0, 0, 0, 0, 0, 0, 0, 0, 0, 0, 11362, 0, 0, 0, 0, 0, 0, 0, 0, 0, 0, 0, 0, 18147, 0, 0, 0, 0, 0, 0, 0, 0, 0, 0, 0, 0, 17104, 0, 0, 0, 0, 0, 0, 0, 0, 0, 0, 0, 0, 17625, 0, 0, 0, 0, 0, 0, 0, 0, 0, 0, 0, 19631], 'packedBins': {'count': 64, 'min': 0, 'size': 0.078125}}",1.1502538919448853,,,,1.362831950187683,0.997326158738774,,1.2220312356948853,1.253027319908142,,,,,
,"{'_type': 'histogram', 'values': [413, 0, 0, 0, 0, 0, 0, 0, 0, 0, 0, 0, 368, 0, 0, 0, 0, 0, 0, 0, 0, 0, 0, 0, 0, 250, 0, 0, 0, 0, 0, 0, 0, 0, 0, 0, 0, 0, 343, 0, 0, 0, 0, 0, 0, 0, 0, 0, 0, 0, 0, 347, 0, 0, 0, 0, 0, 0, 0, 0, 0, 0, 0, 327], 'packedBins': {'size': 0.078125, 'count': 64, 'min': 0}}",0.5287609696388245,0.9903782915097749,260,1.1162109375,3.606835683248937,,,0.9940314955208935,1.3798828125,1.119140625,1.0576171875,0.99460014427944,,"{'_type': 'histogram', 'values': [368, 0, 0, 0, 0, 0, 0, 0, 0, 0, 0, 0, 359, 0, 0, 0, 0, 0, 0, 0, 0, 0, 0, 0, 0, 350, 0, 0, 0, 0, 0, 0, 0, 0, 0, 0, 0, 0, 238, 0, 0, 0, 0, 0, 0, 0, 0, 0, 0, 0, 0, 367, 0, 0, 0, 0, 0, 0, 0, 0, 0, 0, 0, 366], 'packedBins': {'count': 64, 'min': 0, 'size': 0.078125}}",1.1484375,"{'_type': 'histogram', 'values': [300, 0, 0, 0, 0, 0, 0, 0, 0, 0, 0, 0, 402, 0, 0, 0, 0, 0, 0, 0, 0, 0, 0, 0, 0, 368, 0, 0, 0, 0, 0, 0, 0, 0, 0, 0, 0, 0, 325, 0, 0, 0, 0, 0, 0, 0, 0, 0, 0, 0, 0, 315, 0, 0, 0, 0, 0, 0, 0, 0, 0, 0, 0, 338], 'packedBins': {'min': 0, 'size': 0.078125, 'count': 64}}",,0.9943046092630058,,"{'values': [377, 0, 0, 0, 0, 0, 0, 0, 0, 0, 0, 0, 336, 0, 0, 0, 0, 0, 0, 0, 0, 0, 0, 0, 0, 317, 0, 0, 0, 0, 0, 0, 0, 0, 0, 0, 0, 0, 372, 0, 0, 0, 0, 0, 0, 0, 0, 0, 0, 0, 0, 340, 0, 0, 0, 0, 0, 0, 0, 0, 0, 0, 0, 306], 'packedBins': {'size': 0.078125, 'count': 64, 'min': 0}, '_type': 'histogram'}",1784895007.7159922,,,0.9972258950580521,,,,1.3359375,"{'_type': 'histogram', 'values': [304, 0, 0, 0, 0, 0, 0, 0, 0, 0, 0, 0, 330, 0, 0, 0, 0, 0, 0, 0, 0, 0, 0, 0, 0, 383, 0, 0, 0, 0, 0, 0, 0, 0, 0, 0, 0, 0, 392, 0, 0, 0, 0, 0, 0, 0, 0, 0, 0, 0, 0, 263, 0, 0, 0, 0, 0, 0, 0, 0, 0, 0, 0, 376], 'packedBins': {'min': 0, 'size': 0.078125, 'count': 64}}",,11416.895488,,,0.998979810884986,,1.2099609375,,,0.9975254219927633,"{'_type': 'histogram', 'values': [382, 0, 0, 0, 0, 0, 0, 0, 0, 0, 0, 0, 332, 0, 0, 0, 0, 0, 0, 0, 0, 0, 0, 0, 0, 334, 0, 0, 0, 0, 0, 0, 0, 0, 0, 0, 0, 0, 312, 0, 0, 0, 0, 0, 0, 0, 0, 0, 0, 0, 0, 347, 0, 0, 0, 0, 0, 0, 0, 0, 0, 0, 0, 341], 'packedBins': {'count': 64, 'min': 0, 'size': 0.078125}}",,,,,1.177734375,"{'_type': 'histogram', 'values': [323, 0, 0, 0, 0, 0, 0, 0, 0, 0, 0, 0, 329, 0, 0, 0, 0, 0, 0, 0, 0, 0, 0, 0, 0, 327, 0, 0, 0, 0, 0, 0, 0, 0, 0, 0, 0, 0, 254, 0, 0, 0, 0, 0, 0, 0, 0, 0, 0, 0, 0, 344, 0, 0, 0, 0, 0, 0, 0, 0, 0, 0, 0, 471], 'packedBins': {'count': 64, 'min': 0, 'size': 0.078125}}",,"{'_type': 'histogram', 'values': [361, 0, 0, 0, 0, 0, 0, 0, 0, 0, 0, 0, 350, 0, 0, 0, 0, 0, 0, 0, 0, 0, 0, 0, 0, 356, 0, 0, 0, 0, 0, 0, 0, 0, 0, 0, 0, 0, 344, 0, 0, 0, 0, 0, 0, 0, 0, 0, 0, 0, 0, 299, 0, 0, 0, 0, 0, 0, 0, 0, 0, 0, 0, 338], 'packedBins': {'min': 0, 'size': 0.078125, 'count': 64}}",,,7805.475328,1.2685546875,"{'packedBins': {'min': 0, 'size': 0.078125, 'count': 64}, '_type': 'histogram', 'values': [315, 0, 0, 0, 0, 0, 0, 0, 0, 0, 0, 0, 456, 0, 0, 0, 0, 0, 0, 0, 0, 0, 0, 0, 0, 321, 0, 0, 0, 0, 0, 0, 0, 0, 0, 0, 0, 0, 301, 0, 0, 0, 0, 0, 0, 0, 0, 0, 0, 0, 0, 354, 0, 0, 0, 0, 0, 0, 0, 0, 0, 0, 0, 301]}",36.84926538833326,0.9991529270742615,0.0001978281628652213,"{'values': [381, 0, 0, 0, 0, 0, 0, 0, 0, 0, 0, 0, 314, 0, 0, 0, 0, 0, 0, 0, 0, 0, 0, 0, 0, 354, 0, 0, 0, 0, 0, 0, 0, 0, 0, 0, 0, 0, 374, 0, 0, 0, 0, 0, 0, 0, 0, 0, 0, 0, 0, 334, 0, 0, 0, 0, 0, 0, 0, 0, 0, 0, 0, 291], 'packedBins': {'min': 0, 'size': 0.078125, 'count': 64}, '_type': 'histogram'}",3545.048107468,,,,,4728.529798751496,,,,0.9983735715626652,0.9855019586160779,,,,17039360.0,,,1.1044921875,0.9933874660388846,0.9893725276999061,,,"{'values': [356, 0, 0, 0, 0, 0, 0, 0, 0, 0, 0, 0, 378, 0, 0, 0, 0, 0, 0, 0, 0, 0, 0, 0, 0, 220, 0, 0, 0, 0, 0, 0, 0, 0, 0, 0, 0, 0, 433, 0, 0, 0, 0, 0, 0, 0, 0, 0, 0, 0, 0, 342, 0, 0, 0, 0, 0, 0, 0, 0, 0, 0, 0, 319], 'packedBins': {'min': 0, 'size': 0.078125, 'count': 64}, '_type': 'histogram'}",,,1.078125,12.11044155061245,"{'values': [335, 0, 0, 0, 0, 0, 0, 0, 0, 0, 0, 0, 373, 0, 0, 0, 0, 0, 0, 0, 0, 0, 0, 0, 0, 331, 0, 0, 0, 0, 0, 0, 0, 0, 0, 0, 0, 0, 346, 0, 0, 0, 0, 0, 0, 0, 0, 0, 0, 0, 0, 312, 0, 0, 0, 0, 0, 0, 0, 0, 0, 0, 0, 351], 'packedBins': {'min': 0, 'size': 0.078125, 'count': 64}, '_type': 'histogram'}",1.0927734375,0.998941355405585
,"{'values': [363, 0, 0, 0, 0, 0, 0, 0, 0, 0, 0, 0, 325, 0, 0, 0, 0, 0, 0, 0, 0, 0, 0, 0, 0, 399, 0, 0, 0, 0, 0, 0, 0, 0, 0, 0, 0, 0, 225, 0, 0, 0, 0, 0, 0, 0, 0, 0, 0, 0, 0, 412, 0, 0, 0, 0, 0, 0, 0, 0, 0, 0, 0, 324], 'packedBins': {'min': 0, 'size': 0.078125, 'count': 64}, '_type': 'histogram'}",0.48773130774497986,0.9962446815455864,280,1.142578125,3.6457314850762486,,,0.9903104288990673,1.1806640625,1.2421875,1.400390625,0.9964973699725151,,"{'values': [269, 0, 0, 0, 0, 0, 0, 0, 0, 0, 0, 0, 392, 0, 0, 0, 0, 0, 0, 0, 0, 0, 0, 0, 0, 338, 0, 0, 0, 0, 0, 0, 0, 0, 0, 0, 0, 0, 346, 0, 0, 0, 0, 0, 0, 0, 0, 0, 0, 0, 0, 375, 0, 0, 0, 0, 0, 0, 0, 0, 0, 0, 0, 328], 'packedBins': {'count': 64, 'min': 0, 'size': 0.078125}, '_type': 'histogram'}",1.1806640625,"{'_type': 'histogram', 'values': [269, 0, 0, 0, 0, 0, 0, 0, 0, 0, 0, 0, 363, 0, 0, 0, 0, 0, 0, 0, 0, 0, 0, 0, 0, 318, 0, 0, 0, 0, 0, 0, 0, 0, 0, 0, 0, 0, 339, 0, 0, 0, 0, 0, 0, 0, 0, 0, 0, 0, 0, 377, 0, 0, 0, 0, 0, 0, 0, 0, 0, 0, 0, 382], 'packedBins': {'min': 0, 'size': 0.078125, 'count': 64}}",,0.9962450807374141,,"{'packedBins': {'size': 0.078125, 'count': 64, 'min': 0}, '_type': 'histogram', 'values': [290, 0, 0, 0, 0, 0, 0, 0, 0, 0, 0, 0, 336, 0, 0, 0, 0, 0, 0, 0, 0, 0, 0, 0, 0, 297, 0, 0, 0, 0, 0, 0, 0, 0, 0, 0, 0, 0, 394, 0, 0, 0, 0, 0, 0, 0, 0, 0, 0, 0, 0, 365, 0, 0, 0, 0, 0, 0, 0, 0, 0, 0, 0, 366]}",1784895257.9790869,,,0.9962112824960029,,,,1.2421875,"{'_type': 'histogram', 'values': [367, 0, 0, 0, 0, 0, 0, 0, 0, 0, 0, 0, 317, 0, 0, 0, 0, 0, 0, 0, 0, 0, 0, 0, 0, 403, 0, 0, 0, 0, 0, 0, 0, 0, 0, 0, 0, 0, 349, 0, 0, 0, 0, 0, 0, 0, 0, 0, 0, 0, 0, 330, 0, 0, 0, 0, 0, 0, 0, 0, 0, 0, 0, 282], 'packedBins': {'count': 64, 'min': 0, 'size': 0.078125}}",,11416.895488,,,0.9862364767015617,,1.20703125,,,0.9978699245400611,"{'_type': 'histogram', 'values': [424, 0, 0, 0, 0, 0, 0, 0, 0, 0, 0, 0, 310, 0, 0, 0, 0, 0, 0, 0, 0, 0, 0, 0, 0, 324, 0, 0, 0, 0, 0, 0, 0, 0, 0, 0, 0, 0, 364, 0, 0, 0, 0, 0, 0, 0, 0, 0, 0, 0, 0, 311, 0, 0, 0, 0, 0, 0, 0, 0, 0, 0, 0, 315], 'packedBins': {'count': 64, 'min': 0, 'size': 0.078125}}",,,,,1.119140625,"{'_type': 'histogram', 'values': [403, 0, 0, 0, 0, 0, 0, 0, 0, 0, 0, 0, 356, 0, 0, 0, 0, 0, 0, 0, 0, 0, 0, 0, 0, 280, 0, 0, 0, 0, 0, 0, 0, 0, 0, 0, 0, 0, 368, 0, 0, 0, 0, 0, 0, 0, 0, 0, 0, 0, 0, 318, 0, 0, 0, 0, 0, 0, 0, 0, 0, 0, 0, 323], 'packedBins': {'size': 0.078125, 'count': 64, 'min': 0}}",,"{'_type': 'histogram', 'values': [328, 0, 0, 0, 0, 0, 0, 0, 0, 0, 0, 0, 343, 0, 0, 0, 0, 0, 0, 0, 0, 0, 0, 0, 0, 253, 0, 0, 0, 0, 0, 0, 0, 0, 0, 0, 0, 0, 260, 0, 0, 0, 0, 0, 0, 0, 0, 0, 0, 0, 0, 386, 0, 0, 0, 0, 0, 0, 0, 0, 0, 0, 0, 478], 'packedBins': {'min': 0, 'size': 0.078125, 'count': 64}}",,,7805.475328,1.171875,"{'_type': 'histogram', 'values': [347, 0, 0, 0, 0, 0, 0, 0, 0, 0, 0, 0, 424, 0, 0, 0, 0, 0, 0, 0, 0, 0, 0, 0, 0, 228, 0, 0, 0, 0, 0, 0, 0, 0, 0, 0, 0, 0, 358, 0, 0, 0, 0, 0, 0, 0, 0, 0, 0, 0, 0, 379, 0, 0, 0, 0, 0, 0, 0, 0, 0, 0, 0, 312], 'packedBins': {'min': 0, 'size': 0.078125, 'count': 64}}",38.310786373063664,0.9977830337855669,0.0001973719188591661,"{'values': [299, 0, 0, 0, 0, 0, 0, 0, 0, 0, 0, 0, 359, 0, 0, 0, 0, 0, 0, 0, 0, 0, 0, 0, 0, 333, 0, 0, 0, 0, 0, 0, 0, 0, 0, 0, 0, 0, 352, 0, 0, 0, 0, 0, 0, 0, 0, 0, 0, 0, 0, 390, 0, 0, 0, 0, 0, 0, 0, 0, 0, 0, 0, 315], 'packedBins': {'size': 0.078125, 'count': 64, 'min': 0}, '_type': 'histogram'}",3795.17958631,,,,,5240.077983316918,,,,0.9965484665264597,0.9966512543149293,,,,18350080.0,,,1.154296875,0.9906333085556984,0.9962311090234449,,,"{'values': [400, 0, 0, 0, 0, 0, 0, 0, 0, 0, 0, 0, 320, 0, 0, 0, 0, 0, 0, 0, 0, 0, 0, 0, 0, 321, 0, 0, 0, 0, 0, 0, 0, 0, 0, 0, 0, 0, 387, 0, 0, 0, 0, 0, 0, 0, 0, 0, 0, 0, 0, 334, 0, 0, 0, 0, 0, 0, 0, 0, 0, 0, 0, 286], 'packedBins': {'min': 0, 'size': 0.078125, 'count': 64}, '_type': 'histogram'}",,,1.1484375,12.112695875763894,"{'values': [400, 0, 0, 0, 0, 0, 0, 0, 0, 0, 0, 0, 302, 0, 0, 0, 0, 0, 0, 0, 0, 0, 0, 0, 0, 326, 0, 0, 0, 0, 0, 0, 0, 0, 0, 0, 0, 0, 349, 0, 0, 0, 0, 0, 0, 0, 0, 0, 0, 0, 0, 348, 0, 0, 0, 0, 0, 0, 0, 0, 0, 0, 0, 323], 'packedBins': {'min': 0, 'size': 0.078125, 'count': 64}, '_type': 'histogram'}",1.171875,0.9960787508092094
,"{'values': [297, 0, 0, 0, 0, 0, 0, 0, 0, 0, 0, 0, 371, 0, 0, 0, 0, 0, 0, 0, 0, 0, 0, 0, 0, 303, 0, 0, 0, 0, 0, 0, 0, 0, 0, 0, 0, 0, 383, 0, 0, 0, 0, 0, 0, 0, 0, 0, 0, 0, 0, 375, 0, 0, 0, 0, 0, 0, 0, 0, 0, 0, 0, 319], 'packedBins': {'min': 0, 'size': 0.078125, 'count': 64}, '_type': 'histogram'}",0.46225833892822266,0.9874920015316228,300,1.18359375,3.544258348830044,,,0.9969193157343851,1.365234375,1.177734375,1.1923828125,0.9976799092300799,,"{'packedBins': {'size': 0.078125, 'count': 64, 'min': 0}, '_type': 'histogram', 'values': [303, 0, 0, 0, 0, 0, 0, 0, 0, 0, 0, 0, 372, 0, 0, 0, 0, 0, 0, 0, 0, 0, 0, 0, 0, 296, 0, 0, 0, 0, 0, 0, 0, 0, 0, 0, 0, 0, 348, 0, 0, 0, 0, 0, 0, 0, 0, 0, 0, 0, 0, 320, 0, 0, 0, 0, 0, 0, 0, 0, 0, 0, 0, 409]}",1.1689453125,"{'_type': 'histogram', 'values': [287, 0, 0, 0, 0, 0, 0, 0, 0, 0, 0, 0, 294, 0, 0, 0, 0, 0, 0, 0, 0, 0, 0, 0, 0, 377, 0, 0, 0, 0, 0, 0, 0, 0, 0, 0, 0, 0, 362, 0, 0, 0, 0, 0, 0, 0, 0, 0, 0, 0, 0, 368, 0, 0, 0, 0, 0, 0, 0, 0, 0, 0, 0, 360], 'packedBins': {'min': 0, 'size': 0.078125, 'count': 64}}",,0.9962452138013567,,"{'_type': 'histogram', 'values': [358, 0, 0, 0, 0, 0, 0, 0, 0, 0, 0, 0, 301, 0, 0, 0, 0, 0, 0, 0, 0, 0, 0, 0, 0, 384, 0, 0, 0, 0, 0, 0, 0, 0, 0, 0, 0, 0, 400, 0, 0, 0, 0, 0, 0, 0, 0, 0, 0, 0, 0, 290, 0, 0, 0, 0, 0, 0, 0, 0, 0, 0, 0, 315], 'packedBins': {'size': 0.078125, 'count': 64, 'min': 0}}",1784895508.1106455,,,0.9967430725424593,,,,1.08984375,"{'_type': 'histogram', 'values': [399, 0, 0, 0, 0, 0, 0, 0, 0, 0, 0, 0, 347, 0, 0, 0, 0, 0, 0, 0, 0, 0, 0, 0, 0, 294, 0, 0, 0, 0, 0, 0, 0, 0, 0, 0, 0, 0, 340, 0, 0, 0, 0, 0, 0, 0, 0, 0, 0, 0, 0, 343, 0, 0, 0, 0, 0, 0, 0, 0, 0, 0, 0, 325], 'packedBins': {'min': 0, 'size': 0.078125, 'count': 64}}",,11418.99264,,,0.9961285167237282,,1.1220703125,,,0.9934259880502568,"{'_type': 'histogram', 'values': [299, 0, 0, 0, 0, 0, 0, 0, 0, 0, 0, 0, 336, 0, 0, 0, 0, 0, 0, 0, 0, 0, 0, 0, 0, 312, 0, 0, 0, 0, 0, 0, 0, 0, 0, 0, 0, 0, 402, 0, 0, 0, 0, 0, 0, 0, 0, 0, 0, 0, 0, 321, 0, 0, 0, 0, 0, 0, 0, 0, 0, 0, 0, 378], 'packedBins': {'count': 64, 'min': 0, 'size': 0.078125}}",,,,,1.1044921875,"{'_type': 'histogram', 'values': [375, 0, 0, 0, 0, 0, 0, 0, 0, 0, 0, 0, 304, 0, 0, 0, 0, 0, 0, 0, 0, 0, 0, 0, 0, 238, 0, 0, 0, 0, 0, 0, 0, 0, 0, 0, 0, 0, 369, 0, 0, 0, 0, 0, 0, 0, 0, 0, 0, 0, 0, 466, 0, 0, 0, 0, 0, 0, 0, 0, 0, 0, 0, 296], 'packedBins': {'size': 0.078125, 'count': 64, 'min': 0}}",,"{'_type': 'histogram', 'values': [329, 0, 0, 0, 0, 0, 0, 0, 0, 0, 0, 0, 323, 0, 0, 0, 0, 0, 0, 0, 0, 0, 0, 0, 0, 278, 0, 0, 0, 0, 0, 0, 0, 0, 0, 0, 0, 0, 407, 0, 0, 0, 0, 0, 0, 0, 0, 0, 0, 0, 0, 340, 0, 0, 0, 0, 0, 0, 0, 0, 0, 0, 0, 371], 'packedBins': {'min': 0, 'size': 0.078125, 'count': 64}}",,,7805.475328,1.3359375,"{'_type': 'histogram', 'values': [304, 0, 0, 0, 0, 0, 0, 0, 0, 0, 0, 0, 302, 0, 0, 0, 0, 0, 0, 0, 0, 0, 0, 0, 0, 349, 0, 0, 0, 0, 0, 0, 0, 0, 0, 0, 0, 0, 353, 0, 0, 0, 0, 0, 0, 0, 0, 0, 0, 0, 0, 368, 0, 0, 0, 0, 0, 0, 0, 0, 0, 0, 0, 372], 'packedBins': {'min': 0, 'size': 0.078125, 'count': 64}}",34.61400430346324,0.9938222524712119,0.00019687291096191108,"{'packedBins': {'min': 0, 'size': 0.078125, 'count': 64}, '_type': 'histogram', 'values': [310, 0, 0, 0, 0, 0, 0, 0, 0, 0, 0, 0, 404, 0, 0, 0, 0, 0, 0, 0, 0, 0, 0, 0, 0, 315, 0, 0, 0, 0, 0, 0, 0, 0, 0, 0, 0, 0, 397, 0, 0, 0, 0, 0, 0, 0, 0, 0, 0, 0, 0, 364, 0, 0, 0, 0, 0, 0, 0, 0, 0, 0, 0, 258]}",4045.490580577,,,,,5242.838900322189,,,,0.9958214716762621,0.986472284514457,,,,19660800.0,,,1.171875,0.9980609378296115,0.9808242339017205,,,"{'values': [324, 0, 0, 0, 0, 0, 0, 0, 0, 0, 0, 0, 456, 0, 0, 0, 0, 0, 0, 0, 0, 0, 0, 0, 0, 397, 0, 0, 0, 0, 0, 0, 0, 0, 0, 0, 0, 0, 383, 0, 0, 0, 0, 0, 0, 0, 0, 0, 0, 0, 0, 304, 0, 0, 0, 0, 0, 0, 0, 0, 0, 0, 0, 184], 'packedBins': {'min': 0, 'size': 0.078125, 'count': 64}, '_type': 'histogram'}",,,1.1982421875,12.10226717889309,"{'_type': 'histogram', 'values': [408, 0, 0, 0, 0, 0, 0, 0, 0, 0, 0, 0, 344, 0, 0, 0, 0, 0, 0, 0, 0, 0, 0, 0, 0, 280, 0, 0, 0, 0, 0, 0, 0, 0, 0, 0, 0, 0, 409, 0, 0, 0, 0, 0, 0, 0, 0, 0, 0, 0, 0, 303, 0, 0, 0, 0, 0, 0, 0, 0, 0, 0, 0, 304], 'packedBins': {'min': 0, 'size': 0.078125, 'count': 64}}",1.1982421875,0.9968118000687934
,"{'_type': 'histogram', 'values': [362, 0, 0, 0, 0, 0, 0, 0, 0, 0, 0, 0, 475, 0, 0, 0, 0, 0, 0, 0, 0, 0, 0, 0, 0, 317, 0, 0, 0, 0, 0, 0, 0, 0, 0, 0, 0, 0, 211, 0, 0, 0, 0, 0, 0, 0, 0, 0, 0, 0, 0, 297, 0, 0, 0, 0, 0, 0, 0, 0, 0, 0, 0, 386], 'packedBins': {'min': 0, 'size': 0.078125, 'count': 64}}",0.49087923765182495,0.9946968152337127,320,1.2744140625,3.5097672952339054,,,0.98379654971874,1.1953125,1.2275390625,1.1748046875,0.9976589516591261,,"{'packedBins': {'count': 64, 'min': 0, 'size': 0.078125}, '_type': 'histogram', 'values': [275, 0, 0, 0, 0, 0, 0, 0, 0, 0, 0, 0, 342, 0, 0, 0, 0, 0, 0, 0, 0, 0, 0, 0, 0, 321, 0, 0, 0, 0, 0, 0, 0, 0, 0, 0, 0, 0, 386, 0, 0, 0, 0, 0, 0, 0, 0, 0, 0, 0, 0, 460, 0, 0, 0, 0, 0, 0, 0, 0, 0, 0, 0, 264]}",1.1748046875,"{'values': [382, 0, 0, 0, 0, 0, 0, 0, 0, 0, 0, 0, 358, 0, 0, 0, 0, 0, 0, 0, 0, 0, 0, 0, 0, 322, 0, 0, 0, 0, 0, 0, 0, 0, 0, 0, 0, 0, 365, 0, 0, 0, 0, 0, 0, 0, 0, 0, 0, 0, 0, 298, 0, 0, 0, 0, 0, 0, 0, 0, 0, 0, 0, 323], 'packedBins': {'min': 0, 'size': 0.078125, 'count': 64}, '_type': 'histogram'}",,0.9895295431521314,,"{'_type': 'histogram', 'values': [330, 0, 0, 0, 0, 0, 0, 0, 0, 0, 0, 0, 398, 0, 0, 0, 0, 0, 0, 0, 0, 0, 0, 0, 0, 400, 0, 0, 0, 0, 0, 0, 0, 0, 0, 0, 0, 0, 327, 0, 0, 0, 0, 0, 0, 0, 0, 0, 0, 0, 0, 302, 0, 0, 0, 0, 0, 0, 0, 0, 0, 0, 0, 291], 'packedBins': {'size': 0.078125, 'count': 64, 'min': 0}}",1784895758.421125,,,0.9979646660671665,,,,1.294921875,"{'_type': 'histogram', 'values': [322, 0, 0, 0, 0, 0, 0, 0, 0, 0, 0, 0, 350, 0, 0, 0, 0, 0, 0, 0, 0, 0, 0, 0, 0, 298, 0, 0, 0, 0, 0, 0, 0, 0, 0, 0, 0, 0, 333, 0, 0, 0, 0, 0, 0, 0, 0, 0, 0, 0, 0, 344, 0, 0, 0, 0, 0, 0, 0, 0, 0, 0, 0, 401], 'packedBins': {'min': 0, 'size': 0.078125, 'count': 64}}",,11421.089792,,,0.9969378116224015,,1.3916015625,,,0.9925154314912925,"{'packedBins': {'min': 0, 'size': 0.078125, 'count': 64}, '_type': 'histogram', 'values': [342, 0, 0, 0, 0, 0, 0, 0, 0, 0, 0, 0, 255, 0, 0, 0, 0, 0, 0, 0, 0, 0, 0, 0, 0, 403, 0, 0, 0, 0, 0, 0, 0, 0, 0, 0, 0, 0, 294, 0, 0, 0, 0, 0, 0, 0, 0, 0, 0, 0, 0, 335, 0, 0, 0, 0, 0, 0, 0, 0, 0, 0, 0, 419]}",,,,,1.119140625,"{'values': [363, 0, 0, 0, 0, 0, 0, 0, 0, 0, 0, 0, 366, 0, 0, 0, 0, 0, 0, 0, 0, 0, 0, 0, 0, 324, 0, 0, 0, 0, 0, 0, 0, 0, 0, 0, 0, 0, 258, 0, 0, 0, 0, 0, 0, 0, 0, 0, 0, 0, 0, 408, 0, 0, 0, 0, 0, 0, 0, 0, 0, 0, 0, 329], 'packedBins': {'min': 0, 'size': 0.078125, 'count': 64}, '_type': 'histogram'}",,"{'_type': 'histogram', 'values': [341, 0, 0, 0, 0, 0, 0, 0, 0, 0, 0, 0, 301, 0, 0, 0, 0, 0, 0, 0, 0, 0, 0, 0, 0, 343, 0, 0, 0, 0, 0, 0, 0, 0, 0, 0, 0, 0, 401, 0, 0, 0, 0, 0, 0, 0, 0, 0, 0, 0, 0, 365, 0, 0, 0, 0, 0, 0, 0, 0, 0, 0, 0, 297], 'packedBins': {'min': 0, 'size': 0.078125, 'count': 64}}",,,7805.475328,1.13671875,"{'packedBins': {'min': 0, 'size': 0.078125, 'count': 64}, '_type': 'histogram', 'values': [442, 0, 0, 0, 0, 0, 0, 0, 0, 0, 0, 0, 318, 0, 0, 0, 0, 0, 0, 0, 0, 0, 0, 0, 0, 362, 0, 0, 0, 0, 0, 0, 0, 0, 0, 0, 0, 0, 328, 0, 0, 0, 0, 0, 0, 0, 0, 0, 0, 0, 0, 279, 0, 0, 0, 0, 0, 0, 0, 0, 0, 0, 0, 319]}",33.44048511818081,0.9950882228207641,0.0001963313834111897,"{'_type': 'histogram', 'values': [369, 0, 0, 0, 0, 0, 0, 0, 0, 0, 0, 0, 329, 0, 0, 0, 0, 0, 0, 0, 0, 0, 0, 0, 0, 330, 0, 0, 0, 0, 0, 0, 0, 0, 0, 0, 0, 0, 337, 0, 0, 0, 0, 0, 0, 0, 0, 0, 0, 0, 0, 435, 0, 0, 0, 0, 0, 0, 0, 0, 0, 0, 0, 248], 'packedBins': {'min': 0, 'size': 0.078125, 'count': 64}}",4295.27436492,,,,,5239.100077150949,,,,0.9956395067348062,0.9891838622279465,,,,20971520.0,,,1.171875,0.9939821953301736,0.9973347413630693,,,"{'_type': 'histogram', 'values': [316, 0, 0, 0, 0, 0, 0, 0, 0, 0, 0, 0, 330, 0, 0, 0, 0, 0, 0, 0, 0, 0, 0, 0, 0, 377, 0, 0, 0, 0, 0, 0, 0, 0, 0, 0, 0, 0, 292, 0, 0, 0, 0, 0, 0, 0, 0, 0, 0, 0, 0, 345, 0, 0, 0, 0, 0, 0, 0, 0, 0, 0, 0, 388], 'packedBins': {'min': 0, 'size': 0.078125, 'count': 64}}",,,1.34765625,12.102668979763985,"{'values': [385, 0, 0, 0, 0, 0, 0, 0, 0, 0, 0, 0, 288, 0, 0, 0, 0, 0, 0, 0, 0, 0, 0, 0, 0, 398, 0, 0, 0, 0, 0, 0, 0, 0, 0, 0, 0, 0, 365, 0, 0, 0, 0, 0, 0, 0, 0, 0, 0, 0, 0, 282, 0, 0, 0, 0, 0, 0, 0, 0, 0, 0, 0, 330], 'packedBins': {'min': 0, 'size': 0.078125, 'count': 64}, '_type': 'histogram'}",1.166015625,0.9921033989931436
,"{'_type': 'histogram', 'values': [342, 0, 0, 0, 0, 0, 0, 0, 0, 0, 0, 0, 330, 0, 0, 0, 0, 0, 0, 0, 0, 0, 0, 0, 0, 333, 0, 0, 0, 0, 0, 0, 0, 0, 0, 0, 0, 0, 299, 0, 0, 0, 0, 0, 0, 0, 0, 0, 0, 0, 0, 387, 0, 0, 0, 0, 0, 0, 0, 0, 0, 0, 0, 357], 'packedBins': {'count': 64, 'min': 0, 'size': 0.078125}}",0.4604182839393616,0.9986973826668942,340,1.2685546875,3.483064148761332,,,0.998278896567531,1.11328125,1.1630859375,1.107421875,0.9928490227953001,,"{'values': [362, 0, 0, 0, 0, 0, 0, 0, 0, 0, 0, 0, 304, 0, 0, 0, 0, 0, 0, 0, 0, 0, 0, 0, 0, 381, 0, 0, 0, 0, 0, 0, 0, 0, 0, 0, 0, 0, 333, 0, 0, 0, 0, 0, 0, 0, 0, 0, 0, 0, 0, 346, 0, 0, 0, 0, 0, 0, 0, 0, 0, 0, 0, 322], 'packedBins': {'count': 64, 'min': 0, 'size': 0.078125}, '_type': 'histogram'}",1.2041015625,"{'packedBins': {'min': 0, 'size': 0.078125, 'count': 64}, '_type': 'histogram', 'values': [376, 0, 0, 0, 0, 0, 0, 0, 0, 0, 0, 0, 312, 0, 0, 0, 0, 0, 0, 0, 0, 0, 0, 0, 0, 360, 0, 0, 0, 0, 0, 0, 0, 0, 0, 0, 0, 0, 312, 0, 0, 0, 0, 0, 0, 0, 0, 0, 0, 0, 0, 339, 0, 0, 0, 0, 0, 0, 0, 0, 0, 0, 0, 349]}",,0.9984611276368721,,"{'values': [315, 0, 0, 0, 0, 0, 0, 0, 0, 0, 0, 0, 255, 0, 0, 0, 0, 0, 0, 0, 0, 0, 0, 0, 0, 419, 0, 0, 0, 0, 0, 0, 0, 0, 0, 0, 0, 0, 345, 0, 0, 0, 0, 0, 0, 0, 0, 0, 0, 0, 0, 386, 0, 0, 0, 0, 0, 0, 0, 0, 0, 0, 0, 328], 'packedBins': {'size': 0.078125, 'count': 64, 'min': 0}, '_type': 'histogram'}",1784896008.2053456,,,0.9986660461084205,,,,1.06640625,"{'_type': 'histogram', 'values': [262, 0, 0, 0, 0, 0, 0, 0, 0, 0, 0, 0, 352, 0, 0, 0, 0, 0, 0, 0, 0, 0, 0, 0, 0, 411, 0, 0, 0, 0, 0, 0, 0, 0, 0, 0, 0, 0, 326, 0, 0, 0, 0, 0, 0, 0, 0, 0, 0, 0, 0, 404, 0, 0, 0, 0, 0, 0, 0, 0, 0, 0, 0, 293], 'packedBins': {'min': 0, 'size': 0.078125, 'count': 64}}",,11421.089792,,,0.9961705649295783,,1.1337890625,,,0.9898494954020262,"{'_type': 'histogram', 'values': [397, 0, 0, 0, 0, 0, 0, 0, 0, 0, 0, 0, 371, 0, 0, 0, 0, 0, 0, 0, 0, 0, 0, 0, 0, 312, 0, 0, 0, 0, 0, 0, 0, 0, 0, 0, 0, 0, 283, 0, 0, 0, 0, 0, 0, 0, 0, 0, 0, 0, 0, 324, 0, 0, 0, 0, 0, 0, 0, 0, 0, 0, 0, 361], 'packedBins': {'count': 64, 'min': 0, 'size': 0.078125}}",,,,,1.1015625,"{'_type': 'histogram', 'values': [316, 0, 0, 0, 0, 0, 0, 0, 0, 0, 0, 0, 316, 0, 0, 0, 0, 0, 0, 0, 0, 0, 0, 0, 0, 329, 0, 0, 0, 0, 0, 0, 0, 0, 0, 0, 0, 0, 380, 0, 0, 0, 0, 0, 0, 0, 0, 0, 0, 0, 0, 348, 0, 0, 0, 0, 0, 0, 0, 0, 0, 0, 0, 359], 'packedBins': {'count': 64, 'min': 0, 'size': 0.078125}}",,"{'_type': 'histogram', 'values': [274, 0, 0, 0, 0, 0, 0, 0, 0, 0, 0, 0, 373, 0, 0, 0, 0, 0, 0, 0, 0, 0, 0, 0, 0, 360, 0, 0, 0, 0, 0, 0, 0, 0, 0, 0, 0, 0, 301, 0, 0, 0, 0, 0, 0, 0, 0, 0, 0, 0, 0, 378, 0, 0, 0, 0, 0, 0, 0, 0, 0, 0, 0, 362], 'packedBins': {'size': 0.078125, 'count': 64, 'min': 0}}",,,7805.475328,1.2333984375,"{'values': [364, 0, 0, 0, 0, 0, 0, 0, 0, 0, 0, 0, 324, 0, 0, 0, 0, 0, 0, 0, 0, 0, 0, 0, 0, 347, 0, 0, 0, 0, 0, 0, 0, 0, 0, 0, 0, 0, 326, 0, 0, 0, 0, 0, 0, 0, 0, 0, 0, 0, 0, 345, 0, 0, 0, 0, 0, 0, 0, 0, 0, 0, 0, 342], 'packedBins': {'count': 64, 'min': 0, 'size': 0.078125}, '_type': 'histogram'}",32.55933603110484,0.9905198715446627,0.00019574760125583645,"{'values': [356, 0, 0, 0, 0, 0, 0, 0, 0, 0, 0, 0, 272, 0, 0, 0, 0, 0, 0, 0, 0, 0, 0, 0, 0, 307, 0, 0, 0, 0, 0, 0, 0, 0, 0, 0, 0, 0, 414, 0, 0, 0, 0, 0, 0, 0, 0, 0, 0, 0, 0, 266, 0, 0, 0, 0, 0, 0, 0, 0, 0, 0, 0, 433], 'packedBins': {'min': 0, 'size': 0.078125, 'count': 64}, '_type': 'histogram'}",4544.600402403,,,,,5250.174093721715,,,,0.9933673068515861,0.9874392639379949,,,,22282240.0,,,1.2275390625,0.999563695464956,0.9954432374195245,,,"{'values': [302, 0, 0, 0, 0, 0, 0, 0, 0, 0, 0, 0, 296, 0, 0, 0, 0, 0, 0, 0, 0, 0, 0, 0, 0, 315, 0, 0, 0, 0, 0, 0, 0, 0, 0, 0, 0, 0, 340, 0, 0, 0, 0, 0, 0, 0, 0, 0, 0, 0, 0, 421, 0, 0, 0, 0, 0, 0, 0, 0, 0, 0, 0, 374], 'packedBins': {'min': 0, 'size': 0.078125, 'count': 64}, '_type': 'histogram'}",,,1.1162109375,12.10245063751936,"{'values': [328, 0, 0, 0, 0, 0, 0, 0, 0, 0, 0, 0, 423, 0, 0, 0, 0, 0, 0, 0, 0, 0, 0, 0, 0, 358, 0, 0, 0, 0, 0, 0, 0, 0, 0, 0, 0, 0, 347, 0, 0, 0, 0, 0, 0, 0, 0, 0, 0, 0, 0, 222, 0, 0, 0, 0, 0, 0, 0, 0, 0, 0, 0, 370], 'packedBins': {'min': 0, 'size': 0.078125, 'count': 64}, '_type': 'histogram'}",1.2392578125,0.9964132070288435
,"{'_type': 'histogram', 'values': [384, 0, 0, 0, 0, 0, 0, 0, 0, 0, 0, 0, 360, 0, 0, 0, 0, 0, 0, 0, 0, 0, 0, 0, 0, 297, 0, 0, 0, 0, 0, 0, 0, 0, 0, 0, 0, 0, 374, 0, 0, 0, 0, 0, 0, 0, 0, 0, 0, 0, 0, 400, 0, 0, 0, 0, 0, 0, 0, 0, 0, 0, 0, 233], 'packedBins': {'min': 0, 'size': 0.078125, 'count': 64}}",0.45112577080726624,0.9990290445437346,360,1.1748046875,3.4357380397617816,,,0.9913515211856867,1.130859375,1.283203125,1.1923828125,0.9940801969238718,,"{'values': [338, 0, 0, 0, 0, 0, 0, 0, 0, 0, 0, 0, 364, 0, 0, 0, 0, 0, 0, 0, 0, 0, 0, 0, 0, 334, 0, 0, 0, 0, 0, 0, 0, 0, 0, 0, 0, 0, 287, 0, 0, 0, 0, 0, 0, 0, 0, 0, 0, 0, 0, 391, 0, 0, 0, 0, 0, 0, 0, 0, 0, 0, 0, 334], 'packedBins': {'count': 64, 'min': 0, 'size': 0.078125}, '_type': 'histogram'}",1.2509765625,"{'packedBins': {'min': 0, 'size': 0.078125, 'count': 64}, '_type': 'histogram', 'values': [318, 0, 0, 0, 0, 0, 0, 0, 0, 0, 0, 0, 353, 0, 0, 0, 0, 0, 0, 0, 0, 0, 0, 0, 0, 363, 0, 0, 0, 0, 0, 0, 0, 0, 0, 0, 0, 0, 352, 0, 0, 0, 0, 0, 0, 0, 0, 0, 0, 0, 0, 416, 0, 0, 0, 0, 0, 0, 0, 0, 0, 0, 0, 246]}",,0.9975649419837047,,"{'_type': 'histogram', 'values': [300, 0, 0, 0, 0, 0, 0, 0, 0, 0, 0, 0, 341, 0, 0, 0, 0, 0, 0, 0, 0, 0, 0, 0, 0, 316, 0, 0, 0, 0, 0, 0, 0, 0, 0, 0, 0, 0, 355, 0, 0, 0, 0, 0, 0, 0, 0, 0, 0, 0, 0, 398, 0, 0, 0, 0, 0, 0, 0, 0, 0, 0, 0, 338], 'packedBins': {'count': 64, 'min': 0, 'size': 0.078125}}",1784896257.5314932,,,0.9933935869802425,,,,1.1923828125,"{'_type': 'histogram', 'values': [317, 0, 0, 0, 0, 0, 0, 0, 0, 0, 0, 0, 318, 0, 0, 0, 0, 0, 0, 0, 0, 0, 0, 0, 0, 427, 0, 0, 0, 0, 0, 0, 0, 0, 0, 0, 0, 0, 379, 0, 0, 0, 0, 0, 0, 0, 0, 0, 0, 0, 0, 337, 0, 0, 0, 0, 0, 0, 0, 0, 0, 0, 0, 270], 'packedBins': {'min': 0, 'size': 0.078125, 'count': 64}}",,11421.089792,,,0.9959325135363317,,1.171875,,,0.9927826238879607,"{'_type': 'histogram', 'values': [436, 0, 0, 0, 0, 0, 0, 0, 0, 0, 0, 0, 438, 0, 0, 0, 0, 0, 0, 0, 0, 0, 0, 0, 0, 305, 0, 0, 0, 0, 0, 0, 0, 0, 0, 0, 0, 0, 314, 0, 0, 0, 0, 0, 0, 0, 0, 0, 0, 0, 0, 314, 0, 0, 0, 0, 0, 0, 0, 0, 0, 0, 0, 241], 'packedBins': {'min': 0, 'size': 0.078125, 'count': 64}}",,,,,1.21875,"{'_type': 'histogram', 'values': [386, 0, 0, 0, 0, 0, 0, 0, 0, 0, 0, 0, 333, 0, 0, 0, 0, 0, 0, 0, 0, 0, 0, 0, 0, 325, 0, 0, 0, 0, 0, 0, 0, 0, 0, 0, 0, 0, 332, 0, 0, 0, 0, 0, 0, 0, 0, 0, 0, 0, 0, 332, 0, 0, 0, 0, 0, 0, 0, 0, 0, 0, 0, 340], 'packedBins': {'count': 64, 'min': 0, 'size': 0.078125}}",,"{'_type': 'histogram', 'values': [301, 0, 0, 0, 0, 0, 0, 0, 0, 0, 0, 0, 376, 0, 0, 0, 0, 0, 0, 0, 0, 0, 0, 0, 0, 290, 0, 0, 0, 0, 0, 0, 0, 0, 0, 0, 0, 0, 352, 0, 0, 0, 0, 0, 0, 0, 0, 0, 0, 0, 0, 322, 0, 0, 0, 0, 0, 0, 0, 0, 0, 0, 0, 407], 'packedBins': {'min': 0, 'size': 0.078125, 'count': 64}}",,,7805.475328,1.1513671875,"{'_type': 'histogram', 'values': [407, 0, 0, 0, 0, 0, 0, 0, 0, 0, 0, 0, 316, 0, 0, 0, 0, 0, 0, 0, 0, 0, 0, 0, 0, 332, 0, 0, 0, 0, 0, 0, 0, 0, 0, 0, 0, 0, 312, 0, 0, 0, 0, 0, 0, 0, 0, 0, 0, 0, 0, 340, 0, 0, 0, 0, 0, 0, 0, 0, 0, 0, 0, 341], 'packedBins': {'count': 64, 'min': 0, 'size': 0.078125}}",31.05432343539218,0.9982974589875186,0.0001951218502260596,"{'values': [393, 0, 0, 0, 0, 0, 0, 0, 0, 0, 0, 0, 341, 0, 0, 0, 0, 0, 0, 0, 0, 0, 0, 0, 0, 269, 0, 0, 0, 0, 0, 0, 0, 0, 0, 0, 0, 0, 401, 0, 0, 0, 0, 0, 0, 0, 0, 0, 0, 0, 0, 270, 0, 0, 0, 0, 0, 0, 0, 0, 0, 0, 0, 374], 'packedBins': {'min': 0, 'size': 0.078125, 'count': 64}, '_type': 'histogram'}",4793.834909728,,,,,5259.802017099108,,,,0.9977315380397946,0.9830168275162577,,,,23592960.0,,,1.166015625,0.9977270138657475,0.9923900852573974,,,"{'values': [383, 0, 0, 0, 0, 0, 0, 0, 0, 0, 0, 0, 267, 0, 0, 0, 0, 0, 0, 0, 0, 0, 0, 0, 0, 369, 0, 0, 0, 0, 0, 0, 0, 0, 0, 0, 0, 0, 375, 0, 0, 0, 0, 0, 0, 0, 0, 0, 0, 0, 0, 393, 0, 0, 0, 0, 0, 0, 0, 0, 0, 0, 0, 261], 'packedBins': {'min': 0, 'size': 0.078125, 'count': 64}, '_type': 'histogram'}",,,1.1455078125,12.092658929526806,"{'values': [348, 0, 0, 0, 0, 0, 0, 0, 0, 0, 0, 0, 360, 0, 0, 0, 0, 0, 0, 0, 0, 0, 0, 0, 0, 337, 0, 0, 0, 0, 0, 0, 0, 0, 0, 0, 0, 0, 291, 0, 0, 0, 0, 0, 0, 0, 0, 0, 0, 0, 0, 376, 0, 0, 0, 0, 0, 0, 0, 0, 0, 0, 0, 336], 'packedBins': {'min': 0, 'size': 0.078125, 'count': 64}, '_type': 'histogram'}",1.1015625,0.9876503476232737
,"{'values': [402, 0, 0, 0, 0, 0, 0, 0, 0, 0, 0, 0, 359, 0, 0, 0, 0, 0, 0, 0, 0, 0, 0, 0, 0, 311, 0, 0, 0, 0, 0, 0, 0, 0, 0, 0, 0, 0, 355, 0, 0, 0, 0, 0, 0, 0, 0, 0, 0, 0, 0, 323, 0, 0, 0, 0, 0, 0, 0, 0, 0, 0, 0, 298], 'packedBins': {'min': 0, 'size': 0.078125, 'count': 64}, '_type': 'histogram'}",0.4558897614479065,0.9939287701572342,380,1.212890625,3.4804102938622234,,,0.9971159177095231,1.2509765625,1.1455078125,1.2802734375,0.9940196528300054,,"{'values': [387, 0, 0, 0, 0, 0, 0, 0, 0, 0, 0, 0, 409, 0, 0, 0, 0, 0, 0, 0, 0, 0, 0, 0, 0, 397, 0, 0, 0, 0, 0, 0, 0, 0, 0, 0, 0, 0, 323, 0, 0, 0, 0, 0, 0, 0, 0, 0, 0, 0, 0, 282, 0, 0, 0, 0, 0, 0, 0, 0, 0, 0, 0, 250], 'packedBins': {'count': 64, 'min': 0, 'size': 0.078125}, '_type': 'histogram'}",1.3125,"{'packedBins': {'min': 0, 'size': 0.078125, 'count': 64}, '_type': 'histogram', 'values': [308, 0, 0, 0, 0, 0, 0, 0, 0, 0, 0, 0, 351, 0, 0, 0, 0, 0, 0, 0, 0, 0, 0, 0, 0, 332, 0, 0, 0, 0, 0, 0, 0, 0, 0, 0, 0, 0, 278, 0, 0, 0, 0, 0, 0, 0, 0, 0, 0, 0, 0, 393, 0, 0, 0, 0, 0, 0, 0, 0, 0, 0, 0, 386]}",,0.9910039581677099,,"{'values': [258, 0, 0, 0, 0, 0, 0, 0, 0, 0, 0, 0, 390, 0, 0, 0, 0, 0, 0, 0, 0, 0, 0, 0, 0, 318, 0, 0, 0, 0, 0, 0, 0, 0, 0, 0, 0, 0, 358, 0, 0, 0, 0, 0, 0, 0, 0, 0, 0, 0, 0, 331, 0, 0, 0, 0, 0, 0, 0, 0, 0, 0, 0, 393], 'packedBins': {'count': 64, 'min': 0, 'size': 0.078125}, '_type': 'histogram'}",1784896506.7655504,,,0.9959792189801716,,,,1.177734375,"{'_type': 'histogram', 'values': [297, 0, 0, 0, 0, 0, 0, 0, 0, 0, 0, 0, 307, 0, 0, 0, 0, 0, 0, 0, 0, 0, 0, 0, 0, 310, 0, 0, 0, 0, 0, 0, 0, 0, 0, 0, 0, 0, 448, 0, 0, 0, 0, 0, 0, 0, 0, 0, 0, 0, 0, 330, 0, 0, 0, 0, 0, 0, 0, 0, 0, 0, 0, 356], 'packedBins': {'min': 0, 'size': 0.078125, 'count': 64}}",,11423.186944,,,0.9927068439726706,,1.177734375,,,0.9887522501316448,"{'_type': 'histogram', 'values': [391, 0, 0, 0, 0, 0, 0, 0, 0, 0, 0, 0, 327, 0, 0, 0, 0, 0, 0, 0, 0, 0, 0, 0, 0, 345, 0, 0, 0, 0, 0, 0, 0, 0, 0, 0, 0, 0, 317, 0, 0, 0, 0, 0, 0, 0, 0, 0, 0, 0, 0, 303, 0, 0, 0, 0, 0, 0, 0, 0, 0, 0, 0, 365], 'packedBins': {'min': 0, 'size': 0.078125, 'count': 64}}",,,,,1.1513671875,"{'_type': 'histogram', 'values': [319, 0, 0, 0, 0, 0, 0, 0, 0, 0, 0, 0, 272, 0, 0, 0, 0, 0, 0, 0, 0, 0, 0, 0, 0, 427, 0, 0, 0, 0, 0, 0, 0, 0, 0, 0, 0, 0, 307, 0, 0, 0, 0, 0, 0, 0, 0, 0, 0, 0, 0, 342, 0, 0, 0, 0, 0, 0, 0, 0, 0, 0, 0, 381], 'packedBins': {'min': 0, 'size': 0.078125, 'count': 64}}",,"{'packedBins': {'count': 64, 'min': 0, 'size': 0.078125}, '_type': 'histogram', 'values': [370, 0, 0, 0, 0, 0, 0, 0, 0, 0, 0, 0, 359, 0, 0, 0, 0, 0, 0, 0, 0, 0, 0, 0, 0, 266, 0, 0, 0, 0, 0, 0, 0, 0, 0, 0, 0, 0, 320, 0, 0, 0, 0, 0, 0, 0, 0, 0, 0, 0, 0, 437, 0, 0, 0, 0, 0, 0, 0, 0, 0, 0, 0, 296]}",,,7805.475328,1.1630859375,"{'_type': 'histogram', 'values': [402, 0, 0, 0, 0, 0, 0, 0, 0, 0, 0, 0, 372, 0, 0, 0, 0, 0, 0, 0, 0, 0, 0, 0, 0, 332, 0, 0, 0, 0, 0, 0, 0, 0, 0, 0, 0, 0, 324, 0, 0, 0, 0, 0, 0, 0, 0, 0, 0, 0, 0, 324, 0, 0, 0, 0, 0, 0, 0, 0, 0, 0, 0, 294], 'packedBins': {'min': 0, 'size': 0.078125, 'count': 64}}",32.473042833126605,0.9961602524740297,0.0001944544365935916,"{'_type': 'histogram', 'values': [414, 0, 0, 0, 0, 0, 0, 0, 0, 0, 0, 0, 231, 0, 0, 0, 0, 0, 0, 0, 0, 0, 0, 0, 0, 400, 0, 0, 0, 0, 0, 0, 0, 0, 0, 0, 0, 0, 317, 0, 0, 0, 0, 0, 0, 0, 0, 0, 0, 0, 0, 290, 0, 0, 0, 0, 0, 0, 0, 0, 0, 0, 0, 396], 'packedBins': {'min': 0, 'size': 0.078125, 'count': 64}}",5041.403416795,,,,,5261.7547416664,,,,0.994676123790644,1.000851853378117,,,,24903680.0,,,1.1513671875,0.9970281620394023,0.9965196581828946,,,"{'values': [339, 0, 0, 0, 0, 0, 0, 0, 0, 0, 0, 0, 381, 0, 0, 0, 0, 0, 0, 0, 0, 0, 0, 0, 0, 336, 0, 0, 0, 0, 0, 0, 0, 0, 0, 0, 0, 0, 288, 0, 0, 0, 0, 0, 0, 0, 0, 0, 0, 0, 0, 307, 0, 0, 0, 0, 0, 0, 0, 0, 0, 0, 0, 397], 'packedBins': {'min': 0, 'size': 0.078125, 'count': 64}, '_type': 'histogram'}",,,1.1982421875,12.098448200523853,"{'values': [287, 0, 0, 0, 0, 0, 0, 0, 0, 0, 0, 0, 336, 0, 0, 0, 0, 0, 0, 0, 0, 0, 0, 0, 0, 407, 0, 0, 0, 0, 0, 0, 0, 0, 0, 0, 0, 0, 325, 0, 0, 0, 0, 0, 0, 0, 0, 0, 0, 0, 0, 314, 0, 0, 0, 0, 0, 0, 0, 0, 0, 0, 0, 379], 'packedBins': {'size': 0.078125, 'count': 64, 'min': 0}, '_type': 'histogram'}",1.1923828125,0.9979006623107933
,"{'_type': 'histogram', 'values': [393, 0, 0, 0, 0, 0, 0, 0, 0, 0, 0, 0, 390, 0, 0, 0, 0, 0, 0, 0, 0, 0, 0, 0, 0, 280, 0, 0, 0, 0, 0, 0, 0, 0, 0, 0, 0, 0, 335, 0, 0, 0, 0, 0, 0, 0, 0, 0, 0, 0, 0, 340, 0, 0, 0, 0, 0, 0, 0, 0, 0, 0, 0, 310], 'packedBins': {'count': 64, 'min': 0, 'size': 0.078125}}",0.4962652623653412,0.9961846031755188,400,1.154296875,3.412441748380661,,,0.9960589242817673,1.1572265625,1.1630859375,1.13671875,0.9904340453017091,,"{'values': [332, 0, 0, 0, 0, 0, 0, 0, 0, 0, 0, 0, 354, 0, 0, 0, 0, 0, 0, 0, 0, 0, 0, 0, 0, 290, 0, 0, 0, 0, 0, 0, 0, 0, 0, 0, 0, 0, 387, 0, 0, 0, 0, 0, 0, 0, 0, 0, 0, 0, 0, 289, 0, 0, 0, 0, 0, 0, 0, 0, 0, 0, 0, 396], 'packedBins': {'count': 64, 'min': 0, 'size': 0.078125}, '_type': 'histogram'}",1.2919921875,"{'_type': 'histogram', 'values': [363, 0, 0, 0, 0, 0, 0, 0, 0, 0, 0, 0, 285, 0, 0, 0, 0, 0, 0, 0, 0, 0, 0, 0, 0, 333, 0, 0, 0, 0, 0, 0, 0, 0, 0, 0, 0, 0, 398, 0, 0, 0, 0, 0, 0, 0, 0, 0, 0, 0, 0, 331, 0, 0, 0, 0, 0, 0, 0, 0, 0, 0, 0, 338], 'packedBins': {'min': 0, 'size': 0.078125, 'count': 64}}",,0.9957071697495998,,"{'values': [267, 0, 0, 0, 0, 0, 0, 0, 0, 0, 0, 0, 393, 0, 0, 0, 0, 0, 0, 0, 0, 0, 0, 0, 0, 448, 0, 0, 0, 0, 0, 0, 0, 0, 0, 0, 0, 0, 313, 0, 0, 0, 0, 0, 0, 0, 0, 0, 0, 0, 0, 280, 0, 0, 0, 0, 0, 0, 0, 0, 0, 0, 0, 347], 'packedBins': {'size': 0.078125, 'count': 64, 'min': 0}, '_type': 'histogram'}",1784896754.334542,,,0.9971818508930634,,,,1.107421875,"{'_type': 'histogram', 'values': [265, 0, 0, 0, 0, 0, 0, 0, 0, 0, 0, 0, 338, 0, 0, 0, 0, 0, 0, 0, 0, 0, 0, 0, 0, 403, 0, 0, 0, 0, 0, 0, 0, 0, 0, 0, 0, 0, 275, 0, 0, 0, 0, 0, 0, 0, 0, 0, 0, 0, 0, 326, 0, 0, 0, 0, 0, 0, 0, 0, 0, 0, 0, 441], 'packedBins': {'min': 0, 'size': 0.078125, 'count': 64}}",,11423.186944,,,0.9980568793793633,,1.1513671875,,,0.9966276395722852,"{'_type': 'histogram', 'values': [328, 0, 0, 0, 0, 0, 0, 0, 0, 0, 0, 0, 277, 0, 0, 0, 0, 0, 0, 0, 0, 0, 0, 0, 0, 331, 0, 0, 0, 0, 0, 0, 0, 0, 0, 0, 0, 0, 346, 0, 0, 0, 0, 0, 0, 0, 0, 0, 0, 0, 0, 369, 0, 0, 0, 0, 0, 0, 0, 0, 0, 0, 0, 397], 'packedBins': {'min': 0, 'size': 0.078125, 'count': 64}}",,,,,1.166015625,"{'_type': 'histogram', 'values': [289, 0, 0, 0, 0, 0, 0, 0, 0, 0, 0, 0, 344, 0, 0, 0, 0, 0, 0, 0, 0, 0, 0, 0, 0, 290, 0, 0, 0, 0, 0, 0, 0, 0, 0, 0, 0, 0, 360, 0, 0, 0, 0, 0, 0, 0, 0, 0, 0, 0, 0, 370, 0, 0, 0, 0, 0, 0, 0, 0, 0, 0, 0, 395], 'packedBins': {'min': 0, 'size': 0.078125, 'count': 64}}",,"{'_type': 'histogram', 'values': [317, 0, 0, 0, 0, 0, 0, 0, 0, 0, 0, 0, 360, 0, 0, 0, 0, 0, 0, 0, 0, 0, 0, 0, 0, 305, 0, 0, 0, 0, 0, 0, 0, 0, 0, 0, 0, 0, 324, 0, 0, 0, 0, 0, 0, 0, 0, 0, 0, 0, 0, 354, 0, 0, 0, 0, 0, 0, 0, 0, 0, 0, 0, 388], 'packedBins': {'min': 0, 'size': 0.078125, 'count': 64}}",,,7805.475328,1.212890625,"{'_type': 'histogram', 'values': [335, 0, 0, 0, 0, 0, 0, 0, 0, 0, 0, 0, 341, 0, 0, 0, 0, 0, 0, 0, 0, 0, 0, 0, 0, 358, 0, 0, 0, 0, 0, 0, 0, 0, 0, 0, 0, 0, 378, 0, 0, 0, 0, 0, 0, 0, 0, 0, 0, 0, 0, 293, 0, 0, 0, 0, 0, 0, 0, 0, 0, 0, 0, 343], 'packedBins': {'count': 64, 'min': 0, 'size': 0.078125}}",30.339234666777745,0.9973960838405913,0.0001937456870217854,"{'values': [286, 0, 0, 0, 0, 0, 0, 0, 0, 0, 0, 0, 360, 0, 0, 0, 0, 0, 0, 0, 0, 0, 0, 0, 0, 362, 0, 0, 0, 0, 0, 0, 0, 0, 0, 0, 0, 0, 346, 0, 0, 0, 0, 0, 0, 0, 0, 0, 0, 0, 0, 300, 0, 0, 0, 0, 0, 0, 0, 0, 0, 0, 0, 394], 'packedBins': {'min': 0, 'size': 0.078125, 'count': 64}, '_type': 'histogram'}",5289.43313588,,,,,5297.153851827061,,,,0.9905240630588534,0.9979837878607214,,,,26214400.0,,,1.3125,0.998375168329976,0.9900985911025056,,,"{'values': [298, 0, 0, 0, 0, 0, 0, 0, 0, 0, 0, 0, 414, 0, 0, 0, 0, 0, 0, 0, 0, 0, 0, 0, 0, 380, 0, 0, 0, 0, 0, 0, 0, 0, 0, 0, 0, 0, 399, 0, 0, 0, 0, 0, 0, 0, 0, 0, 0, 0, 0, 323, 0, 0, 0, 0, 0, 0, 0, 0, 0, 0, 0, 234], 'packedBins': {'min': 0, 'size': 0.078125, 'count': 64}, '_type': 'histogram'}",,,1.16015625,12.09581700861454,"{'values': [352, 0, 0, 0, 0, 0, 0, 0, 0, 0, 0, 0, 388, 0, 0, 0, 0, 0, 0, 0, 0, 0, 0, 0, 0, 332, 0, 0, 0, 0, 0, 0, 0, 0, 0, 0, 0, 0, 321, 0, 0, 0, 0, 0, 0, 0, 0, 0, 0, 0, 0, 287, 0, 0, 0, 0, 0, 0, 0, 0, 0, 0, 0, 368], 'packedBins': {'size': 0.078125, 'count': 64, 'min': 0}, '_type': 'histogram'}",1.13671875,0.9966369540482646
,"{'_type': 'histogram', 'values': [342, 0, 0, 0, 0, 0, 0, 0, 0, 0, 0, 0, 322, 0, 0, 0, 0, 0, 0, 0, 0, 0, 0, 0, 0, 292, 0, 0, 0, 0, 0, 0, 0, 0, 0, 0, 0, 0, 300, 0, 0, 0, 0, 0, 0, 0, 0, 0, 0, 0, 0, 411, 0, 0, 0, 0, 0, 0, 0, 0, 0, 0, 0, 381], 'packedBins': {'min': 0, 'size': 0.078125, 'count': 64}}",0.48622822761535645,0.9975388614509623,420,1.1748046875,3.424073216691613,,,0.9956916678002912,1.125,1.1953125,1.3447265625,0.9992440758749177,,"{'values': [404, 0, 0, 0, 0, 0, 0, 0, 0, 0, 0, 0, 379, 0, 0, 0, 0, 0, 0, 0, 0, 0, 0, 0, 0, 331, 0, 0, 0, 0, 0, 0, 0, 0, 0, 0, 0, 0, 250, 0, 0, 0, 0, 0, 0, 0, 0, 0, 0, 0, 0, 326, 0, 0, 0, 0, 0, 0, 0, 0, 0, 0, 0, 358], 'packedBins': {'min': 0, 'size': 0.078125, 'count': 64}, '_type': 'histogram'}",1.078125,"{'_type': 'histogram', 'values': [321, 0, 0, 0, 0, 0, 0, 0, 0, 0, 0, 0, 328, 0, 0, 0, 0, 0, 0, 0, 0, 0, 0, 0, 0, 372, 0, 0, 0, 0, 0, 0, 0, 0, 0, 0, 0, 0, 379, 0, 0, 0, 0, 0, 0, 0, 0, 0, 0, 0, 0, 330, 0, 0, 0, 0, 0, 0, 0, 0, 0, 0, 0, 318], 'packedBins': {'min': 0, 'size': 0.078125, 'count': 64}}",,0.9940517212401632,,"{'_type': 'histogram', 'values': [400, 0, 0, 0, 0, 0, 0, 0, 0, 0, 0, 0, 302, 0, 0, 0, 0, 0, 0, 0, 0, 0, 0, 0, 0, 351, 0, 0, 0, 0, 0, 0, 0, 0, 0, 0, 0, 0, 375, 0, 0, 0, 0, 0, 0, 0, 0, 0, 0, 0, 0, 321, 0, 0, 0, 0, 0, 0, 0, 0, 0, 0, 0, 299], 'packedBins': {'size': 0.078125, 'count': 64, 'min': 0}}",1784897002.364286,,,0.9985740989241089,,,,1.2626953125,"{'values': [368, 0, 0, 0, 0, 0, 0, 0, 0, 0, 0, 0, 316, 0, 0, 0, 0, 0, 0, 0, 0, 0, 0, 0, 0, 348, 0, 0, 0, 0, 0, 0, 0, 0, 0, 0, 0, 0, 321, 0, 0, 0, 0, 0, 0, 0, 0, 0, 0, 0, 0, 348, 0, 0, 0, 0, 0, 0, 0, 0, 0, 0, 0, 347], 'packedBins': {'min': 0, 'size': 0.078125, 'count': 64}, '_type': 'histogram'}",,11423.186944,,,0.9783961496097869,,1.2041015625,,,0.9966456032045312,"{'_type': 'histogram', 'values': [294, 0, 0, 0, 0, 0, 0, 0, 0, 0, 0, 0, 408, 0, 0, 0, 0, 0, 0, 0, 0, 0, 0, 0, 0, 284, 0, 0, 0, 0, 0, 0, 0, 0, 0, 0, 0, 0, 287, 0, 0, 0, 0, 0, 0, 0, 0, 0, 0, 0, 0, 405, 0, 0, 0, 0, 0, 0, 0, 0, 0, 0, 0, 370], 'packedBins': {'min': 0, 'size': 0.078125, 'count': 64}}",,,,,1.1103515625,"{'values': [332, 0, 0, 0, 0, 0, 0, 0, 0, 0, 0, 0, 342, 0, 0, 0, 0, 0, 0, 0, 0, 0, 0, 0, 0, 384, 0, 0, 0, 0, 0, 0, 0, 0, 0, 0, 0, 0, 379, 0, 0, 0, 0, 0, 0, 0, 0, 0, 0, 0, 0, 317, 0, 0, 0, 0, 0, 0, 0, 0, 0, 0, 0, 294], 'packedBins': {'min': 0, 'size': 0.078125, 'count': 64}, '_type': 'histogram'}",,"{'_type': 'histogram', 'values': [344, 0, 0, 0, 0, 0, 0, 0, 0, 0, 0, 0, 269, 0, 0, 0, 0, 0, 0, 0, 0, 0, 0, 0, 0, 429, 0, 0, 0, 0, 0, 0, 0, 0, 0, 0, 0, 0, 459, 0, 0, 0, 0, 0, 0, 0, 0, 0, 0, 0, 0, 360, 0, 0, 0, 0, 0, 0, 0, 0, 0, 0, 0, 187], 'packedBins': {'count': 64, 'min': 0, 'size': 0.078125}}",,,7805.475328,1.1982421875,"{'_type': 'histogram', 'values': [420, 0, 0, 0, 0, 0, 0, 0, 0, 0, 0, 0, 343, 0, 0, 0, 0, 0, 0, 0, 0, 0, 0, 0, 0, 236, 0, 0, 0, 0, 0, 0, 0, 0, 0, 0, 0, 0, 334, 0, 0, 0, 0, 0, 0, 0, 0, 0, 0, 0, 0, 284, 0, 0, 0, 0, 0, 0, 0, 0, 0, 0, 0, 431], 'packedBins': {'count': 64, 'min': 0, 'size': 0.078125}}",30.694184807249115,0.9899840230479582,0.00019299594840573004,"{'packedBins': {'min': 0, 'size': 0.078125, 'count': 64}, '_type': 'histogram', 'values': [401, 0, 0, 0, 0, 0, 0, 0, 0, 0, 0, 0, 339, 0, 0, 0, 0, 0, 0, 0, 0, 0, 0, 0, 0, 326, 0, 0, 0, 0, 0, 0, 0, 0, 0, 0, 0, 0, 340, 0, 0, 0, 0, 0, 0, 0, 0, 0, 0, 0, 0, 278, 0, 0, 0, 0, 0, 0, 0, 0, 0, 0, 0, 364]}",5537.829943454,,,,,5287.27838758963,,,,0.9966652301360595,1.01470599276945,,,,27525120.0,,,1.171875,0.9883530583039533,0.9963243868471822,,,"{'_type': 'histogram', 'values': [316, 0, 0, 0, 0, 0, 0, 0, 0, 0, 0, 0, 409, 0, 0, 0, 0, 0, 0, 0, 0, 0, 0, 0, 0, 297, 0, 0, 0, 0, 0, 0, 0, 0, 0, 0, 0, 0, 311, 0, 0, 0, 0, 0, 0, 0, 0, 0, 0, 0, 0, 338, 0, 0, 0, 0, 0, 0, 0, 0, 0, 0, 0, 377], 'packedBins': {'min': 0, 'size': 0.078125, 'count': 64}}",,,1.18359375,12.096142819523811,"{'_type': 'histogram', 'values': [346, 0, 0, 0, 0, 0, 0, 0, 0, 0, 0, 0, 303, 0, 0, 0, 0, 0, 0, 0, 0, 0, 0, 0, 0, 487, 0, 0, 0, 0, 0, 0, 0, 0, 0, 0, 0, 0, 296, 0, 0, 0, 0, 0, 0, 0, 0, 0, 0, 0, 0, 321, 0, 0, 0, 0, 0, 0, 0, 0, 0, 0, 0, 295], 'packedBins': {'count': 64, 'min': 0, 'size': 0.078125}}",1.4267578125,0.9929081697177696
,"{'_type': 'histogram', 'values': [321, 0, 0, 0, 0, 0, 0, 0, 0, 0, 0, 0, 322, 0, 0, 0, 0, 0, 0, 0, 0, 0, 0, 0, 0, 381, 0, 0, 0, 0, 0, 0, 0, 0, 0, 0, 0, 0, 315, 0, 0, 0, 0, 0, 0, 0, 0, 0, 0, 0, 0, 364, 0, 0, 0, 0, 0, 0, 0, 0, 0, 0, 0, 345], 'packedBins': {'min': 0, 'size': 0.078125, 'count': 64}}",0.4184757471084595,0.9915265002701581,440,1.2626953125,3.3828765785321595,,,0.9985840787198011,1.265625,1.294921875,1.16015625,0.9884338281170896,,"{'values': [351, 0, 0, 0, 0, 0, 0, 0, 0, 0, 0, 0, 292, 0, 0, 0, 0, 0, 0, 0, 0, 0, 0, 0, 0, 428, 0, 0, 0, 0, 0, 0, 0, 0, 0, 0, 0, 0, 287, 0, 0, 0, 0, 0, 0, 0, 0, 0, 0, 0, 0, 324, 0, 0, 0, 0, 0, 0, 0, 0, 0, 0, 0, 366], 'packedBins': {'size': 0.078125, 'count': 64, 'min': 0}, '_type': 'histogram'}",1.3681640625,"{'_type': 'histogram', 'values': [307, 0, 0, 0, 0, 0, 0, 0, 0, 0, 0, 0, 322, 0, 0, 0, 0, 0, 0, 0, 0, 0, 0, 0, 0, 334, 0, 0, 0, 0, 0, 0, 0, 0, 0, 0, 0, 0, 402, 0, 0, 0, 0, 0, 0, 0, 0, 0, 0, 0, 0, 314, 0, 0, 0, 0, 0, 0, 0, 0, 0, 0, 0, 369], 'packedBins': {'count': 64, 'min': 0, 'size': 0.078125}}",,0.9945626202476371,,"{'_type': 'histogram', 'values': [223, 0, 0, 0, 0, 0, 0, 0, 0, 0, 0, 0, 318, 0, 0, 0, 0, 0, 0, 0, 0, 0, 0, 0, 0, 388, 0, 0, 0, 0, 0, 0, 0, 0, 0, 0, 0, 0, 423, 0, 0, 0, 0, 0, 0, 0, 0, 0, 0, 0, 0, 332, 0, 0, 0, 0, 0, 0, 0, 0, 0, 0, 0, 364], 'packedBins': {'size': 0.078125, 'count': 64, 'min': 0}}",1784897250.7609084,,,0.9973457856703022,,,,1.171875,"{'values': [467, 0, 0, 0, 0, 0, 0, 0, 0, 0, 0, 0, 277, 0, 0, 0, 0, 0, 0, 0, 0, 0, 0, 0, 0, 321, 0, 0, 0, 0, 0, 0, 0, 0, 0, 0, 0, 0, 387, 0, 0, 0, 0, 0, 0, 0, 0, 0, 0, 0, 0, 340, 0, 0, 0, 0, 0, 0, 0, 0, 0, 0, 0, 256], 'packedBins': {'count': 64, 'min': 0, 'size': 0.078125}, '_type': 'histogram'}",,11423.186944,,,0.9913622993650343,,1.1162109375,,,0.9891014099169323,"{'_type': 'histogram', 'values': [299, 0, 0, 0, 0, 0, 0, 0, 0, 0, 0, 0, 315, 0, 0, 0, 0, 0, 0, 0, 0, 0, 0, 0, 0, 267, 0, 0, 0, 0, 0, 0, 0, 0, 0, 0, 0, 0, 381, 0, 0, 0, 0, 0, 0, 0, 0, 0, 0, 0, 0, 442, 0, 0, 0, 0, 0, 0, 0, 0, 0, 0, 0, 344], 'packedBins': {'min': 0, 'size': 0.078125, 'count': 64}}",,,,,1.177734375,"{'_type': 'histogram', 'values': [366, 0, 0, 0, 0, 0, 0, 0, 0, 0, 0, 0, 289, 0, 0, 0, 0, 0, 0, 0, 0, 0, 0, 0, 0, 292, 0, 0, 0, 0, 0, 0, 0, 0, 0, 0, 0, 0, 395, 0, 0, 0, 0, 0, 0, 0, 0, 0, 0, 0, 0, 274, 0, 0, 0, 0, 0, 0, 0, 0, 0, 0, 0, 432], 'packedBins': {'min': 0, 'size': 0.078125, 'count': 64}}",,"{'values': [375, 0, 0, 0, 0, 0, 0, 0, 0, 0, 0, 0, 384, 0, 0, 0, 0, 0, 0, 0, 0, 0, 0, 0, 0, 362, 0, 0, 0, 0, 0, 0, 0, 0, 0, 0, 0, 0, 231, 0, 0, 0, 0, 0, 0, 0, 0, 0, 0, 0, 0, 300, 0, 0, 0, 0, 0, 0, 0, 0, 0, 0, 0, 396], 'packedBins': {'count': 64, 'min': 0, 'size': 0.078125}, '_type': 'histogram'}",,,7805.475328,1.11328125,"{'_type': 'histogram', 'values': [400, 0, 0, 0, 0, 0, 0, 0, 0, 0, 0, 0, 379, 0, 0, 0, 0, 0, 0, 0, 0, 0, 0, 0, 0, 241, 0, 0, 0, 0, 0, 0, 0, 0, 0, 0, 0, 0, 394, 0, 0, 0, 0, 0, 0, 0, 0, 0, 0, 0, 0, 280, 0, 0, 0, 0, 0, 0, 0, 0, 0, 0, 0, 354], 'packedBins': {'min': 0, 'size': 0.078125, 'count': 64}}",29.455380076768044,0.9941249729405446,0.00019220558770246418,"{'values': [293, 0, 0, 0, 0, 0, 0, 0, 0, 0, 0, 0, 375, 0, 0, 0, 0, 0, 0, 0, 0, 0, 0, 0, 0, 355, 0, 0, 0, 0, 0, 0, 0, 0, 0, 0, 0, 0, 369, 0, 0, 0, 0, 0, 0, 0, 0, 0, 0, 0, 0, 431, 0, 0, 0, 0, 0, 0, 0, 0, 0, 0, 0, 225], 'packedBins': {'min': 0, 'size': 0.078125, 'count': 64}, '_type': 'histogram'}",5788.616468609,,,,,5279.490601028764,,,,0.9898589429419482,0.996325611602515,,,,28835840.0,,,1.2392578125,0.9909507325906844,0.9972440582862121,,,"{'values': [279, 0, 0, 0, 0, 0, 0, 0, 0, 0, 0, 0, 373, 0, 0, 0, 0, 0, 0, 0, 0, 0, 0, 0, 0, 329, 0, 0, 0, 0, 0, 0, 0, 0, 0, 0, 0, 0, 353, 0, 0, 0, 0, 0, 0, 0, 0, 0, 0, 0, 0, 380, 0, 0, 0, 0, 0, 0, 0, 0, 0, 0, 0, 334], 'packedBins': {'min': 0, 'size': 0.078125, 'count': 64}, '_type': 'histogram'}",,,1.25390625,12.09802474975586,"{'values': [417, 0, 0, 0, 0, 0, 0, 0, 0, 0, 0, 0, 367, 0, 0, 0, 0, 0, 0, 0, 0, 0, 0, 0, 0, 294, 0, 0, 0, 0, 0, 0, 0, 0, 0, 0, 0, 0, 350, 0, 0, 0, 0, 0, 0, 0, 0, 0, 0, 0, 0, 266, 0, 0, 0, 0, 0, 0, 0, 0, 0, 0, 0, 354], 'packedBins': {'count': 64, 'min': 0, 'size': 0.078125}, '_type': 'histogram'}",1.2216796875,0.9922773800980458
,"{'_type': 'histogram', 'values': [337, 0, 0, 0, 0, 0, 0, 0, 0, 0, 0, 0, 379, 0, 0, 0, 0, 0, 0, 0, 0, 0, 0, 0, 0, 323, 0, 0, 0, 0, 0, 0, 0, 0, 0, 0, 0, 0, 349, 0, 0, 0, 0, 0, 0, 0, 0, 0, 0, 0, 0, 273, 0, 0, 0, 0, 0, 0, 0, 0, 0, 0, 0, 387], 'packedBins': {'min': 0, 'size': 0.078125, 'count': 64}}",0.4476126432418823,0.9966818631288799,460,1.2158203125,3.382705444470048,,,0.9964856603455695,1.125,1.1337890625,1.060546875,0.9975693330938094,,"{'values': [295, 0, 0, 0, 0, 0, 0, 0, 0, 0, 0, 0, 367, 0, 0, 0, 0, 0, 0, 0, 0, 0, 0, 0, 0, 336, 0, 0, 0, 0, 0, 0, 0, 0, 0, 0, 0, 0, 372, 0, 0, 0, 0, 0, 0, 0, 0, 0, 0, 0, 0, 309, 0, 0, 0, 0, 0, 0, 0, 0, 0, 0, 0, 369], 'packedBins': {'min': 0, 'size': 0.078125, 'count': 64}, '_type': 'histogram'}",1.11328125,"{'_type': 'histogram', 'values': [353, 0, 0, 0, 0, 0, 0, 0, 0, 0, 0, 0, 307, 0, 0, 0, 0, 0, 0, 0, 0, 0, 0, 0, 0, 356, 0, 0, 0, 0, 0, 0, 0, 0, 0, 0, 0, 0, 367, 0, 0, 0, 0, 0, 0, 0, 0, 0, 0, 0, 0, 321, 0, 0, 0, 0, 0, 0, 0, 0, 0, 0, 0, 344], 'packedBins': {'min': 0, 'size': 0.078125, 'count': 64}}",,0.9977399210681762,,"{'_type': 'histogram', 'values': [307, 0, 0, 0, 0, 0, 0, 0, 0, 0, 0, 0, 304, 0, 0, 0, 0, 0, 0, 0, 0, 0, 0, 0, 0, 449, 0, 0, 0, 0, 0, 0, 0, 0, 0, 0, 0, 0, 286, 0, 0, 0, 0, 0, 0, 0, 0, 0, 0, 0, 0, 380, 0, 0, 0, 0, 0, 0, 0, 0, 0, 0, 0, 322], 'packedBins': {'size': 0.078125, 'count': 64, 'min': 0}}",1784897501.547578,,,0.998946544899345,,,,1.23046875,"{'values': [294, 0, 0, 0, 0, 0, 0, 0, 0, 0, 0, 0, 376, 0, 0, 0, 0, 0, 0, 0, 0, 0, 0, 0, 0, 327, 0, 0, 0, 0, 0, 0, 0, 0, 0, 0, 0, 0, 380, 0, 0, 0, 0, 0, 0, 0, 0, 0, 0, 0, 0, 315, 0, 0, 0, 0, 0, 0, 0, 0, 0, 0, 0, 356], 'packedBins': {'min': 0, 'size': 0.078125, 'count': 64}, '_type': 'histogram'}",,11423.186944,,,0.9995409415307777,,1.1337890625,,,0.9950434468040914,"{'_type': 'histogram', 'values': [336, 0, 0, 0, 0, 0, 0, 0, 0, 0, 0, 0, 387, 0, 0, 0, 0, 0, 0, 0, 0, 0, 0, 0, 0, 332, 0, 0, 0, 0, 0, 0, 0, 0, 0, 0, 0, 0, 333, 0, 0, 0, 0, 0, 0, 0, 0, 0, 0, 0, 0, 328, 0, 0, 0, 0, 0, 0, 0, 0, 0, 0, 0, 332], 'packedBins': {'min': 0, 'size': 0.078125, 'count': 64}}",,,,,1.0751953125,"{'_type': 'histogram', 'values': [335, 0, 0, 0, 0, 0, 0, 0, 0, 0, 0, 0, 305, 0, 0, 0, 0, 0, 0, 0, 0, 0, 0, 0, 0, 358, 0, 0, 0, 0, 0, 0, 0, 0, 0, 0, 0, 0, 384, 0, 0, 0, 0, 0, 0, 0, 0, 0, 0, 0, 0, 381, 0, 0, 0, 0, 0, 0, 0, 0, 0, 0, 0, 285], 'packedBins': {'size': 0.078125, 'count': 64, 'min': 0}}",,"{'packedBins': {'min': 0, 'size': 0.078125, 'count': 64}, '_type': 'histogram', 'values': [325, 0, 0, 0, 0, 0, 0, 0, 0, 0, 0, 0, 326, 0, 0, 0, 0, 0, 0, 0, 0, 0, 0, 0, 0, 334, 0, 0, 0, 0, 0, 0, 0, 0, 0, 0, 0, 0, 350, 0, 0, 0, 0, 0, 0, 0, 0, 0, 0, 0, 0, 362, 0, 0, 0, 0, 0, 0, 0, 0, 0, 0, 0, 351]}",,,7805.475328,1.0810546875,"{'_type': 'histogram', 'values': [312, 0, 0, 0, 0, 0, 0, 0, 0, 0, 0, 0, 328, 0, 0, 0, 0, 0, 0, 0, 0, 0, 0, 0, 0, 420, 0, 0, 0, 0, 0, 0, 0, 0, 0, 0, 0, 0, 284, 0, 0, 0, 0, 0, 0, 0, 0, 0, 0, 0, 0, 372, 0, 0, 0, 0, 0, 0, 0, 0, 0, 0, 0, 332], 'packedBins': {'min': 0, 'size': 0.078125, 'count': 64}}",29.450339689227764,0.9923932787920189,0.00019137499175137012,"{'values': [358, 0, 0, 0, 0, 0, 0, 0, 0, 0, 0, 0, 324, 0, 0, 0, 0, 0, 0, 0, 0, 0, 0, 0, 0, 355, 0, 0, 0, 0, 0, 0, 0, 0, 0, 0, 0, 0, 264, 0, 0, 0, 0, 0, 0, 0, 0, 0, 0, 0, 0, 332, 0, 0, 0, 0, 0, 0, 0, 0, 0, 0, 0, 415], 'packedBins': {'min': 0, 'size': 0.078125, 'count': 64}, '_type': 'histogram'}",6039.675061099,,,,,5229.165677999394,,,,0.9927075758243546,0.9985775861889123,,,,30146560.0,,,1.3154296875,0.9954821586227244,0.998469111473426,,,"{'values': [355, 0, 0, 0, 0, 0, 0, 0, 0, 0, 0, 0, 294, 0, 0, 0, 0, 0, 0, 0, 0, 0, 0, 0, 0, 327, 0, 0, 0, 0, 0, 0, 0, 0, 0, 0, 0, 0, 369, 0, 0, 0, 0, 0, 0, 0, 0, 0, 0, 0, 0, 343, 0, 0, 0, 0, 0, 0, 0, 0, 0, 0, 0, 360], 'packedBins': {'min': 0, 'size': 0.078125, 'count': 64}, '_type': 'histogram'}",,,1.08984375,12.088647322356701,"{'values': [331, 0, 0, 0, 0, 0, 0, 0, 0, 0, 0, 0, 430, 0, 0, 0, 0, 0, 0, 0, 0, 0, 0, 0, 0, 394, 0, 0, 0, 0, 0, 0, 0, 0, 0, 0, 0, 0, 263, 0, 0, 0, 0, 0, 0, 0, 0, 0, 0, 0, 0, 294, 0, 0, 0, 0, 0, 0, 0, 0, 0, 0, 0, 336], 'packedBins': {'min': 0, 'size': 0.078125, 'count': 64}, '_type': 'histogram'}",1.259765625,0.9990208611112669
,"{'_type': 'histogram', 'values': [331, 0, 0, 0, 0, 0, 0, 0, 0, 0, 0, 0, 384, 0, 0, 0, 0, 0, 0, 0, 0, 0, 0, 0, 0, 338, 0, 0, 0, 0, 0, 0, 0, 0, 0, 0, 0, 0, 297, 0, 0, 0, 0, 0, 0, 0, 0, 0, 0, 0, 0, 340, 0, 0, 0, 0, 0, 0, 0, 0, 0, 0, 0, 358], 'packedBins': {'size': 0.078125, 'count': 64, 'min': 0}}",0.4604026675224304,0.999260642335767,480,1.2392578125,3.3643645381554963,,,0.9983234729882898,1.0751953125,1.1455078125,1.30078125,0.9990390243394269,,"{'values': [369, 0, 0, 0, 0, 0, 0, 0, 0, 0, 0, 0, 287, 0, 0, 0, 0, 0, 0, 0, 0, 0, 0, 0, 0, 384, 0, 0, 0, 0, 0, 0, 0, 0, 0, 0, 0, 0, 342, 0, 0, 0, 0, 0, 0, 0, 0, 0, 0, 0, 0, 334, 0, 0, 0, 0, 0, 0, 0, 0, 0, 0, 0, 332], 'packedBins': {'size': 0.078125, 'count': 64, 'min': 0}, '_type': 'histogram'}",1.0546875,"{'_type': 'histogram', 'values': [284, 0, 0, 0, 0, 0, 0, 0, 0, 0, 0, 0, 397, 0, 0, 0, 0, 0, 0, 0, 0, 0, 0, 0, 0, 384, 0, 0, 0, 0, 0, 0, 0, 0, 0, 0, 0, 0, 355, 0, 0, 0, 0, 0, 0, 0, 0, 0, 0, 0, 0, 282, 0, 0, 0, 0, 0, 0, 0, 0, 0, 0, 0, 346], 'packedBins': {'count': 64, 'min': 0, 'size': 0.078125}}",,0.9977008002690624,,"{'_type': 'histogram', 'values': [319, 0, 0, 0, 0, 0, 0, 0, 0, 0, 0, 0, 354, 0, 0, 0, 0, 0, 0, 0, 0, 0, 0, 0, 0, 399, 0, 0, 0, 0, 0, 0, 0, 0, 0, 0, 0, 0, 294, 0, 0, 0, 0, 0, 0, 0, 0, 0, 0, 0, 0, 296, 0, 0, 0, 0, 0, 0, 0, 0, 0, 0, 0, 386], 'packedBins': {'count': 64, 'min': 0, 'size': 0.078125}}",1784897752.6061132,,,0.9951575491348399,,,,1.0517578125,"{'_type': 'histogram', 'values': [358, 0, 0, 0, 0, 0, 0, 0, 0, 0, 0, 0, 351, 0, 0, 0, 0, 0, 0, 0, 0, 0, 0, 0, 0, 349, 0, 0, 0, 0, 0, 0, 0, 0, 0, 0, 0, 0, 360, 0, 0, 0, 0, 0, 0, 0, 0, 0, 0, 0, 0, 305, 0, 0, 0, 0, 0, 0, 0, 0, 0, 0, 0, 325], 'packedBins': {'size': 0.078125, 'count': 64, 'min': 0}}",,11423.186944,,,0.9916838483822399,,1.125,,,0.9932892648492725,"{'_type': 'histogram', 'values': [319, 0, 0, 0, 0, 0, 0, 0, 0, 0, 0, 0, 314, 0, 0, 0, 0, 0, 0, 0, 0, 0, 0, 0, 0, 339, 0, 0, 0, 0, 0, 0, 0, 0, 0, 0, 0, 0, 365, 0, 0, 0, 0, 0, 0, 0, 0, 0, 0, 0, 0, 391, 0, 0, 0, 0, 0, 0, 0, 0, 0, 0, 0, 320], 'packedBins': {'min': 0, 'size': 0.078125, 'count': 64}}",,,,,1.1630859375,"{'_type': 'histogram', 'values': [338, 0, 0, 0, 0, 0, 0, 0, 0, 0, 0, 0, 367, 0, 0, 0, 0, 0, 0, 0, 0, 0, 0, 0, 0, 357, 0, 0, 0, 0, 0, 0, 0, 0, 0, 0, 0, 0, 333, 0, 0, 0, 0, 0, 0, 0, 0, 0, 0, 0, 0, 312, 0, 0, 0, 0, 0, 0, 0, 0, 0, 0, 0, 341], 'packedBins': {'count': 64, 'min': 0, 'size': 0.078125}}",,"{'values': [348, 0, 0, 0, 0, 0, 0, 0, 0, 0, 0, 0, 262, 0, 0, 0, 0, 0, 0, 0, 0, 0, 0, 0, 0, 314, 0, 0, 0, 0, 0, 0, 0, 0, 0, 0, 0, 0, 444, 0, 0, 0, 0, 0, 0, 0, 0, 0, 0, 0, 0, 298, 0, 0, 0, 0, 0, 0, 0, 0, 0, 0, 0, 382], 'packedBins': {'min': 0, 'size': 0.078125, 'count': 64}, '_type': 'histogram'}",,,7805.475328,1.1220703125,"{'_type': 'histogram', 'values': [346, 0, 0, 0, 0, 0, 0, 0, 0, 0, 0, 0, 349, 0, 0, 0, 0, 0, 0, 0, 0, 0, 0, 0, 0, 359, 0, 0, 0, 0, 0, 0, 0, 0, 0, 0, 0, 0, 347, 0, 0, 0, 0, 0, 0, 0, 0, 0, 0, 0, 0, 340, 0, 0, 0, 0, 0, 0, 0, 0, 0, 0, 0, 307], 'packedBins': {'min': 0, 'size': 0.078125, 'count': 64}}",28.91511700609451,0.9996362153136533,0.00019050456708483664,"{'values': [320, 0, 0, 0, 0, 0, 0, 0, 0, 0, 0, 0, 287, 0, 0, 0, 0, 0, 0, 0, 0, 0, 0, 0, 0, 406, 0, 0, 0, 0, 0, 0, 0, 0, 0, 0, 0, 0, 321, 0, 0, 0, 0, 0, 0, 0, 0, 0, 0, 0, 0, 423, 0, 0, 0, 0, 0, 0, 0, 0, 0, 0, 0, 291], 'packedBins': {'min': 0, 'size': 0.078125, 'count': 64}, '_type': 'histogram'}",6290.895049914,,,,,5223.475872303216,,,,0.9959126870088897,0.995689343009144,,,,31457280.0,,,1.1689453125,0.9993449383433811,0.998801172542094,,,"{'values': [319, 0, 0, 0, 0, 0, 0, 0, 0, 0, 0, 0, 358, 0, 0, 0, 0, 0, 0, 0, 0, 0, 0, 0, 0, 332, 0, 0, 0, 0, 0, 0, 0, 0, 0, 0, 0, 0, 383, 0, 0, 0, 0, 0, 0, 0, 0, 0, 0, 0, 0, 321, 0, 0, 0, 0, 0, 0, 0, 0, 0, 0, 0, 335], 'packedBins': {'min': 0, 'size': 0.078125, 'count': 64}, '_type': 'histogram'}",,,1.125,12.098253732919693,"{'values': [325, 0, 0, 0, 0, 0, 0, 0, 0, 0, 0, 0, 338, 0, 0, 0, 0, 0, 0, 0, 0, 0, 0, 0, 0, 357, 0, 0, 0, 0, 0, 0, 0, 0, 0, 0, 0, 0, 353, 0, 0, 0, 0, 0, 0, 0, 0, 0, 0, 0, 0, 327, 0, 0, 0, 0, 0, 0, 0, 0, 0, 0, 0, 348], 'packedBins': {'min': 0, 'size': 0.078125, 'count': 64}, '_type': 'histogram'}",1.0458984375,0.9981433709420298
"{'packedBins': {'count': 64, 'min': 0, 'size': 0.078125}, '_type': 'histogram', 'values': [16409, 0, 0, 0, 0, 0, 0, 0, 0, 0, 0, 0, 15959, 0, 0, 0, 0, 0, 0, 0, 0, 0, 0, 0, 0, 14311, 0, 0, 0, 0, 0, 0, 0, 0, 0, 0, 0, 0, 16110, 0, 0, 0, 0, 0, 0, 0, 0, 0, 0, 0, 0, 20191, 0, 0, 0, 0, 0, 0, 0, 0, 0, 0, 0, 19420]}","{'_type': 'histogram', 'values': [300, 0, 0, 0, 0, 0, 0, 0, 0, 0, 0, 0, 307, 0, 0, 0, 0, 0, 0, 0, 0, 0, 0, 0, 0, 338, 0, 0, 0, 0, 0, 0, 0, 0, 0, 0, 0, 0, 417, 0, 0, 0, 0, 0, 0, 0, 0, 0, 0, 0, 0, 365, 0, 0, 0, 0, 0, 0, 0, 0, 0, 0, 0, 321], 'packedBins': {'size': 0.078125, 'count': 64, 'min': 0}}",0.4453330934047699,0.9955226765932351,500,1.1572265625,3.377418045885861,0.997893277261981,1.1830663681030273,0.9962768164877156,1.1455078125,1.166015625,1.189453125,0.9966954356510214,1.0660547018051147,"{'values': [325, 0, 0, 0, 0, 0, 0, 0, 0, 0, 0, 0, 390, 0, 0, 0, 0, 0, 0, 0, 0, 0, 0, 0, 0, 335, 0, 0, 0, 0, 0, 0, 0, 0, 0, 0, 0, 0, 349, 0, 0, 0, 0, 0, 0, 0, 0, 0, 0, 0, 0, 268, 0, 0, 0, 0, 0, 0, 0, 0, 0, 0, 0, 381], 'packedBins': {'count': 64, 'min': 0, 'size': 0.078125}, '_type': 'histogram'}",1.2216796875,"{'values': [428, 0, 0, 0, 0, 0, 0, 0, 0, 0, 0, 0, 334, 0, 0, 0, 0, 0, 0, 0, 0, 0, 0, 0, 0, 353, 0, 0, 0, 0, 0, 0, 0, 0, 0, 0, 0, 0, 301, 0, 0, 0, 0, 0, 0, 0, 0, 0, 0, 0, 0, 286, 0, 0, 0, 0, 0, 0, 0, 0, 0, 0, 0, 346], 'packedBins': {'count': 64, 'min': 0, 'size': 0.078125}, '_type': 'histogram'}","{'values': [17365, 0, 0, 0, 0, 0, 0, 0, 0, 0, 0, 0, 16638, 0, 0, 0, 0, 0, 0, 0, 0, 0, 0, 0, 0, 17020, 0, 0, 0, 0, 0, 0, 0, 0, 0, 0, 0, 0, 18010, 0, 0, 0, 0, 0, 0, 0, 0, 0, 0, 0, 0, 16753, 0, 0, 0, 0, 0, 0, 0, 0, 0, 0, 0, 16614], 'packedBins': {'min': 0, 'size': 0.078125, 'count': 64}, '_type': 'histogram'}",0.9960242611247294,0.9994993590487264,"{'values': [349, 0, 0, 0, 0, 0, 0, 0, 0, 0, 0, 0, 297, 0, 0, 0, 0, 0, 0, 0, 0, 0, 0, 0, 0, 332, 0, 0, 0, 0, 0, 0, 0, 0, 0, 0, 0, 0, 391, 0, 0, 0, 0, 0, 0, 0, 0, 0, 0, 0, 0, 333, 0, 0, 0, 0, 0, 0, 0, 0, 0, 0, 0, 346], 'packedBins': {'size': 0.078125, 'count': 64, 'min': 0}, '_type': 'histogram'}",1784898012.0333867,1.0872657299041748,"{'packedBins': {'min': 0, 'size': 0.078125, 'count': 64}, '_type': 'histogram', 'values': [18414, 0, 0, 0, 0, 0, 0, 0, 0, 0, 0, 0, 15681, 0, 0, 0, 0, 0, 0, 0, 0, 0, 0, 0, 0, 17273, 0, 0, 0, 0, 0, 0, 0, 0, 0, 0, 0, 0, 16907, 0, 0, 0, 0, 0, 0, 0, 0, 0, 0, 0, 0, 17065, 0, 0, 0, 0, 0, 0, 0, 0, 0, 0, 0, 17060]}",0.9951725188283783,1.0444921255111694,1.7401196205689966,57.72611479395856,1.4033203125,"{'_type': 'histogram', 'values': [332, 0, 0, 0, 0, 0, 0, 0, 0, 0, 0, 0, 294, 0, 0, 0, 0, 0, 0, 0, 0, 0, 0, 0, 0, 417, 0, 0, 0, 0, 0, 0, 0, 0, 0, 0, 0, 0, 321, 0, 0, 0, 0, 0, 0, 0, 0, 0, 0, 0, 0, 336, 0, 0, 0, 0, 0, 0, 0, 0, 0, 0, 0, 348], 'packedBins': {'min': 0, 'size': 0.078125, 'count': 64}}","{'_type': 'histogram', 'values': [16174, 0, 0, 0, 0, 0, 0, 0, 0, 0, 0, 0, 19482, 0, 0, 0, 0, 0, 0, 0, 0, 0, 0, 0, 0, 21679, 0, 0, 0, 0, 0, 0, 0, 0, 0, 0, 0, 0, 12952, 0, 0, 0, 0, 0, 0, 0, 0, 0, 0, 0, 0, 16245, 0, 0, 0, 0, 0, 0, 0, 0, 0, 0, 0, 15868], 'packedBins': {'size': 0.078125, 'count': 64, 'min': 0}}",11423.186944,0.9959794851080567,0.9974019386540641,0.9935794773080042,1.078945279121399,1.2216796875,0.9947520367698767,"{'_type': 'histogram', 'values': [13792, 0, 0, 0, 0, 0, 0, 0, 0, 0, 0, 0, 17129, 0, 0, 0, 0, 0, 0, 0, 0, 0, 0, 0, 0, 17560, 0, 0, 0, 0, 0, 0, 0, 0, 0, 0, 0, 0, 18946, 0, 0, 0, 0, 0, 0, 0, 0, 0, 0, 0, 0, 21230, 0, 0, 0, 0, 0, 0, 0, 0, 0, 0, 0, 13743], 'packedBins': {'min': 0, 'size': 0.078125, 'count': 64}}",0.9955094367309499,"{'packedBins': {'min': 0, 'size': 0.078125, 'count': 64}, '_type': 'histogram', 'values': [398, 0, 0, 0, 0, 0, 0, 0, 0, 0, 0, 0, 313, 0, 0, 0, 0, 0, 0, 0, 0, 0, 0, 0, 0, 347, 0, 0, 0, 0, 0, 0, 0, 0, 0, 0, 0, 0, 363, 0, 0, 0, 0, 0, 0, 0, 0, 0, 0, 0, 0, 299, 0, 0, 0, 0, 0, 0, 0, 0, 0, 0, 0, 328]}",0.9998421317647709,"{'packedBins': {'min': 0, 'size': 0.078125, 'count': 64}, '_type': 'histogram', 'values': [14368, 0, 0, 0, 0, 0, 0, 0, 0, 0, 0, 0, 18169, 0, 0, 0, 0, 0, 0, 0, 0, 0, 0, 0, 0, 19337, 0, 0, 0, 0, 0, 0, 0, 0, 0, 0, 0, 0, 16245, 0, 0, 0, 0, 0, 0, 0, 0, 0, 0, 0, 0, 18076, 0, 0, 0, 0, 0, 0, 0, 0, 0, 0, 0, 16205]}",0.2895703125,1.1330273151397705,1.25390625,"{'_type': 'histogram', 'values': [387, 0, 0, 0, 0, 0, 0, 0, 0, 0, 0, 0, 274, 0, 0, 0, 0, 0, 0, 0, 0, 0, 0, 0, 0, 391, 0, 0, 0, 0, 0, 0, 0, 0, 0, 0, 0, 0, 352, 0, 0, 0, 0, 0, 0, 0, 0, 0, 0, 0, 0, 299, 0, 0, 0, 0, 0, 0, 0, 0, 0, 0, 0, 345], 'packedBins': {'min': 0, 'size': 0.078125, 'count': 64}}",0.9997675494249638,"{'values': [355, 0, 0, 0, 0, 0, 0, 0, 0, 0, 0, 0, 343, 0, 0, 0, 0, 0, 0, 0, 0, 0, 0, 0, 0, 406, 0, 0, 0, 0, 0, 0, 0, 0, 0, 0, 0, 0, 319, 0, 0, 0, 0, 0, 0, 0, 0, 0, 0, 0, 0, 246, 0, 0, 0, 0, 0, 0, 0, 0, 0, 0, 0, 379], 'packedBins': {'min': 0, 'size': 0.078125, 'count': 64}, '_type': 'histogram'}",1.2439452409744263,"{'_type': 'histogram', 'values': [17849, 0, 0, 0, 0, 0, 0, 0, 0, 0, 0, 0, 20110, 0, 0, 0, 0, 0, 0, 0, 0, 0, 0, 0, 0, 18071, 0, 0, 0, 0, 0, 0, 0, 0, 0, 0, 0, 0, 14438, 0, 0, 0, 0, 0, 0, 0, 0, 0, 0, 0, 0, 18403, 0, 0, 0, 0, 0, 0, 0, 0, 0, 0, 0, 13529], 'packedBins': {'count': 64, 'min': 0, 'size': 0.078125}}",7805.475328,1.2421875,"{'_type': 'histogram', 'values': [286, 0, 0, 0, 0, 0, 0, 0, 0, 0, 0, 0, 344, 0, 0, 0, 0, 0, 0, 0, 0, 0, 0, 0, 0, 254, 0, 0, 0, 0, 0, 0, 0, 0, 0, 0, 0, 0, 479, 0, 0, 0, 0, 0, 0, 0, 0, 0, 0, 0, 0, 328, 0, 0, 0, 0, 0, 0, 0, 0, 0, 0, 0, 357], 'packedBins': {'min': 0, 'size': 0.078125, 'count': 64}}",29.29503494570729,0.9978796382078682,0.00018959473972928302,"{'_type': 'histogram', 'values': [306, 0, 0, 0, 0, 0, 0, 0, 0, 0, 0, 0, 272, 0, 0, 0, 0, 0, 0, 0, 0, 0, 0, 0, 0, 357, 0, 0, 0, 0, 0, 0, 0, 0, 0, 0, 0, 0, 334, 0, 0, 0, 0, 0, 0, 0, 0, 0, 0, 0, 0, 384, 0, 0, 0, 0, 0, 0, 0, 0, 0, 0, 0, 395], 'packedBins': {'min': 0, 'size': 0.078125, 'count': 64}}",6570.978284072,"{'values': [17897, 0, 0, 0, 0, 0, 0, 0, 0, 0, 0, 0, 17581, 0, 0, 0, 0, 0, 0, 0, 0, 0, 0, 0, 0, 18098, 0, 0, 0, 0, 0, 0, 0, 0, 0, 0, 0, 0, 15868, 0, 0, 0, 0, 0, 0, 0, 0, 0, 0, 0, 0, 14392, 0, 0, 0, 0, 0, 0, 0, 0, 0, 0, 0, 18564], 'packedBins': {'size': 0.078125, 'count': 64, 'min': 0}, '_type': 'histogram'}",0.9931251304761199,0.9992869889963946,1.055273413658142,5220.114795296605,0.992557546229114,0.9992677612566941,4.055709667205811,0.9981439031978,1.0061080356594174,"{'packedBins': {'size': 0.078125, 'count': 64, 'min': 0}, '_type': 'histogram', 'values': [16381, 0, 0, 0, 0, 0, 0, 0, 0, 0, 0, 0, 17014, 0, 0, 0, 0, 0, 0, 0, 0, 0, 0, 0, 0, 16534, 0, 0, 0, 0, 0, 0, 0, 0, 0, 0, 0, 0, 17826, 0, 0, 0, 0, 0, 0, 0, 0, 0, 0, 0, 0, 18556, 0, 0, 0, 0, 0, 0, 0, 0, 0, 0, 0, 16089]}","{'packedBins': {'min': 0, 'size': 0.078125, 'count': 64}, '_type': 'histogram', 'values': [16545, 0, 0, 0, 0, 0, 0, 0, 0, 0, 0, 0, 16769, 0, 0, 0, 0, 0, 0, 0, 0, 0, 0, 0, 0, 17826, 0, 0, 0, 0, 0, 0, 0, 0, 0, 0, 0, 0, 17199, 0, 0, 0, 0, 0, 0, 0, 0, 0, 0, 0, 0, 17165, 0, 0, 0, 0, 0, 0, 0, 0, 0, 0, 0, 16896]}","{'_type': 'histogram', 'values': [16691, 0, 0, 0, 0, 0, 0, 0, 0, 0, 0, 0, 17295, 0, 0, 0, 0, 0, 0, 0, 0, 0, 0, 0, 0, 18194, 0, 0, 0, 0, 0, 0, 0, 0, 0, 0, 0, 0, 17356, 0, 0, 0, 0, 0, 0, 0, 0, 0, 0, 0, 0, 17052, 0, 0, 0, 0, 0, 0, 0, 0, 0, 0, 0, 15812], 'packedBins': {'min': 0, 'size': 0.078125, 'count': 64}}",32768000.0,"{'_type': 'histogram', 'values': [17980, 0, 0, 0, 0, 0, 0, 0, 0, 0, 0, 0, 16652, 0, 0, 0, 0, 0, 0, 0, 0, 0, 0, 0, 0, 18133, 0, 0, 0, 0, 0, 0, 0, 0, 0, 0, 0, 0, 15541, 0, 0, 0, 0, 0, 0, 0, 0, 0, 0, 0, 0, 16850, 0, 0, 0, 0, 0, 0, 0, 0, 0, 0, 0, 17244], 'packedBins': {'count': 64, 'min': 0, 'size': 0.078125}}",1.0624804496765137,1.1455078125,0.9884765416426525,0.9940759388777098,1.178320288658142,0.9993913776593359,"{'packedBins': {'count': 64, 'min': 0, 'size': 0.078125}, '_type': 'histogram', 'values': [327, 0, 0, 0, 0, 0, 0, 0, 0, 0, 0, 0, 323, 0, 0, 0, 0, 0, 0, 0, 0, 0, 0, 0, 0, 391, 0, 0, 0, 0, 0, 0, 0, 0, 0, 0, 0, 0, 304, 0, 0, 0, 0, 0, 0, 0, 0, 0, 0, 0, 0, 279, 0, 0, 0, 0, 0, 0, 0, 0, 0, 0, 0, 424]}",1.087734341621399,1.2702537775039673,1.142578125,12.090947452187539,"{'packedBins': {'min': 0, 'size': 0.078125, 'count': 64}, '_type': 'histogram', 'values': [321, 0, 0, 0, 0, 0, 0, 0, 0, 0, 0, 0, 344, 0, 0, 0, 0, 0, 0, 0, 0, 0, 0, 0, 0, 389, 0, 0, 0, 0, 0, 0, 0, 0, 0, 0, 0, 0, 334, 0, 0, 0, 0, 0, 0, 0, 0, 0, 0, 0, 0, 364, 0, 0, 0, 0, 0, 0, 0, 0, 0, 0, 0, 296]}",1.1396484375,0.9974387973661543
,"{'values': [370, 0, 0, 0, 0, 0, 0, 0, 0, 0, 0, 0, 355, 0, 0, 0, 0, 0, 0, 0, 0, 0, 0, 0, 0, 341, 0, 0, 0, 0, 0, 0, 0, 0, 0, 0, 0, 0, 314, 0, 0, 0, 0, 0, 0, 0, 0, 0, 0, 0, 0, 326, 0, 0, 0, 0, 0, 0, 0, 0, 0, 0, 0, 342], 'packedBins': {'count': 64, 'min': 0, 'size': 0.078125}, '_type': 'histogram'}",0.457194983959198,0.9981122339794698,520,1.224609375,3.2957943687215447,,,0.9992052212036892,1.0986328125,1.142578125,1.11328125,0.9983017170336806,,"{'values': [301, 0, 0, 0, 0, 0, 0, 0, 0, 0, 0, 0, 312, 0, 0, 0, 0, 0, 0, 0, 0, 0, 0, 0, 0, 324, 0, 0, 0, 0, 0, 0, 0, 0, 0, 0, 0, 0, 431, 0, 0, 0, 0, 0, 0, 0, 0, 0, 0, 0, 0, 325, 0, 0, 0, 0, 0, 0, 0, 0, 0, 0, 0, 355], 'packedBins': {'count': 64, 'min': 0, 'size': 0.078125}, '_type': 'histogram'}",1.125,"{'_type': 'histogram', 'values': [302, 0, 0, 0, 0, 0, 0, 0, 0, 0, 0, 0, 293, 0, 0, 0, 0, 0, 0, 0, 0, 0, 0, 0, 0, 312, 0, 0, 0, 0, 0, 0, 0, 0, 0, 0, 0, 0, 417, 0, 0, 0, 0, 0, 0, 0, 0, 0, 0, 0, 0, 352, 0, 0, 0, 0, 0, 0, 0, 0, 0, 0, 0, 372], 'packedBins': {'size': 0.078125, 'count': 64, 'min': 0}}",,0.995705306854404,,"{'_type': 'histogram', 'values': [341, 0, 0, 0, 0, 0, 0, 0, 0, 0, 0, 0, 354, 0, 0, 0, 0, 0, 0, 0, 0, 0, 0, 0, 0, 306, 0, 0, 0, 0, 0, 0, 0, 0, 0, 0, 0, 0, 299, 0, 0, 0, 0, 0, 0, 0, 0, 0, 0, 0, 0, 386, 0, 0, 0, 0, 0, 0, 0, 0, 0, 0, 0, 362], 'packedBins': {'min': 0, 'size': 0.078125, 'count': 64}}",1784898283.9092247,,,0.9954806283873849,,,,1.3447265625,"{'_type': 'histogram', 'values': [314, 0, 0, 0, 0, 0, 0, 0, 0, 0, 0, 0, 342, 0, 0, 0, 0, 0, 0, 0, 0, 0, 0, 0, 0, 335, 0, 0, 0, 0, 0, 0, 0, 0, 0, 0, 0, 0, 365, 0, 0, 0, 0, 0, 0, 0, 0, 0, 0, 0, 0, 384, 0, 0, 0, 0, 0, 0, 0, 0, 0, 0, 0, 308], 'packedBins': {'min': 0, 'size': 0.078125, 'count': 64}}",,11423.186944,,,0.9983946621975616,,1.083984375,,,0.9945058019441623,"{'_type': 'histogram', 'values': [334, 0, 0, 0, 0, 0, 0, 0, 0, 0, 0, 0, 297, 0, 0, 0, 0, 0, 0, 0, 0, 0, 0, 0, 0, 390, 0, 0, 0, 0, 0, 0, 0, 0, 0, 0, 0, 0, 333, 0, 0, 0, 0, 0, 0, 0, 0, 0, 0, 0, 0, 324, 0, 0, 0, 0, 0, 0, 0, 0, 0, 0, 0, 370], 'packedBins': {'min': 0, 'size': 0.078125, 'count': 64}}",,,,,1.2216796875,"{'_type': 'histogram', 'values': [355, 0, 0, 0, 0, 0, 0, 0, 0, 0, 0, 0, 369, 0, 0, 0, 0, 0, 0, 0, 0, 0, 0, 0, 0, 375, 0, 0, 0, 0, 0, 0, 0, 0, 0, 0, 0, 0, 331, 0, 0, 0, 0, 0, 0, 0, 0, 0, 0, 0, 0, 323, 0, 0, 0, 0, 0, 0, 0, 0, 0, 0, 0, 295], 'packedBins': {'count': 64, 'min': 0, 'size': 0.078125}}",,"{'_type': 'histogram', 'values': [380, 0, 0, 0, 0, 0, 0, 0, 0, 0, 0, 0, 333, 0, 0, 0, 0, 0, 0, 0, 0, 0, 0, 0, 0, 334, 0, 0, 0, 0, 0, 0, 0, 0, 0, 0, 0, 0, 370, 0, 0, 0, 0, 0, 0, 0, 0, 0, 0, 0, 0, 304, 0, 0, 0, 0, 0, 0, 0, 0, 0, 0, 0, 327], 'packedBins': {'min': 0, 'size': 0.078125, 'count': 64}}",,,7805.475328,1.248046875,"{'_type': 'histogram', 'values': [236, 0, 0, 0, 0, 0, 0, 0, 0, 0, 0, 0, 299, 0, 0, 0, 0, 0, 0, 0, 0, 0, 0, 0, 0, 369, 0, 0, 0, 0, 0, 0, 0, 0, 0, 0, 0, 0, 408, 0, 0, 0, 0, 0, 0, 0, 0, 0, 0, 0, 0, 277, 0, 0, 0, 0, 0, 0, 0, 0, 0, 0, 0, 459], 'packedBins': {'min': 0, 'size': 0.078125, 'count': 64}}",26.998852597745735,0.9909282447843911,0.0001886459549966418,"{'values': [365, 0, 0, 0, 0, 0, 0, 0, 0, 0, 0, 0, 260, 0, 0, 0, 0, 0, 0, 0, 0, 0, 0, 0, 0, 321, 0, 0, 0, 0, 0, 0, 0, 0, 0, 0, 0, 0, 335, 0, 0, 0, 0, 0, 0, 0, 0, 0, 0, 0, 0, 418, 0, 0, 0, 0, 0, 0, 0, 0, 0, 0, 0, 349], 'packedBins': {'min': 0, 'size': 0.078125, 'count': 64}, '_type': 'histogram'}",6821.597763252,,,,,4681.99599809102,,,,0.9977422496871711,0.9929328260011971,,,,34078720.0,,,1.130859375,0.9855653021752697,0.9961569258754656,,,"{'packedBins': {'min': 0, 'size': 0.078125, 'count': 64}, '_type': 'histogram', 'values': [305, 0, 0, 0, 0, 0, 0, 0, 0, 0, 0, 0, 426, 0, 0, 0, 0, 0, 0, 0, 0, 0, 0, 0, 0, 322, 0, 0, 0, 0, 0, 0, 0, 0, 0, 0, 0, 0, 345, 0, 0, 0, 0, 0, 0, 0, 0, 0, 0, 0, 0, 307, 0, 0, 0, 0, 0, 0, 0, 0, 0, 0, 0, 343]}",,,1.2626953125,12.08825941681862,"{'packedBins': {'count': 64, 'min': 0, 'size': 0.078125}, '_type': 'histogram', 'values': [316, 0, 0, 0, 0, 0, 0, 0, 0, 0, 0, 0, 353, 0, 0, 0, 0, 0, 0, 0, 0, 0, 0, 0, 0, 280, 0, 0, 0, 0, 0, 0, 0, 0, 0, 0, 0, 0, 281, 0, 0, 0, 0, 0, 0, 0, 0, 0, 0, 0, 0, 352, 0, 0, 0, 0, 0, 0, 0, 0, 0, 0, 0, 466]}",1.365234375,0.9977847636168202
,"{'_type': 'histogram', 'values': [350, 0, 0, 0, 0, 0, 0, 0, 0, 0, 0, 0, 293, 0, 0, 0, 0, 0, 0, 0, 0, 0, 0, 0, 0, 432, 0, 0, 0, 0, 0, 0, 0, 0, 0, 0, 0, 0, 321, 0, 0, 0, 0, 0, 0, 0, 0, 0, 0, 0, 0, 322, 0, 0, 0, 0, 0, 0, 0, 0, 0, 0, 0, 330], 'packedBins': {'size': 0.078125, 'count': 64, 'min': 0}}",0.4836564064025879,0.9965490653142012,540,1.078125,3.318220890685916,,,0.9955935996746216,1.1689453125,1.2744140625,1.2919921875,0.9980454358803028,,"{'_type': 'histogram', 'values': [319, 0, 0, 0, 0, 0, 0, 0, 0, 0, 0, 0, 329, 0, 0, 0, 0, 0, 0, 0, 0, 0, 0, 0, 0, 377, 0, 0, 0, 0, 0, 0, 0, 0, 0, 0, 0, 0, 355, 0, 0, 0, 0, 0, 0, 0, 0, 0, 0, 0, 0, 313, 0, 0, 0, 0, 0, 0, 0, 0, 0, 0, 0, 355], 'packedBins': {'count': 64, 'min': 0, 'size': 0.078125}}",1.1396484375,"{'values': [326, 0, 0, 0, 0, 0, 0, 0, 0, 0, 0, 0, 300, 0, 0, 0, 0, 0, 0, 0, 0, 0, 0, 0, 0, 376, 0, 0, 0, 0, 0, 0, 0, 0, 0, 0, 0, 0, 411, 0, 0, 0, 0, 0, 0, 0, 0, 0, 0, 0, 0, 334, 0, 0, 0, 0, 0, 0, 0, 0, 0, 0, 0, 301], 'packedBins': {'min': 0, 'size': 0.078125, 'count': 64}, '_type': 'histogram'}",,0.9987670416408264,,"{'_type': 'histogram', 'values': [378, 0, 0, 0, 0, 0, 0, 0, 0, 0, 0, 0, 347, 0, 0, 0, 0, 0, 0, 0, 0, 0, 0, 0, 0, 328, 0, 0, 0, 0, 0, 0, 0, 0, 0, 0, 0, 0, 314, 0, 0, 0, 0, 0, 0, 0, 0, 0, 0, 0, 0, 339, 0, 0, 0, 0, 0, 0, 0, 0, 0, 0, 0, 342], 'packedBins': {'min': 0, 'size': 0.078125, 'count': 64}}",1784898534.5283177,,,0.99621321192317,,,,1.2509765625,"{'_type': 'histogram', 'values': [353, 0, 0, 0, 0, 0, 0, 0, 0, 0, 0, 0, 357, 0, 0, 0, 0, 0, 0, 0, 0, 0, 0, 0, 0, 302, 0, 0, 0, 0, 0, 0, 0, 0, 0, 0, 0, 0, 389, 0, 0, 0, 0, 0, 0, 0, 0, 0, 0, 0, 0, 317, 0, 0, 0, 0, 0, 0, 0, 0, 0, 0, 0, 330], 'packedBins': {'min': 0, 'size': 0.078125, 'count': 64}}",,11423.186944,,,0.9884963681700946,,1.265625,,,0.9995974937063673,"{'_type': 'histogram', 'values': [328, 0, 0, 0, 0, 0, 0, 0, 0, 0, 0, 0, 435, 0, 0, 0, 0, 0, 0, 0, 0, 0, 0, 0, 0, 382, 0, 0, 0, 0, 0, 0, 0, 0, 0, 0, 0, 0, 273, 0, 0, 0, 0, 0, 0, 0, 0, 0, 0, 0, 0, 283, 0, 0, 0, 0, 0, 0, 0, 0, 0, 0, 0, 347], 'packedBins': {'min': 0, 'size': 0.078125, 'count': 64}}",,,,,1.2041015625,"{'_type': 'histogram', 'values': [338, 0, 0, 0, 0, 0, 0, 0, 0, 0, 0, 0, 301, 0, 0, 0, 0, 0, 0, 0, 0, 0, 0, 0, 0, 298, 0, 0, 0, 0, 0, 0, 0, 0, 0, 0, 0, 0, 383, 0, 0, 0, 0, 0, 0, 0, 0, 0, 0, 0, 0, 399, 0, 0, 0, 0, 0, 0, 0, 0, 0, 0, 0, 329], 'packedBins': {'min': 0, 'size': 0.078125, 'count': 64}}",,"{'_type': 'histogram', 'values': [304, 0, 0, 0, 0, 0, 0, 0, 0, 0, 0, 0, 441, 0, 0, 0, 0, 0, 0, 0, 0, 0, 0, 0, 0, 305, 0, 0, 0, 0, 0, 0, 0, 0, 0, 0, 0, 0, 431, 0, 0, 0, 0, 0, 0, 0, 0, 0, 0, 0, 0, 252, 0, 0, 0, 0, 0, 0, 0, 0, 0, 0, 0, 315], 'packedBins': {'min': 0, 'size': 0.078125, 'count': 64}}",,,7805.475328,1.1455078125,"{'_type': 'histogram', 'values': [301, 0, 0, 0, 0, 0, 0, 0, 0, 0, 0, 0, 288, 0, 0, 0, 0, 0, 0, 0, 0, 0, 0, 0, 0, 346, 0, 0, 0, 0, 0, 0, 0, 0, 0, 0, 0, 0, 344, 0, 0, 0, 0, 0, 0, 0, 0, 0, 0, 0, 0, 427, 0, 0, 0, 0, 0, 0, 0, 0, 0, 0, 0, 342], 'packedBins': {'count': 64, 'min': 0, 'size': 0.078125}}",27.611183520943257,0.9976490383954051,0.0001876586772664026,"{'values': [338, 0, 0, 0, 0, 0, 0, 0, 0, 0, 0, 0, 335, 0, 0, 0, 0, 0, 0, 0, 0, 0, 0, 0, 0, 346, 0, 0, 0, 0, 0, 0, 0, 0, 0, 0, 0, 0, 368, 0, 0, 0, 0, 0, 0, 0, 0, 0, 0, 0, 0, 329, 0, 0, 0, 0, 0, 0, 0, 0, 0, 0, 0, 332], 'packedBins': {'min': 0, 'size': 0.078125, 'count': 64}, '_type': 'histogram'}",7071.163064168,,,,,5232.645148971779,,,,0.9990880584022617,0.9900541764684021,,,,35389440.0,,,1.107421875,0.9954007234898753,0.9977962071158807,,,"{'values': [332, 0, 0, 0, 0, 0, 0, 0, 0, 0, 0, 0, 391, 0, 0, 0, 0, 0, 0, 0, 0, 0, 0, 0, 0, 293, 0, 0, 0, 0, 0, 0, 0, 0, 0, 0, 0, 0, 354, 0, 0, 0, 0, 0, 0, 0, 0, 0, 0, 0, 0, 354, 0, 0, 0, 0, 0, 0, 0, 0, 0, 0, 0, 324], 'packedBins': {'min': 0, 'size': 0.078125, 'count': 64}, '_type': 'histogram'}",,,1.1044921875,12.08704430013895,"{'values': [364, 0, 0, 0, 0, 0, 0, 0, 0, 0, 0, 0, 353, 0, 0, 0, 0, 0, 0, 0, 0, 0, 0, 0, 0, 295, 0, 0, 0, 0, 0, 0, 0, 0, 0, 0, 0, 0, 390, 0, 0, 0, 0, 0, 0, 0, 0, 0, 0, 0, 0, 318, 0, 0, 0, 0, 0, 0, 0, 0, 0, 0, 0, 328], 'packedBins': {'min': 0, 'size': 0.078125, 'count': 64}, '_type': 'histogram'}",1.142578125,0.9926145641285026
,"{'_type': 'histogram', 'values': [371, 0, 0, 0, 0, 0, 0, 0, 0, 0, 0, 0, 254, 0, 0, 0, 0, 0, 0, 0, 0, 0, 0, 0, 0, 374, 0, 0, 0, 0, 0, 0, 0, 0, 0, 0, 0, 0, 378, 0, 0, 0, 0, 0, 0, 0, 0, 0, 0, 0, 0, 307, 0, 0, 0, 0, 0, 0, 0, 0, 0, 0, 0, 364], 'packedBins': {'min': 0, 'size': 0.078125, 'count': 64}}",0.4394855201244354,0.99825341482253,560,1.1923828125,3.3368398083373902,,,0.9946953515303445,1.1103515625,1.060546875,1.2333984375,0.9987235962635793,,"{'values': [295, 0, 0, 0, 0, 0, 0, 0, 0, 0, 0, 0, 342, 0, 0, 0, 0, 0, 0, 0, 0, 0, 0, 0, 0, 353, 0, 0, 0, 0, 0, 0, 0, 0, 0, 0, 0, 0, 384, 0, 0, 0, 0, 0, 0, 0, 0, 0, 0, 0, 0, 344, 0, 0, 0, 0, 0, 0, 0, 0, 0, 0, 0, 330], 'packedBins': {'count': 64, 'min': 0, 'size': 0.078125}, '_type': 'histogram'}",1.083984375,"{'_type': 'histogram', 'values': [378, 0, 0, 0, 0, 0, 0, 0, 0, 0, 0, 0, 307, 0, 0, 0, 0, 0, 0, 0, 0, 0, 0, 0, 0, 423, 0, 0, 0, 0, 0, 0, 0, 0, 0, 0, 0, 0, 298, 0, 0, 0, 0, 0, 0, 0, 0, 0, 0, 0, 0, 342, 0, 0, 0, 0, 0, 0, 0, 0, 0, 0, 0, 300], 'packedBins': {'min': 0, 'size': 0.078125, 'count': 64}}",,0.9982945315807823,,"{'values': [334, 0, 0, 0, 0, 0, 0, 0, 0, 0, 0, 0, 373, 0, 0, 0, 0, 0, 0, 0, 0, 0, 0, 0, 0, 386, 0, 0, 0, 0, 0, 0, 0, 0, 0, 0, 0, 0, 248, 0, 0, 0, 0, 0, 0, 0, 0, 0, 0, 0, 0, 328, 0, 0, 0, 0, 0, 0, 0, 0, 0, 0, 0, 379], 'packedBins': {'count': 64, 'min': 0, 'size': 0.078125}, '_type': 'histogram'}",1784898784.0933297,,,0.9950270799391561,,,,1.2041015625,"{'_type': 'histogram', 'values': [309, 0, 0, 0, 0, 0, 0, 0, 0, 0, 0, 0, 364, 0, 0, 0, 0, 0, 0, 0, 0, 0, 0, 0, 0, 314, 0, 0, 0, 0, 0, 0, 0, 0, 0, 0, 0, 0, 343, 0, 0, 0, 0, 0, 0, 0, 0, 0, 0, 0, 0, 370, 0, 0, 0, 0, 0, 0, 0, 0, 0, 0, 0, 348], 'packedBins': {'min': 0, 'size': 0.078125, 'count': 64}}",,11423.186944,,,0.9956540772365169,,1.107421875,,,0.9970405369860607,"{'_type': 'histogram', 'values': [352, 0, 0, 0, 0, 0, 0, 0, 0, 0, 0, 0, 323, 0, 0, 0, 0, 0, 0, 0, 0, 0, 0, 0, 0, 336, 0, 0, 0, 0, 0, 0, 0, 0, 0, 0, 0, 0, 360, 0, 0, 0, 0, 0, 0, 0, 0, 0, 0, 0, 0, 315, 0, 0, 0, 0, 0, 0, 0, 0, 0, 0, 0, 362], 'packedBins': {'min': 0, 'size': 0.078125, 'count': 64}}",,,,,1.2392578125,"{'_type': 'histogram', 'values': [334, 0, 0, 0, 0, 0, 0, 0, 0, 0, 0, 0, 327, 0, 0, 0, 0, 0, 0, 0, 0, 0, 0, 0, 0, 352, 0, 0, 0, 0, 0, 0, 0, 0, 0, 0, 0, 0, 295, 0, 0, 0, 0, 0, 0, 0, 0, 0, 0, 0, 0, 379, 0, 0, 0, 0, 0, 0, 0, 0, 0, 0, 0, 361], 'packedBins': {'size': 0.078125, 'count': 64, 'min': 0}}",,"{'values': [328, 0, 0, 0, 0, 0, 0, 0, 0, 0, 0, 0, 278, 0, 0, 0, 0, 0, 0, 0, 0, 0, 0, 0, 0, 356, 0, 0, 0, 0, 0, 0, 0, 0, 0, 0, 0, 0, 421, 0, 0, 0, 0, 0, 0, 0, 0, 0, 0, 0, 0, 324, 0, 0, 0, 0, 0, 0, 0, 0, 0, 0, 0, 341], 'packedBins': {'count': 64, 'min': 0, 'size': 0.078125}, '_type': 'histogram'}",,,7805.475328,1.171875,"{'_type': 'histogram', 'values': [351, 0, 0, 0, 0, 0, 0, 0, 0, 0, 0, 0, 411, 0, 0, 0, 0, 0, 0, 0, 0, 0, 0, 0, 0, 268, 0, 0, 0, 0, 0, 0, 0, 0, 0, 0, 0, 0, 346, 0, 0, 0, 0, 0, 0, 0, 0, 0, 0, 0, 0, 279, 0, 0, 0, 0, 0, 0, 0, 0, 0, 0, 0, 393], 'packedBins': {'min': 0, 'size': 0.078125, 'count': 64}}",28.13008961769888,0.9986027076717601,0.00018663338975832285,"{'values': [358, 0, 0, 0, 0, 0, 0, 0, 0, 0, 0, 0, 302, 0, 0, 0, 0, 0, 0, 0, 0, 0, 0, 0, 0, 319, 0, 0, 0, 0, 0, 0, 0, 0, 0, 0, 0, 0, 407, 0, 0, 0, 0, 0, 0, 0, 0, 0, 0, 0, 0, 312, 0, 0, 0, 0, 0, 0, 0, 0, 0, 0, 0, 350], 'packedBins': {'min': 0, 'size': 0.078125, 'count': 64}, '_type': 'histogram'}",7321.667652728,,,,,5254.801250019453,,,,0.9943611614385954,1.0266897905617953,,,,36700160.0,,,1.130859375,0.9931465537708728,0.9957315869830603,,,"{'values': [290, 0, 0, 0, 0, 0, 0, 0, 0, 0, 0, 0, 358, 0, 0, 0, 0, 0, 0, 0, 0, 0, 0, 0, 0, 287, 0, 0, 0, 0, 0, 0, 0, 0, 0, 0, 0, 0, 336, 0, 0, 0, 0, 0, 0, 0, 0, 0, 0, 0, 0, 377, 0, 0, 0, 0, 0, 0, 0, 0, 0, 0, 0, 400], 'packedBins': {'min': 0, 'size': 0.078125, 'count': 64}, '_type': 'histogram'}",,,1.125,12.084922425448895,"{'packedBins': {'min': 0, 'size': 0.078125, 'count': 64}, '_type': 'histogram', 'values': [338, 0, 0, 0, 0, 0, 0, 0, 0, 0, 0, 0, 392, 0, 0, 0, 0, 0, 0, 0, 0, 0, 0, 0, 0, 330, 0, 0, 0, 0, 0, 0, 0, 0, 0, 0, 0, 0, 337, 0, 0, 0, 0, 0, 0, 0, 0, 0, 0, 0, 0, 312, 0, 0, 0, 0, 0, 0, 0, 0, 0, 0, 0, 339]}",1.1484375,0.9992189267897732
,"{'packedBins': {'min': 0, 'size': 0.078125, 'count': 64}, '_type': 'histogram', 'values': [385, 0, 0, 0, 0, 0, 0, 0, 0, 0, 0, 0, 352, 0, 0, 0, 0, 0, 0, 0, 0, 0, 0, 0, 0, 312, 0, 0, 0, 0, 0, 0, 0, 0, 0, 0, 0, 0, 391, 0, 0, 0, 0, 0, 0, 0, 0, 0, 0, 0, 0, 302, 0, 0, 0, 0, 0, 0, 0, 0, 0, 0, 0, 306]}",0.4413102865219116,0.997750965375409,580,1.3125,3.2616687363013623,,,0.9967712155663115,1.16015625,1.0693359375,1.1484375,0.9915221756920248,,"{'values': [358, 0, 0, 0, 0, 0, 0, 0, 0, 0, 0, 0, 283, 0, 0, 0, 0, 0, 0, 0, 0, 0, 0, 0, 0, 403, 0, 0, 0, 0, 0, 0, 0, 0, 0, 0, 0, 0, 300, 0, 0, 0, 0, 0, 0, 0, 0, 0, 0, 0, 0, 345, 0, 0, 0, 0, 0, 0, 0, 0, 0, 0, 0, 359], 'packedBins': {'count': 64, 'min': 0, 'size': 0.078125}, '_type': 'histogram'}",1.3359375,"{'_type': 'histogram', 'values': [360, 0, 0, 0, 0, 0, 0, 0, 0, 0, 0, 0, 338, 0, 0, 0, 0, 0, 0, 0, 0, 0, 0, 0, 0, 351, 0, 0, 0, 0, 0, 0, 0, 0, 0, 0, 0, 0, 317, 0, 0, 0, 0, 0, 0, 0, 0, 0, 0, 0, 0, 361, 0, 0, 0, 0, 0, 0, 0, 0, 0, 0, 0, 321], 'packedBins': {'min': 0, 'size': 0.078125, 'count': 64}}",,0.9961745568478553,,"{'values': [312, 0, 0, 0, 0, 0, 0, 0, 0, 0, 0, 0, 303, 0, 0, 0, 0, 0, 0, 0, 0, 0, 0, 0, 0, 414, 0, 0, 0, 0, 0, 0, 0, 0, 0, 0, 0, 0, 337, 0, 0, 0, 0, 0, 0, 0, 0, 0, 0, 0, 0, 359, 0, 0, 0, 0, 0, 0, 0, 0, 0, 0, 0, 323], 'packedBins': {'size': 0.078125, 'count': 64, 'min': 0}, '_type': 'histogram'}",1784899034.598705,,,0.9992597774201403,,,,1.25390625,"{'_type': 'histogram', 'values': [270, 0, 0, 0, 0, 0, 0, 0, 0, 0, 0, 0, 380, 0, 0, 0, 0, 0, 0, 0, 0, 0, 0, 0, 0, 321, 0, 0, 0, 0, 0, 0, 0, 0, 0, 0, 0, 0, 456, 0, 0, 0, 0, 0, 0, 0, 0, 0, 0, 0, 0, 306, 0, 0, 0, 0, 0, 0, 0, 0, 0, 0, 0, 315], 'packedBins': {'min': 0, 'size': 0.078125, 'count': 64}}",,11423.186944,,,0.997324761567377,,1.1455078125,,,0.9900143616268627,"{'packedBins': {'min': 0, 'size': 0.078125, 'count': 64}, '_type': 'histogram', 'values': [363, 0, 0, 0, 0, 0, 0, 0, 0, 0, 0, 0, 363, 0, 0, 0, 0, 0, 0, 0, 0, 0, 0, 0, 0, 365, 0, 0, 0, 0, 0, 0, 0, 0, 0, 0, 0, 0, 288, 0, 0, 0, 0, 0, 0, 0, 0, 0, 0, 0, 0, 324, 0, 0, 0, 0, 0, 0, 0, 0, 0, 0, 0, 345]}",,,,,1.0576171875,"{'_type': 'histogram', 'values': [344, 0, 0, 0, 0, 0, 0, 0, 0, 0, 0, 0, 325, 0, 0, 0, 0, 0, 0, 0, 0, 0, 0, 0, 0, 294, 0, 0, 0, 0, 0, 0, 0, 0, 0, 0, 0, 0, 396, 0, 0, 0, 0, 0, 0, 0, 0, 0, 0, 0, 0, 336, 0, 0, 0, 0, 0, 0, 0, 0, 0, 0, 0, 353], 'packedBins': {'min': 0, 'size': 0.078125, 'count': 64}}",,"{'_type': 'histogram', 'values': [392, 0, 0, 0, 0, 0, 0, 0, 0, 0, 0, 0, 360, 0, 0, 0, 0, 0, 0, 0, 0, 0, 0, 0, 0, 295, 0, 0, 0, 0, 0, 0, 0, 0, 0, 0, 0, 0, 341, 0, 0, 0, 0, 0, 0, 0, 0, 0, 0, 0, 0, 356, 0, 0, 0, 0, 0, 0, 0, 0, 0, 0, 0, 304], 'packedBins': {'size': 0.078125, 'count': 64, 'min': 0}}",,,7805.475328,1.248046875,"{'_type': 'histogram', 'values': [336, 0, 0, 0, 0, 0, 0, 0, 0, 0, 0, 0, 324, 0, 0, 0, 0, 0, 0, 0, 0, 0, 0, 0, 0, 428, 0, 0, 0, 0, 0, 0, 0, 0, 0, 0, 0, 0, 323, 0, 0, 0, 0, 0, 0, 0, 0, 0, 0, 0, 0, 313, 0, 0, 0, 0, 0, 0, 0, 0, 0, 0, 0, 324], 'packedBins': {'count': 64, 'min': 0, 'size': 0.078125}}",26.093043240788624,0.9995696833423714,0.00018557059429591768,"{'values': [365, 0, 0, 0, 0, 0, 0, 0, 0, 0, 0, 0, 377, 0, 0, 0, 0, 0, 0, 0, 0, 0, 0, 0, 0, 296, 0, 0, 0, 0, 0, 0, 0, 0, 0, 0, 0, 0, 316, 0, 0, 0, 0, 0, 0, 0, 0, 0, 0, 0, 0, 246, 0, 0, 0, 0, 0, 0, 0, 0, 0, 0, 0, 448], 'packedBins': {'min': 0, 'size': 0.078125, 'count': 64}, '_type': 'histogram'}",7572.356248508,,,,,5235.034143750487,,,,0.9967971630351115,1.0105994768906386,,,,38010880.0,,,1.212890625,0.9965056199369541,0.9941374809511456,,,"{'_type': 'histogram', 'values': [372, 0, 0, 0, 0, 0, 0, 0, 0, 0, 0, 0, 310, 0, 0, 0, 0, 0, 0, 0, 0, 0, 0, 0, 0, 353, 0, 0, 0, 0, 0, 0, 0, 0, 0, 0, 0, 0, 316, 0, 0, 0, 0, 0, 0, 0, 0, 0, 0, 0, 0, 271, 0, 0, 0, 0, 0, 0, 0, 0, 0, 0, 0, 426], 'packedBins': {'min': 0, 'size': 0.078125, 'count': 64}}",,,1.1806640625,12.083987426757812,"{'values': [323, 0, 0, 0, 0, 0, 0, 0, 0, 0, 0, 0, 348, 0, 0, 0, 0, 0, 0, 0, 0, 0, 0, 0, 0, 327, 0, 0, 0, 0, 0, 0, 0, 0, 0, 0, 0, 0, 338, 0, 0, 0, 0, 0, 0, 0, 0, 0, 0, 0, 0, 351, 0, 0, 0, 0, 0, 0, 0, 0, 0, 0, 0, 361], 'packedBins': {'min': 0, 'size': 0.078125, 'count': 64}, '_type': 'histogram'}",1.0576171875,0.9980872179582678
,"{'values': [371, 0, 0, 0, 0, 0, 0, 0, 0, 0, 0, 0, 284, 0, 0, 0, 0, 0, 0, 0, 0, 0, 0, 0, 0, 330, 0, 0, 0, 0, 0, 0, 0, 0, 0, 0, 0, 0, 322, 0, 0, 0, 0, 0, 0, 0, 0, 0, 0, 0, 0, 429, 0, 0, 0, 0, 0, 0, 0, 0, 0, 0, 0, 312], 'packedBins': {'size': 0.078125, 'count': 64, 'min': 0}, '_type': 'histogram'}",0.40956857800483704,0.9974145131966363,600,1.0634765625,3.250990389287472,,,0.9948735906814087,1.11328125,1.1220703125,1.27734375,0.9967385483684121,,"{'values': [359, 0, 0, 0, 0, 0, 0, 0, 0, 0, 0, 0, 316, 0, 0, 0, 0, 0, 0, 0, 0, 0, 0, 0, 0, 317, 0, 0, 0, 0, 0, 0, 0, 0, 0, 0, 0, 0, 315, 0, 0, 0, 0, 0, 0, 0, 0, 0, 0, 0, 0, 319, 0, 0, 0, 0, 0, 0, 0, 0, 0, 0, 0, 422], 'packedBins': {'min': 0, 'size': 0.078125, 'count': 64}, '_type': 'histogram'}",1.119140625,"{'_type': 'histogram', 'values': [313, 0, 0, 0, 0, 0, 0, 0, 0, 0, 0, 0, 386, 0, 0, 0, 0, 0, 0, 0, 0, 0, 0, 0, 0, 403, 0, 0, 0, 0, 0, 0, 0, 0, 0, 0, 0, 0, 333, 0, 0, 0, 0, 0, 0, 0, 0, 0, 0, 0, 0, 319, 0, 0, 0, 0, 0, 0, 0, 0, 0, 0, 0, 294], 'packedBins': {'size': 0.078125, 'count': 64, 'min': 0}}",,0.9964705575880886,,"{'_type': 'histogram', 'values': [360, 0, 0, 0, 0, 0, 0, 0, 0, 0, 0, 0, 379, 0, 0, 0, 0, 0, 0, 0, 0, 0, 0, 0, 0, 359, 0, 0, 0, 0, 0, 0, 0, 0, 0, 0, 0, 0, 308, 0, 0, 0, 0, 0, 0, 0, 0, 0, 0, 0, 0, 327, 0, 0, 0, 0, 0, 0, 0, 0, 0, 0, 0, 315], 'packedBins': {'size': 0.078125, 'count': 64, 'min': 0}}",1784899285.2872698,,,0.9963020321048315,,,,1.1220703125,"{'_type': 'histogram', 'values': [310, 0, 0, 0, 0, 0, 0, 0, 0, 0, 0, 0, 311, 0, 0, 0, 0, 0, 0, 0, 0, 0, 0, 0, 0, 382, 0, 0, 0, 0, 0, 0, 0, 0, 0, 0, 0, 0, 377, 0, 0, 0, 0, 0, 0, 0, 0, 0, 0, 0, 0, 294, 0, 0, 0, 0, 0, 0, 0, 0, 0, 0, 0, 374], 'packedBins': {'min': 0, 'size': 0.078125, 'count': 64}}",,11423.186944,,,0.9948845684566703,,1.2568359375,,,0.9987297172049373,"{'_type': 'histogram', 'values': [318, 0, 0, 0, 0, 0, 0, 0, 0, 0, 0, 0, 313, 0, 0, 0, 0, 0, 0, 0, 0, 0, 0, 0, 0, 371, 0, 0, 0, 0, 0, 0, 0, 0, 0, 0, 0, 0, 324, 0, 0, 0, 0, 0, 0, 0, 0, 0, 0, 0, 0, 339, 0, 0, 0, 0, 0, 0, 0, 0, 0, 0, 0, 383], 'packedBins': {'min': 0, 'size': 0.078125, 'count': 64}}",,,,,1.1806640625,"{'_type': 'histogram', 'values': [290, 0, 0, 0, 0, 0, 0, 0, 0, 0, 0, 0, 354, 0, 0, 0, 0, 0, 0, 0, 0, 0, 0, 0, 0, 380, 0, 0, 0, 0, 0, 0, 0, 0, 0, 0, 0, 0, 305, 0, 0, 0, 0, 0, 0, 0, 0, 0, 0, 0, 0, 366, 0, 0, 0, 0, 0, 0, 0, 0, 0, 0, 0, 353], 'packedBins': {'size': 0.078125, 'count': 64, 'min': 0}}",,"{'_type': 'histogram', 'values': [326, 0, 0, 0, 0, 0, 0, 0, 0, 0, 0, 0, 303, 0, 0, 0, 0, 0, 0, 0, 0, 0, 0, 0, 0, 316, 0, 0, 0, 0, 0, 0, 0, 0, 0, 0, 0, 0, 365, 0, 0, 0, 0, 0, 0, 0, 0, 0, 0, 0, 0, 302, 0, 0, 0, 0, 0, 0, 0, 0, 0, 0, 0, 436], 'packedBins': {'count': 64, 'min': 0, 'size': 0.078125}}",,,7805.475328,1.072265625,"{'_type': 'histogram', 'values': [313, 0, 0, 0, 0, 0, 0, 0, 0, 0, 0, 0, 291, 0, 0, 0, 0, 0, 0, 0, 0, 0, 0, 0, 0, 368, 0, 0, 0, 0, 0, 0, 0, 0, 0, 0, 0, 0, 383, 0, 0, 0, 0, 0, 0, 0, 0, 0, 0, 0, 0, 368, 0, 0, 0, 0, 0, 0, 0, 0, 0, 0, 0, 325], 'packedBins': {'min': 0, 'size': 0.078125, 'count': 64}}",25.815895046241476,0.9982942654528971,0.00018447081106084397,"{'values': [363, 0, 0, 0, 0, 0, 0, 0, 0, 0, 0, 0, 344, 0, 0, 0, 0, 0, 0, 0, 0, 0, 0, 0, 0, 328, 0, 0, 0, 0, 0, 0, 0, 0, 0, 0, 0, 0, 298, 0, 0, 0, 0, 0, 0, 0, 0, 0, 0, 0, 0, 363, 0, 0, 0, 0, 0, 0, 0, 0, 0, 0, 0, 352], 'packedBins': {'min': 0, 'size': 0.078125, 'count': 64}, '_type': 'histogram'}",7822.877049354,,,,,5231.1687435249505,,,,0.99836811594102,1.033691803365946,,,,39321600.0,,,1.1103515625,0.9972770581439679,0.9996584369920615,,,"{'values': [338, 0, 0, 0, 0, 0, 0, 0, 0, 0, 0, 0, 336, 0, 0, 0, 0, 0, 0, 0, 0, 0, 0, 0, 0, 366, 0, 0, 0, 0, 0, 0, 0, 0, 0, 0, 0, 0, 334, 0, 0, 0, 0, 0, 0, 0, 0, 0, 0, 0, 0, 329, 0, 0, 0, 0, 0, 0, 0, 0, 0, 0, 0, 345], 'packedBins': {'min': 0, 'size': 0.078125, 'count': 64}, '_type': 'histogram'}",,,1.236328125,12.092376165091991,"{'values': [328, 0, 0, 0, 0, 0, 0, 0, 0, 0, 0, 0, 385, 0, 0, 0, 0, 0, 0, 0, 0, 0, 0, 0, 0, 324, 0, 0, 0, 0, 0, 0, 0, 0, 0, 0, 0, 0, 356, 0, 0, 0, 0, 0, 0, 0, 0, 0, 0, 0, 0, 302, 0, 0, 0, 0, 0, 0, 0, 0, 0, 0, 0, 353], 'packedBins': {'min': 0, 'size': 0.078125, 'count': 64}, '_type': 'histogram'}",1.1279296875,0.9983156222156786
,"{'_type': 'histogram', 'values': [271, 0, 0, 0, 0, 0, 0, 0, 0, 0, 0, 0, 350, 0, 0, 0, 0, 0, 0, 0, 0, 0, 0, 0, 0, 326, 0, 0, 0, 0, 0, 0, 0, 0, 0, 0, 0, 0, 369, 0, 0, 0, 0, 0, 0, 0, 0, 0, 0, 0, 0, 364, 0, 0, 0, 0, 0, 0, 0, 0, 0, 0, 0, 368], 'packedBins': {'min': 0, 'size': 0.078125, 'count': 64}}",0.44318661093711853,0.9992086808661957,620,1.142578125,3.184820691496134,,,0.9969736058229511,1.0517578125,1.142578125,1.0751953125,0.9984848130186486,,"{'values': [361, 0, 0, 0, 0, 0, 0, 0, 0, 0, 0, 0, 299, 0, 0, 0, 0, 0, 0, 0, 0, 0, 0, 0, 0, 354, 0, 0, 0, 0, 0, 0, 0, 0, 0, 0, 0, 0, 299, 0, 0, 0, 0, 0, 0, 0, 0, 0, 0, 0, 0, 319, 0, 0, 0, 0, 0, 0, 0, 0, 0, 0, 0, 416], 'packedBins': {'count': 64, 'min': 0, 'size': 0.078125}, '_type': 'histogram'}",1.107421875,"{'_type': 'histogram', 'values': [346, 0, 0, 0, 0, 0, 0, 0, 0, 0, 0, 0, 385, 0, 0, 0, 0, 0, 0, 0, 0, 0, 0, 0, 0, 329, 0, 0, 0, 0, 0, 0, 0, 0, 0, 0, 0, 0, 301, 0, 0, 0, 0, 0, 0, 0, 0, 0, 0, 0, 0, 337, 0, 0, 0, 0, 0, 0, 0, 0, 0, 0, 0, 350], 'packedBins': {'count': 64, 'min': 0, 'size': 0.078125}}",,0.9960086926434495,,"{'_type': 'histogram', 'values': [369, 0, 0, 0, 0, 0, 0, 0, 0, 0, 0, 0, 345, 0, 0, 0, 0, 0, 0, 0, 0, 0, 0, 0, 0, 412, 0, 0, 0, 0, 0, 0, 0, 0, 0, 0, 0, 0, 270, 0, 0, 0, 0, 0, 0, 0, 0, 0, 0, 0, 0, 313, 0, 0, 0, 0, 0, 0, 0, 0, 0, 0, 0, 339], 'packedBins': {'size': 0.078125, 'count': 64, 'min': 0}}",1784899535.808034,,,0.9984853452744188,,,,1.177734375,"{'_type': 'histogram', 'values': [352, 0, 0, 0, 0, 0, 0, 0, 0, 0, 0, 0, 378, 0, 0, 0, 0, 0, 0, 0, 0, 0, 0, 0, 0, 366, 0, 0, 0, 0, 0, 0, 0, 0, 0, 0, 0, 0, 314, 0, 0, 0, 0, 0, 0, 0, 0, 0, 0, 0, 0, 318, 0, 0, 0, 0, 0, 0, 0, 0, 0, 0, 0, 320], 'packedBins': {'min': 0, 'size': 0.078125, 'count': 64}}",,11423.186944,,,0.9993059506082099,,1.0810546875,,,0.9978968034564589,"{'_type': 'histogram', 'values': [331, 0, 0, 0, 0, 0, 0, 0, 0, 0, 0, 0, 390, 0, 0, 0, 0, 0, 0, 0, 0, 0, 0, 0, 0, 276, 0, 0, 0, 0, 0, 0, 0, 0, 0, 0, 0, 0, 346, 0, 0, 0, 0, 0, 0, 0, 0, 0, 0, 0, 0, 378, 0, 0, 0, 0, 0, 0, 0, 0, 0, 0, 0, 327], 'packedBins': {'min': 0, 'size': 0.078125, 'count': 64}}",,,,,1.1279296875,"{'_type': 'histogram', 'values': [359, 0, 0, 0, 0, 0, 0, 0, 0, 0, 0, 0, 311, 0, 0, 0, 0, 0, 0, 0, 0, 0, 0, 0, 0, 340, 0, 0, 0, 0, 0, 0, 0, 0, 0, 0, 0, 0, 357, 0, 0, 0, 0, 0, 0, 0, 0, 0, 0, 0, 0, 325, 0, 0, 0, 0, 0, 0, 0, 0, 0, 0, 0, 356], 'packedBins': {'min': 0, 'size': 0.078125, 'count': 64}}",,"{'_type': 'histogram', 'values': [343, 0, 0, 0, 0, 0, 0, 0, 0, 0, 0, 0, 367, 0, 0, 0, 0, 0, 0, 0, 0, 0, 0, 0, 0, 336, 0, 0, 0, 0, 0, 0, 0, 0, 0, 0, 0, 0, 334, 0, 0, 0, 0, 0, 0, 0, 0, 0, 0, 0, 0, 313, 0, 0, 0, 0, 0, 0, 0, 0, 0, 0, 0, 355], 'packedBins': {'min': 0, 'size': 0.078125, 'count': 64}}",,,7805.475328,1.1220703125,"{'packedBins': {'size': 0.078125, 'count': 64, 'min': 0}, '_type': 'histogram', 'values': [402, 0, 0, 0, 0, 0, 0, 0, 0, 0, 0, 0, 318, 0, 0, 0, 0, 0, 0, 0, 0, 0, 0, 0, 0, 323, 0, 0, 0, 0, 0, 0, 0, 0, 0, 0, 0, 0, 397, 0, 0, 0, 0, 0, 0, 0, 0, 0, 0, 0, 0, 275, 0, 0, 0, 0, 0, 0, 0, 0, 0, 0, 0, 333]}",24.162955394003088,0.9982357838501403,0.00018333457833829937,"{'values': [345, 0, 0, 0, 0, 0, 0, 0, 0, 0, 0, 0, 390, 0, 0, 0, 0, 0, 0, 0, 0, 0, 0, 0, 0, 324, 0, 0, 0, 0, 0, 0, 0, 0, 0, 0, 0, 0, 345, 0, 0, 0, 0, 0, 0, 0, 0, 0, 0, 0, 0, 292, 0, 0, 0, 0, 0, 0, 0, 0, 0, 0, 0, 352], 'packedBins': {'min': 0, 'size': 0.078125, 'count': 64}, '_type': 'histogram'}",8072.658141429,,,,,5234.695666029952,,,,0.9953068468783965,0.9777045411989093,,,,40632320.0,,,1.20703125,0.9951661982911065,0.9964092816425378,,,"{'values': [383, 0, 0, 0, 0, 0, 0, 0, 0, 0, 0, 0, 358, 0, 0, 0, 0, 0, 0, 0, 0, 0, 0, 0, 0, 303, 0, 0, 0, 0, 0, 0, 0, 0, 0, 0, 0, 0, 277, 0, 0, 0, 0, 0, 0, 0, 0, 0, 0, 0, 0, 372, 0, 0, 0, 0, 0, 0, 0, 0, 0, 0, 0, 355], 'packedBins': {'min': 0, 'size': 0.078125, 'count': 64}, '_type': 'histogram'}",,,1.21875,12.088001136481761,"{'values': [380, 0, 0, 0, 0, 0, 0, 0, 0, 0, 0, 0, 329, 0, 0, 0, 0, 0, 0, 0, 0, 0, 0, 0, 0, 324, 0, 0, 0, 0, 0, 0, 0, 0, 0, 0, 0, 0, 379, 0, 0, 0, 0, 0, 0, 0, 0, 0, 0, 0, 0, 322, 0, 0, 0, 0, 0, 0, 0, 0, 0, 0, 0, 314], 'packedBins': {'min': 0, 'size': 0.078125, 'count': 64}, '_type': 'histogram'}",1.11328125,0.9966187242881334
,"{'_type': 'histogram', 'values': [357, 0, 0, 0, 0, 0, 0, 0, 0, 0, 0, 0, 333, 0, 0, 0, 0, 0, 0, 0, 0, 0, 0, 0, 0, 337, 0, 0, 0, 0, 0, 0, 0, 0, 0, 0, 0, 0, 288, 0, 0, 0, 0, 0, 0, 0, 0, 0, 0, 0, 0, 386, 0, 0, 0, 0, 0, 0, 0, 0, 0, 0, 0, 347], 'packedBins': {'min': 0, 'size': 0.078125, 'count': 64}}",0.4294695258140564,0.9997469910458378,640,1.107421875,3.1950829623267056,,,0.9978917470266415,1.0400390625,1.06640625,1.177734375,0.9995931025962627,,"{'packedBins': {'size': 0.078125, 'count': 64, 'min': 0}, '_type': 'histogram', 'values': [346, 0, 0, 0, 0, 0, 0, 0, 0, 0, 0, 0, 343, 0, 0, 0, 0, 0, 0, 0, 0, 0, 0, 0, 0, 337, 0, 0, 0, 0, 0, 0, 0, 0, 0, 0, 0, 0, 364, 0, 0, 0, 0, 0, 0, 0, 0, 0, 0, 0, 0, 314, 0, 0, 0, 0, 0, 0, 0, 0, 0, 0, 0, 344]}",1.0517578125,"{'_type': 'histogram', 'values': [279, 0, 0, 0, 0, 0, 0, 0, 0, 0, 0, 0, 281, 0, 0, 0, 0, 0, 0, 0, 0, 0, 0, 0, 0, 348, 0, 0, 0, 0, 0, 0, 0, 0, 0, 0, 0, 0, 383, 0, 0, 0, 0, 0, 0, 0, 0, 0, 0, 0, 0, 408, 0, 0, 0, 0, 0, 0, 0, 0, 0, 0, 0, 349], 'packedBins': {'min': 0, 'size': 0.078125, 'count': 64}}",,0.9994726131962711,,"{'_type': 'histogram', 'values': [321, 0, 0, 0, 0, 0, 0, 0, 0, 0, 0, 0, 363, 0, 0, 0, 0, 0, 0, 0, 0, 0, 0, 0, 0, 316, 0, 0, 0, 0, 0, 0, 0, 0, 0, 0, 0, 0, 363, 0, 0, 0, 0, 0, 0, 0, 0, 0, 0, 0, 0, 347, 0, 0, 0, 0, 0, 0, 0, 0, 0, 0, 0, 338], 'packedBins': {'size': 0.078125, 'count': 64, 'min': 0}}",1784899785.5891004,,,0.9944215059365481,,,,1.2333984375,"{'_type': 'histogram', 'values': [323, 0, 0, 0, 0, 0, 0, 0, 0, 0, 0, 0, 343, 0, 0, 0, 0, 0, 0, 0, 0, 0, 0, 0, 0, 359, 0, 0, 0, 0, 0, 0, 0, 0, 0, 0, 0, 0, 327, 0, 0, 0, 0, 0, 0, 0, 0, 0, 0, 0, 0, 342, 0, 0, 0, 0, 0, 0, 0, 0, 0, 0, 0, 354], 'packedBins': {'min': 0, 'size': 0.078125, 'count': 64}}",,11425.284096,,,0.9973489126729523,,1.130859375,,,0.9982978581793464,"{'values': [322, 0, 0, 0, 0, 0, 0, 0, 0, 0, 0, 0, 336, 0, 0, 0, 0, 0, 0, 0, 0, 0, 0, 0, 0, 350, 0, 0, 0, 0, 0, 0, 0, 0, 0, 0, 0, 0, 338, 0, 0, 0, 0, 0, 0, 0, 0, 0, 0, 0, 0, 364, 0, 0, 0, 0, 0, 0, 0, 0, 0, 0, 0, 338], 'packedBins': {'min': 0, 'size': 0.078125, 'count': 64}, '_type': 'histogram'}",,,,,1.1953125,"{'_type': 'histogram', 'values': [347, 0, 0, 0, 0, 0, 0, 0, 0, 0, 0, 0, 336, 0, 0, 0, 0, 0, 0, 0, 0, 0, 0, 0, 0, 351, 0, 0, 0, 0, 0, 0, 0, 0, 0, 0, 0, 0, 327, 0, 0, 0, 0, 0, 0, 0, 0, 0, 0, 0, 0, 332, 0, 0, 0, 0, 0, 0, 0, 0, 0, 0, 0, 355], 'packedBins': {'size': 0.078125, 'count': 64, 'min': 0}}",,"{'_type': 'histogram', 'values': [341, 0, 0, 0, 0, 0, 0, 0, 0, 0, 0, 0, 333, 0, 0, 0, 0, 0, 0, 0, 0, 0, 0, 0, 0, 291, 0, 0, 0, 0, 0, 0, 0, 0, 0, 0, 0, 0, 355, 0, 0, 0, 0, 0, 0, 0, 0, 0, 0, 0, 0, 402, 0, 0, 0, 0, 0, 0, 0, 0, 0, 0, 0, 326], 'packedBins': {'min': 0, 'size': 0.078125, 'count': 64}}",,,7805.475328,1.1865234375,"{'_type': 'histogram', 'values': [302, 0, 0, 0, 0, 0, 0, 0, 0, 0, 0, 0, 367, 0, 0, 0, 0, 0, 0, 0, 0, 0, 0, 0, 0, 335, 0, 0, 0, 0, 0, 0, 0, 0, 0, 0, 0, 0, 273, 0, 0, 0, 0, 0, 0, 0, 0, 0, 0, 0, 0, 421, 0, 0, 0, 0, 0, 0, 0, 0, 0, 0, 0, 350], 'packedBins': {'min': 0, 'size': 0.078125, 'count': 64}}",24.412198901106773,0.9950583499656586,0.00018216245225356027,"{'values': [334, 0, 0, 0, 0, 0, 0, 0, 0, 0, 0, 0, 378, 0, 0, 0, 0, 0, 0, 0, 0, 0, 0, 0, 0, 368, 0, 0, 0, 0, 0, 0, 0, 0, 0, 0, 0, 0, 349, 0, 0, 0, 0, 0, 0, 0, 0, 0, 0, 0, 0, 315, 0, 0, 0, 0, 0, 0, 0, 0, 0, 0, 0, 304], 'packedBins': {'min': 0, 'size': 0.078125, 'count': 64}, '_type': 'histogram'}",8322.390936582,,,,,5250.201429767101,,,,0.9991845297606204,1.0345491936430335,,,,41943040.0,,,1.0634765625,0.994695484594287,0.9967249758462706,,,"{'packedBins': {'size': 0.078125, 'count': 64, 'min': 0}, '_type': 'histogram', 'values': [362, 0, 0, 0, 0, 0, 0, 0, 0, 0, 0, 0, 405, 0, 0, 0, 0, 0, 0, 0, 0, 0, 0, 0, 0, 342, 0, 0, 0, 0, 0, 0, 0, 0, 0, 0, 0, 0, 291, 0, 0, 0, 0, 0, 0, 0, 0, 0, 0, 0, 0, 306, 0, 0, 0, 0, 0, 0, 0, 0, 0, 0, 0, 342]}",,,1.06640625,12.085971055924892,"{'values': [356, 0, 0, 0, 0, 0, 0, 0, 0, 0, 0, 0, 275, 0, 0, 0, 0, 0, 0, 0, 0, 0, 0, 0, 0, 387, 0, 0, 0, 0, 0, 0, 0, 0, 0, 0, 0, 0, 362, 0, 0, 0, 0, 0, 0, 0, 0, 0, 0, 0, 0, 383, 0, 0, 0, 0, 0, 0, 0, 0, 0, 0, 0, 285], 'packedBins': {'count': 64, 'min': 0, 'size': 0.078125}, '_type': 'histogram'}",1.1337890625,0.9995971610465109
,"{'_type': 'histogram', 'values': [300, 0, 0, 0, 0, 0, 0, 0, 0, 0, 0, 0, 315, 0, 0, 0, 0, 0, 0, 0, 0, 0, 0, 0, 0, 339, 0, 0, 0, 0, 0, 0, 0, 0, 0, 0, 0, 0, 317, 0, 0, 0, 0, 0, 0, 0, 0, 0, 0, 0, 0, 384, 0, 0, 0, 0, 0, 0, 0, 0, 0, 0, 0, 393], 'packedBins': {'min': 0, 'size': 0.078125, 'count': 64}}",0.4392569661140442,0.9974471138625645,660,1.1630859375,3.1582711102440952,,,0.9970462587355909,1.1279296875,1.1396484375,1.0751953125,0.9967041513392594,,"{'packedBins': {'count': 64, 'min': 0, 'size': 0.078125}, '_type': 'histogram', 'values': [339, 0, 0, 0, 0, 0, 0, 0, 0, 0, 0, 0, 286, 0, 0, 0, 0, 0, 0, 0, 0, 0, 0, 0, 0, 359, 0, 0, 0, 0, 0, 0, 0, 0, 0, 0, 0, 0, 411, 0, 0, 0, 0, 0, 0, 0, 0, 0, 0, 0, 0, 372, 0, 0, 0, 0, 0, 0, 0, 0, 0, 0, 0, 281]}",1.1455078125,"{'_type': 'histogram', 'values': [344, 0, 0, 0, 0, 0, 0, 0, 0, 0, 0, 0, 330, 0, 0, 0, 0, 0, 0, 0, 0, 0, 0, 0, 0, 363, 0, 0, 0, 0, 0, 0, 0, 0, 0, 0, 0, 0, 371, 0, 0, 0, 0, 0, 0, 0, 0, 0, 0, 0, 0, 325, 0, 0, 0, 0, 0, 0, 0, 0, 0, 0, 0, 315], 'packedBins': {'min': 0, 'size': 0.078125, 'count': 64}}",,0.9948516351308857,,"{'_type': 'histogram', 'values': [304, 0, 0, 0, 0, 0, 0, 0, 0, 0, 0, 0, 370, 0, 0, 0, 0, 0, 0, 0, 0, 0, 0, 0, 0, 355, 0, 0, 0, 0, 0, 0, 0, 0, 0, 0, 0, 0, 327, 0, 0, 0, 0, 0, 0, 0, 0, 0, 0, 0, 0, 328, 0, 0, 0, 0, 0, 0, 0, 0, 0, 0, 0, 364], 'packedBins': {'size': 0.078125, 'count': 64, 'min': 0}}",1784900035.3219814,,,0.999027713904309,,,,1.08984375,"{'_type': 'histogram', 'values': [291, 0, 0, 0, 0, 0, 0, 0, 0, 0, 0, 0, 335, 0, 0, 0, 0, 0, 0, 0, 0, 0, 0, 0, 0, 390, 0, 0, 0, 0, 0, 0, 0, 0, 0, 0, 0, 0, 325, 0, 0, 0, 0, 0, 0, 0, 0, 0, 0, 0, 0, 316, 0, 0, 0, 0, 0, 0, 0, 0, 0, 0, 0, 391], 'packedBins': {'min': 0, 'size': 0.078125, 'count': 64}}",,11425.284096,,,0.9979349262760034,,1.1513671875,,,0.9958932596732754,"{'packedBins': {'min': 0, 'size': 0.078125, 'count': 64}, '_type': 'histogram', 'values': [356, 0, 0, 0, 0, 0, 0, 0, 0, 0, 0, 0, 252, 0, 0, 0, 0, 0, 0, 0, 0, 0, 0, 0, 0, 378, 0, 0, 0, 0, 0, 0, 0, 0, 0, 0, 0, 0, 315, 0, 0, 0, 0, 0, 0, 0, 0, 0, 0, 0, 0, 389, 0, 0, 0, 0, 0, 0, 0, 0, 0, 0, 0, 358]}",,,,,1.0869140625,"{'_type': 'histogram', 'values': [385, 0, 0, 0, 0, 0, 0, 0, 0, 0, 0, 0, 311, 0, 0, 0, 0, 0, 0, 0, 0, 0, 0, 0, 0, 314, 0, 0, 0, 0, 0, 0, 0, 0, 0, 0, 0, 0, 306, 0, 0, 0, 0, 0, 0, 0, 0, 0, 0, 0, 0, 352, 0, 0, 0, 0, 0, 0, 0, 0, 0, 0, 0, 380], 'packedBins': {'min': 0, 'size': 0.078125, 'count': 64}}",,"{'_type': 'histogram', 'values': [348, 0, 0, 0, 0, 0, 0, 0, 0, 0, 0, 0, 327, 0, 0, 0, 0, 0, 0, 0, 0, 0, 0, 0, 0, 284, 0, 0, 0, 0, 0, 0, 0, 0, 0, 0, 0, 0, 357, 0, 0, 0, 0, 0, 0, 0, 0, 0, 0, 0, 0, 367, 0, 0, 0, 0, 0, 0, 0, 0, 0, 0, 0, 365], 'packedBins': {'min': 0, 'size': 0.078125, 'count': 64}}",,,7805.475328,1.18359375,"{'_type': 'histogram', 'values': [372, 0, 0, 0, 0, 0, 0, 0, 0, 0, 0, 0, 337, 0, 0, 0, 0, 0, 0, 0, 0, 0, 0, 0, 0, 344, 0, 0, 0, 0, 0, 0, 0, 0, 0, 0, 0, 0, 364, 0, 0, 0, 0, 0, 0, 0, 0, 0, 0, 0, 0, 364, 0, 0, 0, 0, 0, 0, 0, 0, 0, 0, 0, 267], 'packedBins': {'min': 0, 'size': 0.078125, 'count': 64}}",23.52988017389362,0.9978861583410539,0.00018095500649978818,"{'values': [337, 0, 0, 0, 0, 0, 0, 0, 0, 0, 0, 0, 397, 0, 0, 0, 0, 0, 0, 0, 0, 0, 0, 0, 0, 270, 0, 0, 0, 0, 0, 0, 0, 0, 0, 0, 0, 0, 378, 0, 0, 0, 0, 0, 0, 0, 0, 0, 0, 0, 0, 347, 0, 0, 0, 0, 0, 0, 0, 0, 0, 0, 0, 319], 'packedBins': {'count': 64, 'min': 0, 'size': 0.078125}, '_type': 'histogram'}",8572.84351158,,,,,5251.201752756288,,,,0.998673497689204,0.9989569921046495,,,,43253760.0,,,1.083984375,0.9968376810056221,0.9955531482360822,,,"{'_type': 'histogram', 'values': [333, 0, 0, 0, 0, 0, 0, 0, 0, 0, 0, 0, 313, 0, 0, 0, 0, 0, 0, 0, 0, 0, 0, 0, 0, 352, 0, 0, 0, 0, 0, 0, 0, 0, 0, 0, 0, 0, 271, 0, 0, 0, 0, 0, 0, 0, 0, 0, 0, 0, 0, 404, 0, 0, 0, 0, 0, 0, 0, 0, 0, 0, 0, 375], 'packedBins': {'min': 0, 'size': 0.078125, 'count': 64}}",,,1.2041015625,12.08086059987545,"{'packedBins': {'min': 0, 'size': 0.078125, 'count': 64}, '_type': 'histogram', 'values': [311, 0, 0, 0, 0, 0, 0, 0, 0, 0, 0, 0, 369, 0, 0, 0, 0, 0, 0, 0, 0, 0, 0, 0, 0, 344, 0, 0, 0, 0, 0, 0, 0, 0, 0, 0, 0, 0, 346, 0, 0, 0, 0, 0, 0, 0, 0, 0, 0, 0, 0, 297, 0, 0, 0, 0, 0, 0, 0, 0, 0, 0, 0, 381]}",1.1162109375,0.9946290856869476
,"{'_type': 'histogram', 'values': [400, 0, 0, 0, 0, 0, 0, 0, 0, 0, 0, 0, 357, 0, 0, 0, 0, 0, 0, 0, 0, 0, 0, 0, 0, 358, 0, 0, 0, 0, 0, 0, 0, 0, 0, 0, 0, 0, 281, 0, 0, 0, 0, 0, 0, 0, 0, 0, 0, 0, 0, 296, 0, 0, 0, 0, 0, 0, 0, 0, 0, 0, 0, 356], 'packedBins': {'min': 0, 'size': 0.078125, 'count': 64}}",0.4356505572795868,0.9994784014777727,680,1.119140625,3.1848414625972508,,,0.9960018398504075,1.0810546875,1.0634765625,1.224609375,0.9917802532086273,,"{'values': [290, 0, 0, 0, 0, 0, 0, 0, 0, 0, 0, 0, 418, 0, 0, 0, 0, 0, 0, 0, 0, 0, 0, 0, 0, 315, 0, 0, 0, 0, 0, 0, 0, 0, 0, 0, 0, 0, 243, 0, 0, 0, 0, 0, 0, 0, 0, 0, 0, 0, 0, 418, 0, 0, 0, 0, 0, 0, 0, 0, 0, 0, 0, 364], 'packedBins': {'min': 0, 'size': 0.078125, 'count': 64}, '_type': 'histogram'}",1.2275390625,"{'_type': 'histogram', 'values': [247, 0, 0, 0, 0, 0, 0, 0, 0, 0, 0, 0, 337, 0, 0, 0, 0, 0, 0, 0, 0, 0, 0, 0, 0, 331, 0, 0, 0, 0, 0, 0, 0, 0, 0, 0, 0, 0, 413, 0, 0, 0, 0, 0, 0, 0, 0, 0, 0, 0, 0, 372, 0, 0, 0, 0, 0, 0, 0, 0, 0, 0, 0, 348], 'packedBins': {'min': 0, 'size': 0.078125, 'count': 64}}",,0.9897343950917085,,"{'_type': 'histogram', 'values': [422, 0, 0, 0, 0, 0, 0, 0, 0, 0, 0, 0, 370, 0, 0, 0, 0, 0, 0, 0, 0, 0, 0, 0, 0, 339, 0, 0, 0, 0, 0, 0, 0, 0, 0, 0, 0, 0, 343, 0, 0, 0, 0, 0, 0, 0, 0, 0, 0, 0, 0, 323, 0, 0, 0, 0, 0, 0, 0, 0, 0, 0, 0, 251], 'packedBins': {'size': 0.078125, 'count': 64, 'min': 0}}",1784900285.7743762,,,0.9937128739104244,,,,1.201171875,"{'_type': 'histogram', 'values': [245, 0, 0, 0, 0, 0, 0, 0, 0, 0, 0, 0, 365, 0, 0, 0, 0, 0, 0, 0, 0, 0, 0, 0, 0, 290, 0, 0, 0, 0, 0, 0, 0, 0, 0, 0, 0, 0, 377, 0, 0, 0, 0, 0, 0, 0, 0, 0, 0, 0, 0, 419, 0, 0, 0, 0, 0, 0, 0, 0, 0, 0, 0, 352], 'packedBins': {'size': 0.078125, 'count': 64, 'min': 0}}",,11425.284096,,,0.9948383287366293,,1.171875,,,0.9982560761013813,"{'_type': 'histogram', 'values': [325, 0, 0, 0, 0, 0, 0, 0, 0, 0, 0, 0, 302, 0, 0, 0, 0, 0, 0, 0, 0, 0, 0, 0, 0, 358, 0, 0, 0, 0, 0, 0, 0, 0, 0, 0, 0, 0, 363, 0, 0, 0, 0, 0, 0, 0, 0, 0, 0, 0, 0, 352, 0, 0, 0, 0, 0, 0, 0, 0, 0, 0, 0, 348], 'packedBins': {'min': 0, 'size': 0.078125, 'count': 64}}",,,,,1.2099609375,"{'_type': 'histogram', 'values': [369, 0, 0, 0, 0, 0, 0, 0, 0, 0, 0, 0, 347, 0, 0, 0, 0, 0, 0, 0, 0, 0, 0, 0, 0, 332, 0, 0, 0, 0, 0, 0, 0, 0, 0, 0, 0, 0, 337, 0, 0, 0, 0, 0, 0, 0, 0, 0, 0, 0, 0, 321, 0, 0, 0, 0, 0, 0, 0, 0, 0, 0, 0, 342], 'packedBins': {'min': 0, 'size': 0.078125, 'count': 64}}",,"{'_type': 'histogram', 'values': [294, 0, 0, 0, 0, 0, 0, 0, 0, 0, 0, 0, 317, 0, 0, 0, 0, 0, 0, 0, 0, 0, 0, 0, 0, 286, 0, 0, 0, 0, 0, 0, 0, 0, 0, 0, 0, 0, 364, 0, 0, 0, 0, 0, 0, 0, 0, 0, 0, 0, 0, 418, 0, 0, 0, 0, 0, 0, 0, 0, 0, 0, 0, 369], 'packedBins': {'min': 0, 'size': 0.078125, 'count': 64}}",,,7805.475328,1.142578125,"{'_type': 'histogram', 'values': [284, 0, 0, 0, 0, 0, 0, 0, 0, 0, 0, 0, 297, 0, 0, 0, 0, 0, 0, 0, 0, 0, 0, 0, 0, 356, 0, 0, 0, 0, 0, 0, 0, 0, 0, 0, 0, 0, 326, 0, 0, 0, 0, 0, 0, 0, 0, 0, 0, 0, 0, 375, 0, 0, 0, 0, 0, 0, 0, 0, 0, 0, 0, 410], 'packedBins': {'min': 0, 'size': 0.078125, 'count': 64}}",24.16345729040531,0.9956110975830688,0.00017971283205723762,"{'values': [382, 0, 0, 0, 0, 0, 0, 0, 0, 0, 0, 0, 324, 0, 0, 0, 0, 0, 0, 0, 0, 0, 0, 0, 0, 366, 0, 0, 0, 0, 0, 0, 0, 0, 0, 0, 0, 0, 344, 0, 0, 0, 0, 0, 0, 0, 0, 0, 0, 0, 0, 332, 0, 0, 0, 0, 0, 0, 0, 0, 0, 0, 0, 300], 'packedBins': {'size': 0.078125, 'count': 64, 'min': 0}, '_type': 'histogram'}",8823.435002975,,,,,5236.1076642796115,,,,0.9935365641865274,1.007958633825183,,,,44564480.0,,,1.236328125,0.9954009230857892,0.9975993390128575,,,"{'values': [354, 0, 0, 0, 0, 0, 0, 0, 0, 0, 0, 0, 346, 0, 0, 0, 0, 0, 0, 0, 0, 0, 0, 0, 0, 314, 0, 0, 0, 0, 0, 0, 0, 0, 0, 0, 0, 0, 390, 0, 0, 0, 0, 0, 0, 0, 0, 0, 0, 0, 0, 291, 0, 0, 0, 0, 0, 0, 0, 0, 0, 0, 0, 353], 'packedBins': {'count': 64, 'min': 0, 'size': 0.078125}, '_type': 'histogram'}",,,1.224609375,12.082462280988693,"{'values': [374, 0, 0, 0, 0, 0, 0, 0, 0, 0, 0, 0, 357, 0, 0, 0, 0, 0, 0, 0, 0, 0, 0, 0, 0, 412, 0, 0, 0, 0, 0, 0, 0, 0, 0, 0, 0, 0, 310, 0, 0, 0, 0, 0, 0, 0, 0, 0, 0, 0, 0, 299, 0, 0, 0, 0, 0, 0, 0, 0, 0, 0, 0, 296], 'packedBins': {'min': 0, 'size': 0.078125, 'count': 64}, '_type': 'histogram'}",1.20703125,0.9988937185141472
,"{'_type': 'histogram', 'values': [410, 0, 0, 0, 0, 0, 0, 0, 0, 0, 0, 0, 347, 0, 0, 0, 0, 0, 0, 0, 0, 0, 0, 0, 0, 324, 0, 0, 0, 0, 0, 0, 0, 0, 0, 0, 0, 0, 311, 0, 0, 0, 0, 0, 0, 0, 0, 0, 0, 0, 0, 356, 0, 0, 0, 0, 0, 0, 0, 0, 0, 0, 0, 300], 'packedBins': {'min': 0, 'size': 0.078125, 'count': 64}}",0.4138367474079132,0.9977852958725905,700,1.189453125,3.188508074916899,,,0.9969231745887194,1.08984375,1.1630859375,1.177734375,0.9973968822242466,,"{'values': [368, 0, 0, 0, 0, 0, 0, 0, 0, 0, 0, 0, 312, 0, 0, 0, 0, 0, 0, 0, 0, 0, 0, 0, 0, 384, 0, 0, 0, 0, 0, 0, 0, 0, 0, 0, 0, 0, 333, 0, 0, 0, 0, 0, 0, 0, 0, 0, 0, 0, 0, 363, 0, 0, 0, 0, 0, 0, 0, 0, 0, 0, 0, 288], 'packedBins': {'count': 64, 'min': 0, 'size': 0.078125}, '_type': 'histogram'}",1.11328125,"{'values': [362, 0, 0, 0, 0, 0, 0, 0, 0, 0, 0, 0, 415, 0, 0, 0, 0, 0, 0, 0, 0, 0, 0, 0, 0, 285, 0, 0, 0, 0, 0, 0, 0, 0, 0, 0, 0, 0, 332, 0, 0, 0, 0, 0, 0, 0, 0, 0, 0, 0, 0, 319, 0, 0, 0, 0, 0, 0, 0, 0, 0, 0, 0, 335], 'packedBins': {'min': 0, 'size': 0.078125, 'count': 64}, '_type': 'histogram'}",,0.9972600259593197,,"{'_type': 'histogram', 'values': [353, 0, 0, 0, 0, 0, 0, 0, 0, 0, 0, 0, 345, 0, 0, 0, 0, 0, 0, 0, 0, 0, 0, 0, 0, 323, 0, 0, 0, 0, 0, 0, 0, 0, 0, 0, 0, 0, 327, 0, 0, 0, 0, 0, 0, 0, 0, 0, 0, 0, 0, 375, 0, 0, 0, 0, 0, 0, 0, 0, 0, 0, 0, 325], 'packedBins': {'size': 0.078125, 'count': 64, 'min': 0}}",1784900536.3661358,,,0.9962096857286922,,,,1.107421875,"{'_type': 'histogram', 'values': [380, 0, 0, 0, 0, 0, 0, 0, 0, 0, 0, 0, 366, 0, 0, 0, 0, 0, 0, 0, 0, 0, 0, 0, 0, 346, 0, 0, 0, 0, 0, 0, 0, 0, 0, 0, 0, 0, 358, 0, 0, 0, 0, 0, 0, 0, 0, 0, 0, 0, 0, 313, 0, 0, 0, 0, 0, 0, 0, 0, 0, 0, 0, 285], 'packedBins': {'size': 0.078125, 'count': 64, 'min': 0}}",,11425.284096,,,0.9936471403227979,,1.201171875,,,0.9958597940917205,"{'_type': 'histogram', 'values': [332, 0, 0, 0, 0, 0, 0, 0, 0, 0, 0, 0, 378, 0, 0, 0, 0, 0, 0, 0, 0, 0, 0, 0, 0, 397, 0, 0, 0, 0, 0, 0, 0, 0, 0, 0, 0, 0, 314, 0, 0, 0, 0, 0, 0, 0, 0, 0, 0, 0, 0, 328, 0, 0, 0, 0, 0, 0, 0, 0, 0, 0, 0, 299], 'packedBins': {'count': 64, 'min': 0, 'size': 0.078125}}",,,,,1.2158203125,"{'_type': 'histogram', 'values': [363, 0, 0, 0, 0, 0, 0, 0, 0, 0, 0, 0, 359, 0, 0, 0, 0, 0, 0, 0, 0, 0, 0, 0, 0, 354, 0, 0, 0, 0, 0, 0, 0, 0, 0, 0, 0, 0, 308, 0, 0, 0, 0, 0, 0, 0, 0, 0, 0, 0, 0, 292, 0, 0, 0, 0, 0, 0, 0, 0, 0, 0, 0, 372], 'packedBins': {'min': 0, 'size': 0.078125, 'count': 64}}",,"{'_type': 'histogram', 'values': [296, 0, 0, 0, 0, 0, 0, 0, 0, 0, 0, 0, 372, 0, 0, 0, 0, 0, 0, 0, 0, 0, 0, 0, 0, 384, 0, 0, 0, 0, 0, 0, 0, 0, 0, 0, 0, 0, 258, 0, 0, 0, 0, 0, 0, 0, 0, 0, 0, 0, 0, 402, 0, 0, 0, 0, 0, 0, 0, 0, 0, 0, 0, 336], 'packedBins': {'min': 0, 'size': 0.078125, 'count': 64}}",,,7805.475328,1.142578125,"{'packedBins': {'min': 0, 'size': 0.078125, 'count': 64}, '_type': 'histogram', 'values': [299, 0, 0, 0, 0, 0, 0, 0, 0, 0, 0, 0, 378, 0, 0, 0, 0, 0, 0, 0, 0, 0, 0, 0, 0, 358, 0, 0, 0, 0, 0, 0, 0, 0, 0, 0, 0, 0, 371, 0, 0, 0, 0, 0, 0, 0, 0, 0, 0, 0, 0, 311, 0, 0, 0, 0, 0, 0, 0, 0, 0, 0, 0, 331]}",24.252217946607534,0.9967291673604614,0.0001784365369040028,"{'values': [406, 0, 0, 0, 0, 0, 0, 0, 0, 0, 0, 0, 284, 0, 0, 0, 0, 0, 0, 0, 0, 0, 0, 0, 0, 383, 0, 0, 0, 0, 0, 0, 0, 0, 0, 0, 0, 0, 334, 0, 0, 0, 0, 0, 0, 0, 0, 0, 0, 0, 0, 333, 0, 0, 0, 0, 0, 0, 0, 0, 0, 0, 0, 308], 'packedBins': {'min': 0, 'size': 0.078125, 'count': 64}, '_type': 'histogram'}",9074.35873421,,,,,5233.162903003017,,,,0.9991746164968994,1.0009215034544467,,,,45875200.0,,,1.0986328125,0.9978621402994211,0.9981528850139231,,,"{'values': [390, 0, 0, 0, 0, 0, 0, 0, 0, 0, 0, 0, 306, 0, 0, 0, 0, 0, 0, 0, 0, 0, 0, 0, 0, 344, 0, 0, 0, 0, 0, 0, 0, 0, 0, 0, 0, 0, 311, 0, 0, 0, 0, 0, 0, 0, 0, 0, 0, 0, 0, 351, 0, 0, 0, 0, 0, 0, 0, 0, 0, 0, 0, 346], 'packedBins': {'min': 0, 'size': 0.078125, 'count': 64}, '_type': 'histogram'}",,,1.125,12.085463312268256,"{'values': [316, 0, 0, 0, 0, 0, 0, 0, 0, 0, 0, 0, 296, 0, 0, 0, 0, 0, 0, 0, 0, 0, 0, 0, 0, 366, 0, 0, 0, 0, 0, 0, 0, 0, 0, 0, 0, 0, 337, 0, 0, 0, 0, 0, 0, 0, 0, 0, 0, 0, 0, 323, 0, 0, 0, 0, 0, 0, 0, 0, 0, 0, 0, 410], 'packedBins': {'min': 0, 'size': 0.078125, 'count': 64}, '_type': 'histogram'}",1.201171875,0.997146322820399
,"{'values': [347, 0, 0, 0, 0, 0, 0, 0, 0, 0, 0, 0, 267, 0, 0, 0, 0, 0, 0, 0, 0, 0, 0, 0, 0, 299, 0, 0, 0, 0, 0, 0, 0, 0, 0, 0, 0, 0, 342, 0, 0, 0, 0, 0, 0, 0, 0, 0, 0, 0, 0, 414, 0, 0, 0, 0, 0, 0, 0, 0, 0, 0, 0, 379], 'packedBins': {'min': 0, 'size': 0.078125, 'count': 64}, '_type': 'histogram'}",0.4392845928668976,0.9971009480159847,720,1.095703125,3.1501245258376,,,0.9943351474378241,1.1748046875,1.2421875,1.1220703125,0.9985115588711039,,"{'packedBins': {'count': 64, 'min': 0, 'size': 0.078125}, '_type': 'histogram', 'values': [388, 0, 0, 0, 0, 0, 0, 0, 0, 0, 0, 0, 369, 0, 0, 0, 0, 0, 0, 0, 0, 0, 0, 0, 0, 364, 0, 0, 0, 0, 0, 0, 0, 0, 0, 0, 0, 0, 293, 0, 0, 0, 0, 0, 0, 0, 0, 0, 0, 0, 0, 324, 0, 0, 0, 0, 0, 0, 0, 0, 0, 0, 0, 310]}",1.0634765625,"{'_type': 'histogram', 'values': [290, 0, 0, 0, 0, 0, 0, 0, 0, 0, 0, 0, 312, 0, 0, 0, 0, 0, 0, 0, 0, 0, 0, 0, 0, 349, 0, 0, 0, 0, 0, 0, 0, 0, 0, 0, 0, 0, 377, 0, 0, 0, 0, 0, 0, 0, 0, 0, 0, 0, 0, 365, 0, 0, 0, 0, 0, 0, 0, 0, 0, 0, 0, 355], 'packedBins': {'min': 0, 'size': 0.078125, 'count': 64}}",,0.9971629558132195,,"{'_type': 'histogram', 'values': [331, 0, 0, 0, 0, 0, 0, 0, 0, 0, 0, 0, 347, 0, 0, 0, 0, 0, 0, 0, 0, 0, 0, 0, 0, 337, 0, 0, 0, 0, 0, 0, 0, 0, 0, 0, 0, 0, 364, 0, 0, 0, 0, 0, 0, 0, 0, 0, 0, 0, 0, 347, 0, 0, 0, 0, 0, 0, 0, 0, 0, 0, 0, 322], 'packedBins': {'size': 0.078125, 'count': 64, 'min': 0}}",1784900787.2898166,,,0.9977307396561393,,,,1.1513671875,"{'_type': 'histogram', 'values': [344, 0, 0, 0, 0, 0, 0, 0, 0, 0, 0, 0, 291, 0, 0, 0, 0, 0, 0, 0, 0, 0, 0, 0, 0, 335, 0, 0, 0, 0, 0, 0, 0, 0, 0, 0, 0, 0, 363, 0, 0, 0, 0, 0, 0, 0, 0, 0, 0, 0, 0, 353, 0, 0, 0, 0, 0, 0, 0, 0, 0, 0, 0, 362], 'packedBins': {'min': 0, 'size': 0.078125, 'count': 64}}",,11433.672704,,,0.9981914070252953,,1.212890625,,,0.9991321025672503,"{'packedBins': {'size': 0.078125, 'count': 64, 'min': 0}, '_type': 'histogram', 'values': [305, 0, 0, 0, 0, 0, 0, 0, 0, 0, 0, 0, 424, 0, 0, 0, 0, 0, 0, 0, 0, 0, 0, 0, 0, 400, 0, 0, 0, 0, 0, 0, 0, 0, 0, 0, 0, 0, 312, 0, 0, 0, 0, 0, 0, 0, 0, 0, 0, 0, 0, 299, 0, 0, 0, 0, 0, 0, 0, 0, 0, 0, 0, 308]}",,,,,1.1044921875,"{'packedBins': {'min': 0, 'size': 0.078125, 'count': 64}, '_type': 'histogram', 'values': [308, 0, 0, 0, 0, 0, 0, 0, 0, 0, 0, 0, 316, 0, 0, 0, 0, 0, 0, 0, 0, 0, 0, 0, 0, 377, 0, 0, 0, 0, 0, 0, 0, 0, 0, 0, 0, 0, 314, 0, 0, 0, 0, 0, 0, 0, 0, 0, 0, 0, 0, 401, 0, 0, 0, 0, 0, 0, 0, 0, 0, 0, 0, 332]}",,"{'_type': 'histogram', 'values': [376, 0, 0, 0, 0, 0, 0, 0, 0, 0, 0, 0, 319, 0, 0, 0, 0, 0, 0, 0, 0, 0, 0, 0, 0, 383, 0, 0, 0, 0, 0, 0, 0, 0, 0, 0, 0, 0, 334, 0, 0, 0, 0, 0, 0, 0, 0, 0, 0, 0, 0, 315, 0, 0, 0, 0, 0, 0, 0, 0, 0, 0, 0, 321], 'packedBins': {'min': 0, 'size': 0.078125, 'count': 64}}",,,7805.475328,1.1953125,"{'_type': 'histogram', 'values': [378, 0, 0, 0, 0, 0, 0, 0, 0, 0, 0, 0, 393, 0, 0, 0, 0, 0, 0, 0, 0, 0, 0, 0, 0, 331, 0, 0, 0, 0, 0, 0, 0, 0, 0, 0, 0, 0, 270, 0, 0, 0, 0, 0, 0, 0, 0, 0, 0, 0, 0, 333, 0, 0, 0, 0, 0, 0, 0, 0, 0, 0, 0, 343], 'packedBins': {'min': 0, 'size': 0.078125, 'count': 64}}",23.33897070487095,0.9992084147383107,0.0001771267457184447,"{'values': [316, 0, 0, 0, 0, 0, 0, 0, 0, 0, 0, 0, 336, 0, 0, 0, 0, 0, 0, 0, 0, 0, 0, 0, 0, 326, 0, 0, 0, 0, 0, 0, 0, 0, 0, 0, 0, 0, 340, 0, 0, 0, 0, 0, 0, 0, 0, 0, 0, 0, 0, 356, 0, 0, 0, 0, 0, 0, 0, 0, 0, 0, 0, 374], 'packedBins': {'size': 0.078125, 'count': 64, 'min': 0}, '_type': 'histogram'}",9324.753636669,,,,,5226.263585331256,,,,0.9995711470457397,0.9835776403546334,,,,47185920.0,,,1.06640625,0.9962041635750758,0.9969162552637061,,,"{'packedBins': {'min': 0, 'size': 0.078125, 'count': 64}, '_type': 'histogram', 'values': [346, 0, 0, 0, 0, 0, 0, 0, 0, 0, 0, 0, 291, 0, 0, 0, 0, 0, 0, 0, 0, 0, 0, 0, 0, 313, 0, 0, 0, 0, 0, 0, 0, 0, 0, 0, 0, 0, 408, 0, 0, 0, 0, 0, 0, 0, 0, 0, 0, 0, 0, 344, 0, 0, 0, 0, 0, 0, 0, 0, 0, 0, 0, 346]}",,,1.13671875,12.079151104390622,"{'values': [348, 0, 0, 0, 0, 0, 0, 0, 0, 0, 0, 0, 343, 0, 0, 0, 0, 0, 0, 0, 0, 0, 0, 0, 0, 361, 0, 0, 0, 0, 0, 0, 0, 0, 0, 0, 0, 0, 320, 0, 0, 0, 0, 0, 0, 0, 0, 0, 0, 0, 0, 315, 0, 0, 0, 0, 0, 0, 0, 0, 0, 0, 0, 361], 'packedBins': {'min': 0, 'size': 0.078125, 'count': 64}, '_type': 'histogram'}",1.0576171875,0.9940613683759991
,"{'packedBins': {'min': 0, 'size': 0.078125, 'count': 64}, '_type': 'histogram', 'values': [290, 0, 0, 0, 0, 0, 0, 0, 0, 0, 0, 0, 391, 0, 0, 0, 0, 0, 0, 0, 0, 0, 0, 0, 0, 312, 0, 0, 0, 0, 0, 0, 0, 0, 0, 0, 0, 0, 325, 0, 0, 0, 0, 0, 0, 0, 0, 0, 0, 0, 0, 358, 0, 0, 0, 0, 0, 0, 0, 0, 0, 0, 0, 372]}",0.41952112317085266,0.9959395659252875,740,1.11328125,3.1272628057748078,,,0.997015121773031,1.1923828125,1.2392578125,1.1103515625,0.9985936593236657,,"{'_type': 'histogram', 'values': [318, 0, 0, 0, 0, 0, 0, 0, 0, 0, 0, 0, 336, 0, 0, 0, 0, 0, 0, 0, 0, 0, 0, 0, 0, 318, 0, 0, 0, 0, 0, 0, 0, 0, 0, 0, 0, 0, 307, 0, 0, 0, 0, 0, 0, 0, 0, 0, 0, 0, 0, 316, 0, 0, 0, 0, 0, 0, 0, 0, 0, 0, 0, 453], 'packedBins': {'count': 64, 'min': 0, 'size': 0.078125}}",1.107421875,"{'_type': 'histogram', 'values': [298, 0, 0, 0, 0, 0, 0, 0, 0, 0, 0, 0, 385, 0, 0, 0, 0, 0, 0, 0, 0, 0, 0, 0, 0, 321, 0, 0, 0, 0, 0, 0, 0, 0, 0, 0, 0, 0, 337, 0, 0, 0, 0, 0, 0, 0, 0, 0, 0, 0, 0, 366, 0, 0, 0, 0, 0, 0, 0, 0, 0, 0, 0, 341], 'packedBins': {'size': 0.078125, 'count': 64, 'min': 0}}",,0.994284383543736,,"{'_type': 'histogram', 'values': [351, 0, 0, 0, 0, 0, 0, 0, 0, 0, 0, 0, 311, 0, 0, 0, 0, 0, 0, 0, 0, 0, 0, 0, 0, 362, 0, 0, 0, 0, 0, 0, 0, 0, 0, 0, 0, 0, 346, 0, 0, 0, 0, 0, 0, 0, 0, 0, 0, 0, 0, 353, 0, 0, 0, 0, 0, 0, 0, 0, 0, 0, 0, 325], 'packedBins': {'size': 0.078125, 'count': 64, 'min': 0}}",1784901037.6846664,,,0.9980726474565571,,,,1.2978515625,"{'_type': 'histogram', 'values': [378, 0, 0, 0, 0, 0, 0, 0, 0, 0, 0, 0, 324, 0, 0, 0, 0, 0, 0, 0, 0, 0, 0, 0, 0, 330, 0, 0, 0, 0, 0, 0, 0, 0, 0, 0, 0, 0, 373, 0, 0, 0, 0, 0, 0, 0, 0, 0, 0, 0, 0, 319, 0, 0, 0, 0, 0, 0, 0, 0, 0, 0, 0, 324], 'packedBins': {'min': 0, 'size': 0.078125, 'count': 64}}",,11433.672704,,,0.9969652227945696,,1.1455078125,,,0.9983049105683022,"{'_type': 'histogram', 'values': [290, 0, 0, 0, 0, 0, 0, 0, 0, 0, 0, 0, 309, 0, 0, 0, 0, 0, 0, 0, 0, 0, 0, 0, 0, 356, 0, 0, 0, 0, 0, 0, 0, 0, 0, 0, 0, 0, 304, 0, 0, 0, 0, 0, 0, 0, 0, 0, 0, 0, 0, 423, 0, 0, 0, 0, 0, 0, 0, 0, 0, 0, 0, 366], 'packedBins': {'min': 0, 'size': 0.078125, 'count': 64}}",,,,,1.1279296875,"{'_type': 'histogram', 'values': [298, 0, 0, 0, 0, 0, 0, 0, 0, 0, 0, 0, 333, 0, 0, 0, 0, 0, 0, 0, 0, 0, 0, 0, 0, 362, 0, 0, 0, 0, 0, 0, 0, 0, 0, 0, 0, 0, 407, 0, 0, 0, 0, 0, 0, 0, 0, 0, 0, 0, 0, 362, 0, 0, 0, 0, 0, 0, 0, 0, 0, 0, 0, 286], 'packedBins': {'min': 0, 'size': 0.078125, 'count': 64}}",,"{'_type': 'histogram', 'values': [354, 0, 0, 0, 0, 0, 0, 0, 0, 0, 0, 0, 295, 0, 0, 0, 0, 0, 0, 0, 0, 0, 0, 0, 0, 357, 0, 0, 0, 0, 0, 0, 0, 0, 0, 0, 0, 0, 379, 0, 0, 0, 0, 0, 0, 0, 0, 0, 0, 0, 0, 372, 0, 0, 0, 0, 0, 0, 0, 0, 0, 0, 0, 291], 'packedBins': {'min': 0, 'size': 0.078125, 'count': 64}}",,,7805.475328,1.21875,"{'_type': 'histogram', 'values': [443, 0, 0, 0, 0, 0, 0, 0, 0, 0, 0, 0, 312, 0, 0, 0, 0, 0, 0, 0, 0, 0, 0, 0, 0, 370, 0, 0, 0, 0, 0, 0, 0, 0, 0, 0, 0, 0, 294, 0, 0, 0, 0, 0, 0, 0, 0, 0, 0, 0, 0, 303, 0, 0, 0, 0, 0, 0, 0, 0, 0, 0, 0, 326], 'packedBins': {'min': 0, 'size': 0.078125, 'count': 64}}",22.811454628184784,0.9964511967844455,0.00017578409957344444,"{'values': [368, 0, 0, 0, 0, 0, 0, 0, 0, 0, 0, 0, 380, 0, 0, 0, 0, 0, 0, 0, 0, 0, 0, 0, 0, 327, 0, 0, 0, 0, 0, 0, 0, 0, 0, 0, 0, 0, 346, 0, 0, 0, 0, 0, 0, 0, 0, 0, 0, 0, 0, 325, 0, 0, 0, 0, 0, 0, 0, 0, 0, 0, 0, 302], 'packedBins': {'min': 0, 'size': 0.078125, 'count': 64}, '_type': 'histogram'}",9459.994529912,,,,,5237.341561844896,,,,0.9992466040898265,0.9757003495469689,,,,48496640.0,,,1.060546875,0.9939147319112938,0.9957837480485453,,,"{'values': [330, 0, 0, 0, 0, 0, 0, 0, 0, 0, 0, 0, 339, 0, 0, 0, 0, 0, 0, 0, 0, 0, 0, 0, 0, 291, 0, 0, 0, 0, 0, 0, 0, 0, 0, 0, 0, 0, 301, 0, 0, 0, 0, 0, 0, 0, 0, 0, 0, 0, 0, 371, 0, 0, 0, 0, 0, 0, 0, 0, 0, 0, 0, 416], 'packedBins': {'min': 0, 'size': 0.078125, 'count': 64}, '_type': 'histogram'}",,,1.3271484375,12.082362692058087,"{'values': [362, 0, 0, 0, 0, 0, 0, 0, 0, 0, 0, 0, 346, 0, 0, 0, 0, 0, 0, 0, 0, 0, 0, 0, 0, 330, 0, 0, 0, 0, 0, 0, 0, 0, 0, 0, 0, 0, 347, 0, 0, 0, 0, 0, 0, 0, 0, 0, 0, 0, 0, 269, 0, 0, 0, 0, 0, 0, 0, 0, 0, 0, 0, 394], 'packedBins': {'min': 0, 'size': 0.078125, 'count': 64}, '_type': 'histogram'}",1.154296875,0.9950877570969652
"{'packedBins': {'min': 0, 'size': 0.078125, 'count': 64}, '_type': 'histogram', 'values': [14826, 0, 0, 0, 0, 0, 0, 0, 0, 0, 0, 0, 18240, 0, 0, 0, 0, 0, 0, 0, 0, 0, 0, 0, 0, 15540, 0, 0, 0, 0, 0, 0, 0, 0, 0, 0, 0, 0, 18901, 0, 0, 0, 0, 0, 0, 0, 0, 0, 0, 0, 0, 17120, 0, 0, 0, 0, 0, 0, 0, 0, 0, 0, 0, 17773]}",,,,750,,,0.9945314832850771,1.1074804067611694,,,,,,1.076015591621399,,,,"{'_type': 'histogram', 'values': [17319, 0, 0, 0, 0, 0, 0, 0, 0, 0, 0, 0, 15784, 0, 0, 0, 0, 0, 0, 0, 0, 0, 0, 0, 0, 16082, 0, 0, 0, 0, 0, 0, 0, 0, 0, 0, 0, 0, 20591, 0, 0, 0, 0, 0, 0, 0, 0, 0, 0, 0, 0, 15080, 0, 0, 0, 0, 0, 0, 0, 0, 0, 0, 0, 17544], 'packedBins': {'count': 64, 'min': 0, 'size': 0.078125}}",,0.9988259889673822,,1784901172.9253883,1.1028515100479126,"{'_type': 'histogram', 'values': [19112, 0, 0, 0, 0, 0, 0, 0, 0, 0, 0, 0, 17405, 0, 0, 0, 0, 0, 0, 0, 0, 0, 0, 0, 0, 16576, 0, 0, 0, 0, 0, 0, 0, 0, 0, 0, 0, 0, 15272, 0, 0, 0, 0, 0, 0, 0, 0, 0, 0, 0, 0, 17542, 0, 0, 0, 0, 0, 0, 0, 0, 0, 0, 0, 16493], 'packedBins': {'min': 0, 'size': 0.078125, 'count': 64}}",,1.0716795921325684,1.6819245030105963,50.40416831806159,,,"{'values': [19443, 0, 0, 0, 0, 0, 0, 0, 0, 0, 0, 0, 19563, 0, 0, 0, 0, 0, 0, 0, 0, 0, 0, 0, 0, 18161, 0, 0, 0, 0, 0, 0, 0, 0, 0, 0, 0, 0, 15998, 0, 0, 0, 0, 0, 0, 0, 0, 0, 0, 0, 0, 14961, 0, 0, 0, 0, 0, 0, 0, 0, 0, 0, 0, 14274], 'packedBins': {'min': 0, 'size': 0.078125, 'count': 64}, '_type': 'histogram'}",,0.9979640007474537,0.9987038362681085,,1.1198437213897705,,0.9962832700889299,"{'_type': 'histogram', 'values': [15885, 0, 0, 0, 0, 0, 0, 0, 0, 0, 0, 0, 15645, 0, 0, 0, 0, 0, 0, 0, 0, 0, 0, 0, 0, 19143, 0, 0, 0, 0, 0, 0, 0, 0, 0, 0, 0, 0, 18864, 0, 0, 0, 0, 0, 0, 0, 0, 0, 0, 0, 0, 20311, 0, 0, 0, 0, 0, 0, 0, 0, 0, 0, 0, 12552], 'packedBins': {'min': 0, 'size': 0.078125, 'count': 64}}",,,0.9990489376031478,"{'values': [17660, 0, 0, 0, 0, 0, 0, 0, 0, 0, 0, 0, 16114, 0, 0, 0, 0, 0, 0, 0, 0, 0, 0, 0, 0, 18540, 0, 0, 0, 0, 0, 0, 0, 0, 0, 0, 0, 0, 17139, 0, 0, 0, 0, 0, 0, 0, 0, 0, 0, 0, 0, 17865, 0, 0, 0, 0, 0, 0, 0, 0, 0, 0, 0, 15082], 'packedBins': {'min': 0, 'size': 0.078125, 'count': 64}, '_type': 'histogram'}",0.30119140625,1.0863280296325684,,,0.997010863726869,,1.1900975704193115,"{'_type': 'histogram', 'values': [18730, 0, 0, 0, 0, 0, 0, 0, 0, 0, 0, 0, 19701, 0, 0, 0, 0, 0, 0, 0, 0, 0, 0, 0, 0, 15141, 0, 0, 0, 0, 0, 0, 0, 0, 0, 0, 0, 0, 17020, 0, 0, 0, 0, 0, 0, 0, 0, 0, 0, 0, 0, 17754, 0, 0, 0, 0, 0, 0, 0, 0, 0, 0, 0, 14054], 'packedBins': {'min': 0, 'size': 0.078125, 'count': 64}}",,,,,,,,9620.818552972,"{'_type': 'histogram', 'values': [15871, 0, 0, 0, 0, 0, 0, 0, 0, 0, 0, 0, 19934, 0, 0, 0, 0, 0, 0, 0, 0, 0, 0, 0, 0, 18138, 0, 0, 0, 0, 0, 0, 0, 0, 0, 0, 0, 0, 13307, 0, 0, 0, 0, 0, 0, 0, 0, 0, 0, 0, 0, 15542, 0, 0, 0, 0, 0, 0, 0, 0, 0, 0, 0, 19608], 'packedBins': {'count': 64, 'min': 0, 'size': 0.078125}}",0.9931087636111846,0.9990767479671437,1.2065038681030273,,0.9957556715566643,0.999339482721736,3.92007387638092,,,"{'_type': 'histogram', 'values': [16090, 0, 0, 0, 0, 0, 0, 0, 0, 0, 0, 0, 17657, 0, 0, 0, 0, 0, 0, 0, 0, 0, 0, 0, 0, 17313, 0, 0, 0, 0, 0, 0, 0, 0, 0, 0, 0, 0, 18822, 0, 0, 0, 0, 0, 0, 0, 0, 0, 0, 0, 0, 16043, 0, 0, 0, 0, 0, 0, 0, 0, 0, 0, 0, 16475], 'packedBins': {'size': 0.078125, 'count': 64, 'min': 0}}","{'packedBins': {'min': 0, 'size': 0.078125, 'count': 64}, '_type': 'histogram', 'values': [17311, 0, 0, 0, 0, 0, 0, 0, 0, 0, 0, 0, 16989, 0, 0, 0, 0, 0, 0, 0, 0, 0, 0, 0, 0, 18290, 0, 0, 0, 0, 0, 0, 0, 0, 0, 0, 0, 0, 15190, 0, 0, 0, 0, 0, 0, 0, 0, 0, 0, 0, 0, 16735, 0, 0, 0, 0, 0, 0, 0, 0, 0, 0, 0, 17885]}","{'packedBins': {'min': 0, 'size': 0.078125, 'count': 64}, '_type': 'histogram', 'values': [15315, 0, 0, 0, 0, 0, 0, 0, 0, 0, 0, 0, 17704, 0, 0, 0, 0, 0, 0, 0, 0, 0, 0, 0, 0, 18364, 0, 0, 0, 0, 0, 0, 0, 0, 0, 0, 0, 0, 17081, 0, 0, 0, 0, 0, 0, 0, 0, 0, 0, 0, 0, 15944, 0, 0, 0, 0, 0, 0, 0, 0, 0, 0, 0, 17992]}",,"{'_type': 'histogram', 'values': [17376, 0, 0, 0, 0, 0, 0, 0, 0, 0, 0, 0, 17711, 0, 0, 0, 0, 0, 0, 0, 0, 0, 0, 0, 0, 15618, 0, 0, 0, 0, 0, 0, 0, 0, 0, 0, 0, 0, 17803, 0, 0, 0, 0, 0, 0, 0, 0, 0, 0, 0, 0, 17617, 0, 0, 0, 0, 0, 0, 0, 0, 0, 0, 0, 16275], 'packedBins': {'size': 0.078125, 'count': 64, 'min': 0}}",1.0431444644927979,,,,1.1543554067611694,0.9986780218632512,,1.168007731437683,1.146269679069519,,,,,
,"{'_type': 'histogram', 'values': [294, 0, 0, 0, 0, 0, 0, 0, 0, 0, 0, 0, 415, 0, 0, 0, 0, 0, 0, 0, 0, 0, 0, 0, 0, 295, 0, 0, 0, 0, 0, 0, 0, 0, 0, 0, 0, 0, 330, 0, 0, 0, 0, 0, 0, 0, 0, 0, 0, 0, 0, 373, 0, 0, 0, 0, 0, 0, 0, 0, 0, 0, 0, 341], 'packedBins': {'size': 0.078125, 'count': 64, 'min': 0}}",0.43072474002838135,0.9941187189352441,760,1.0927734375,3.2251059843227265,,,0.9956967907620798,1.18359375,1.18359375,1.1162109375,0.9986707698783814,,"{'values': [369, 0, 0, 0, 0, 0, 0, 0, 0, 0, 0, 0, 374, 0, 0, 0, 0, 0, 0, 0, 0, 0, 0, 0, 0, 296, 0, 0, 0, 0, 0, 0, 0, 0, 0, 0, 0, 0, 327, 0, 0, 0, 0, 0, 0, 0, 0, 0, 0, 0, 0, 319, 0, 0, 0, 0, 0, 0, 0, 0, 0, 0, 0, 363], 'packedBins': {'size': 0.078125, 'count': 64, 'min': 0}, '_type': 'histogram'}",1.095703125,"{'packedBins': {'min': 0, 'size': 0.078125, 'count': 64}, '_type': 'histogram', 'values': [303, 0, 0, 0, 0, 0, 0, 0, 0, 0, 0, 0, 342, 0, 0, 0, 0, 0, 0, 0, 0, 0, 0, 0, 0, 294, 0, 0, 0, 0, 0, 0, 0, 0, 0, 0, 0, 0, 299, 0, 0, 0, 0, 0, 0, 0, 0, 0, 0, 0, 0, 408, 0, 0, 0, 0, 0, 0, 0, 0, 0, 0, 0, 402]}",,0.9979597427012916,,"{'_type': 'histogram', 'values': [342, 0, 0, 0, 0, 0, 0, 0, 0, 0, 0, 0, 347, 0, 0, 0, 0, 0, 0, 0, 0, 0, 0, 0, 0, 358, 0, 0, 0, 0, 0, 0, 0, 0, 0, 0, 0, 0, 319, 0, 0, 0, 0, 0, 0, 0, 0, 0, 0, 0, 0, 371, 0, 0, 0, 0, 0, 0, 0, 0, 0, 0, 0, 311], 'packedBins': {'count': 64, 'min': 0, 'size': 0.078125}}",1784901333.7495112,,,0.9946461844035671,,,,1.0927734375,"{'values': [317, 0, 0, 0, 0, 0, 0, 0, 0, 0, 0, 0, 316, 0, 0, 0, 0, 0, 0, 0, 0, 0, 0, 0, 0, 322, 0, 0, 0, 0, 0, 0, 0, 0, 0, 0, 0, 0, 360, 0, 0, 0, 0, 0, 0, 0, 0, 0, 0, 0, 0, 374, 0, 0, 0, 0, 0, 0, 0, 0, 0, 0, 0, 359], 'packedBins': {'min': 0, 'size': 0.078125, 'count': 64}, '_type': 'histogram'}",,11433.672704,,,0.9962638427533156,,1.2158203125,,,0.9974388638981255,"{'values': [307, 0, 0, 0, 0, 0, 0, 0, 0, 0, 0, 0, 346, 0, 0, 0, 0, 0, 0, 0, 0, 0, 0, 0, 0, 352, 0, 0, 0, 0, 0, 0, 0, 0, 0, 0, 0, 0, 345, 0, 0, 0, 0, 0, 0, 0, 0, 0, 0, 0, 0, 294, 0, 0, 0, 0, 0, 0, 0, 0, 0, 0, 0, 404], 'packedBins': {'count': 64, 'min': 0, 'size': 0.078125}, '_type': 'histogram'}",,,,,1.1953125,"{'packedBins': {'size': 0.078125, 'count': 64, 'min': 0}, '_type': 'histogram', 'values': [292, 0, 0, 0, 0, 0, 0, 0, 0, 0, 0, 0, 272, 0, 0, 0, 0, 0, 0, 0, 0, 0, 0, 0, 0, 400, 0, 0, 0, 0, 0, 0, 0, 0, 0, 0, 0, 0, 336, 0, 0, 0, 0, 0, 0, 0, 0, 0, 0, 0, 0, 404, 0, 0, 0, 0, 0, 0, 0, 0, 0, 0, 0, 344]}",,"{'_type': 'histogram', 'values': [363, 0, 0, 0, 0, 0, 0, 0, 0, 0, 0, 0, 286, 0, 0, 0, 0, 0, 0, 0, 0, 0, 0, 0, 0, 291, 0, 0, 0, 0, 0, 0, 0, 0, 0, 0, 0, 0, 347, 0, 0, 0, 0, 0, 0, 0, 0, 0, 0, 0, 0, 381, 0, 0, 0, 0, 0, 0, 0, 0, 0, 0, 0, 380], 'packedBins': {'min': 0, 'size': 0.078125, 'count': 64}}",,,7805.475328,1.1630859375,"{'values': [337, 0, 0, 0, 0, 0, 0, 0, 0, 0, 0, 0, 310, 0, 0, 0, 0, 0, 0, 0, 0, 0, 0, 0, 0, 349, 0, 0, 0, 0, 0, 0, 0, 0, 0, 0, 0, 0, 336, 0, 0, 0, 0, 0, 0, 0, 0, 0, 0, 0, 0, 373, 0, 0, 0, 0, 0, 0, 0, 0, 0, 0, 0, 343], 'packedBins': {'min': 0, 'size': 0.078125, 'count': 64}, '_type': 'histogram'}",25.15624018161539,0.9982475600090572,0.00017440925562263237,"{'values': [315, 0, 0, 0, 0, 0, 0, 0, 0, 0, 0, 0, 284, 0, 0, 0, 0, 0, 0, 0, 0, 0, 0, 0, 0, 344, 0, 0, 0, 0, 0, 0, 0, 0, 0, 0, 0, 0, 361, 0, 0, 0, 0, 0, 0, 0, 0, 0, 0, 0, 0, 371, 0, 0, 0, 0, 0, 0, 0, 0, 0, 0, 0, 373], 'packedBins': {'min': 0, 'size': 0.078125, 'count': 64}, '_type': 'histogram'}",9874.238775294,,,,,4429.087376680506,,,,0.9989541295440711,1.014378309249878,,,,49807360.0,,,1.0869140625,0.9991637052536092,0.9949455782743357,,,"{'values': [357, 0, 0, 0, 0, 0, 0, 0, 0, 0, 0, 0, 296, 0, 0, 0, 0, 0, 0, 0, 0, 0, 0, 0, 0, 267, 0, 0, 0, 0, 0, 0, 0, 0, 0, 0, 0, 0, 355, 0, 0, 0, 0, 0, 0, 0, 0, 0, 0, 0, 0, 376, 0, 0, 0, 0, 0, 0, 0, 0, 0, 0, 0, 397], 'packedBins': {'min': 0, 'size': 0.078125, 'count': 64}, '_type': 'histogram'}",,,1.095703125,12.077003541588784,"{'values': [378, 0, 0, 0, 0, 0, 0, 0, 0, 0, 0, 0, 314, 0, 0, 0, 0, 0, 0, 0, 0, 0, 0, 0, 0, 377, 0, 0, 0, 0, 0, 0, 0, 0, 0, 0, 0, 0, 315, 0, 0, 0, 0, 0, 0, 0, 0, 0, 0, 0, 0, 322, 0, 0, 0, 0, 0, 0, 0, 0, 0, 0, 0, 342], 'packedBins': {'count': 64, 'min': 0, 'size': 0.078125}, '_type': 'histogram'}",1.107421875,0.9970353474923007
,"{'_type': 'histogram', 'values': [287, 0, 0, 0, 0, 0, 0, 0, 0, 0, 0, 0, 337, 0, 0, 0, 0, 0, 0, 0, 0, 0, 0, 0, 0, 384, 0, 0, 0, 0, 0, 0, 0, 0, 0, 0, 0, 0, 357, 0, 0, 0, 0, 0, 0, 0, 0, 0, 0, 0, 0, 335, 0, 0, 0, 0, 0, 0, 0, 0, 0, 0, 0, 348], 'packedBins': {'min': 0, 'size': 0.078125, 'count': 64}}",0.43135473132133484,0.9953097742851329,780,1.2099609375,3.1434293521568177,,,0.9979174948995276,1.189453125,1.078125,1.083984375,0.9963156711589443,,"{'values': [348, 0, 0, 0, 0, 0, 0, 0, 0, 0, 0, 0, 271, 0, 0, 0, 0, 0, 0, 0, 0, 0, 0, 0, 0, 312, 0, 0, 0, 0, 0, 0, 0, 0, 0, 0, 0, 0, 389, 0, 0, 0, 0, 0, 0, 0, 0, 0, 0, 0, 0, 327, 0, 0, 0, 0, 0, 0, 0, 0, 0, 0, 0, 401], 'packedBins': {'size': 0.078125, 'count': 64, 'min': 0}, '_type': 'histogram'}",1.1337890625,"{'_type': 'histogram', 'values': [374, 0, 0, 0, 0, 0, 0, 0, 0, 0, 0, 0, 287, 0, 0, 0, 0, 0, 0, 0, 0, 0, 0, 0, 0, 343, 0, 0, 0, 0, 0, 0, 0, 0, 0, 0, 0, 0, 348, 0, 0, 0, 0, 0, 0, 0, 0, 0, 0, 0, 0, 370, 0, 0, 0, 0, 0, 0, 0, 0, 0, 0, 0, 326], 'packedBins': {'count': 64, 'min': 0, 'size': 0.078125}}",,0.995206649729646,,"{'values': [397, 0, 0, 0, 0, 0, 0, 0, 0, 0, 0, 0, 302, 0, 0, 0, 0, 0, 0, 0, 0, 0, 0, 0, 0, 376, 0, 0, 0, 0, 0, 0, 0, 0, 0, 0, 0, 0, 311, 0, 0, 0, 0, 0, 0, 0, 0, 0, 0, 0, 0, 333, 0, 0, 0, 0, 0, 0, 0, 0, 0, 0, 0, 329], 'packedBins': {'size': 0.078125, 'count': 64, 'min': 0}, '_type': 'histogram'}",1784901587.16916,,,0.9979072489759502,,,,1.177734375,"{'packedBins': {'min': 0, 'size': 0.078125, 'count': 64}, '_type': 'histogram', 'values': [311, 0, 0, 0, 0, 0, 0, 0, 0, 0, 0, 0, 274, 0, 0, 0, 0, 0, 0, 0, 0, 0, 0, 0, 0, 387, 0, 0, 0, 0, 0, 0, 0, 0, 0, 0, 0, 0, 350, 0, 0, 0, 0, 0, 0, 0, 0, 0, 0, 0, 0, 378, 0, 0, 0, 0, 0, 0, 0, 0, 0, 0, 0, 348]}",,11433.672704,,,0.9991469391968462,,1.125,,,0.9938654317205738,"{'_type': 'histogram', 'values': [364, 0, 0, 0, 0, 0, 0, 0, 0, 0, 0, 0, 343, 0, 0, 0, 0, 0, 0, 0, 0, 0, 0, 0, 0, 337, 0, 0, 0, 0, 0, 0, 0, 0, 0, 0, 0, 0, 334, 0, 0, 0, 0, 0, 0, 0, 0, 0, 0, 0, 0, 302, 0, 0, 0, 0, 0, 0, 0, 0, 0, 0, 0, 368], 'packedBins': {'min': 0, 'size': 0.078125, 'count': 64}}",,,,,1.095703125,"{'_type': 'histogram', 'values': [308, 0, 0, 0, 0, 0, 0, 0, 0, 0, 0, 0, 304, 0, 0, 0, 0, 0, 0, 0, 0, 0, 0, 0, 0, 317, 0, 0, 0, 0, 0, 0, 0, 0, 0, 0, 0, 0, 403, 0, 0, 0, 0, 0, 0, 0, 0, 0, 0, 0, 0, 406, 0, 0, 0, 0, 0, 0, 0, 0, 0, 0, 0, 310], 'packedBins': {'min': 0, 'size': 0.078125, 'count': 64}}",,"{'_type': 'histogram', 'values': [351, 0, 0, 0, 0, 0, 0, 0, 0, 0, 0, 0, 312, 0, 0, 0, 0, 0, 0, 0, 0, 0, 0, 0, 0, 329, 0, 0, 0, 0, 0, 0, 0, 0, 0, 0, 0, 0, 333, 0, 0, 0, 0, 0, 0, 0, 0, 0, 0, 0, 0, 353, 0, 0, 0, 0, 0, 0, 0, 0, 0, 0, 0, 370], 'packedBins': {'size': 0.078125, 'count': 64, 'min': 0}}",,,7805.475328,1.0869140625,"{'_type': 'histogram', 'values': [258, 0, 0, 0, 0, 0, 0, 0, 0, 0, 0, 0, 322, 0, 0, 0, 0, 0, 0, 0, 0, 0, 0, 0, 0, 347, 0, 0, 0, 0, 0, 0, 0, 0, 0, 0, 0, 0, 402, 0, 0, 0, 0, 0, 0, 0, 0, 0, 0, 0, 0, 348, 0, 0, 0, 0, 0, 0, 0, 0, 0, 0, 0, 371], 'packedBins': {'min': 0, 'size': 0.078125, 'count': 64}}",23.183234165804873,0.9963955760564538,0.00017300288677874628,"{'values': [413, 0, 0, 0, 0, 0, 0, 0, 0, 0, 0, 0, 379, 0, 0, 0, 0, 0, 0, 0, 0, 0, 0, 0, 0, 288, 0, 0, 0, 0, 0, 0, 0, 0, 0, 0, 0, 0, 298, 0, 0, 0, 0, 0, 0, 0, 0, 0, 0, 0, 0, 380, 0, 0, 0, 0, 0, 0, 0, 0, 0, 0, 0, 290], 'packedBins': {'count': 64, 'min': 0, 'size': 0.078125}, '_type': 'histogram'}",10123.85606182,,,,,5174.831792993676,,,,0.9972500461636274,1.0067902809474618,,,,51118080.0,,,1.1630859375,0.9950566866663766,0.9974572267221994,,,"{'values': [371, 0, 0, 0, 0, 0, 0, 0, 0, 0, 0, 0, 287, 0, 0, 0, 0, 0, 0, 0, 0, 0, 0, 0, 0, 342, 0, 0, 0, 0, 0, 0, 0, 0, 0, 0, 0, 0, 370, 0, 0, 0, 0, 0, 0, 0, 0, 0, 0, 0, 0, 367, 0, 0, 0, 0, 0, 0, 0, 0, 0, 0, 0, 311], 'packedBins': {'size': 0.078125, 'count': 64, 'min': 0}, '_type': 'histogram'}",,,1.1748046875,12.080840726196765,"{'_type': 'histogram', 'values': [399, 0, 0, 0, 0, 0, 0, 0, 0, 0, 0, 0, 348, 0, 0, 0, 0, 0, 0, 0, 0, 0, 0, 0, 0, 371, 0, 0, 0, 0, 0, 0, 0, 0, 0, 0, 0, 0, 285, 0, 0, 0, 0, 0, 0, 0, 0, 0, 0, 0, 0, 302, 0, 0, 0, 0, 0, 0, 0, 0, 0, 0, 0, 343], 'packedBins': {'min': 0, 'size': 0.078125, 'count': 64}}",1.1689453125,0.998849541285216
,"{'_type': 'histogram', 'values': [395, 0, 0, 0, 0, 0, 0, 0, 0, 0, 0, 0, 297, 0, 0, 0, 0, 0, 0, 0, 0, 0, 0, 0, 0, 316, 0, 0, 0, 0, 0, 0, 0, 0, 0, 0, 0, 0, 387, 0, 0, 0, 0, 0, 0, 0, 0, 0, 0, 0, 0, 369, 0, 0, 0, 0, 0, 0, 0, 0, 0, 0, 0, 284], 'packedBins': {'min': 0, 'size': 0.078125, 'count': 64}}",0.4084683656692505,0.9984616598926425,800,1.2626953125,3.0801073417067526,,,0.9953346572423923,1.1162109375,1.08984375,1.1279296875,0.9988571259299421,,"{'values': [318, 0, 0, 0, 0, 0, 0, 0, 0, 0, 0, 0, 355, 0, 0, 0, 0, 0, 0, 0, 0, 0, 0, 0, 0, 324, 0, 0, 0, 0, 0, 0, 0, 0, 0, 0, 0, 0, 363, 0, 0, 0, 0, 0, 0, 0, 0, 0, 0, 0, 0, 361, 0, 0, 0, 0, 0, 0, 0, 0, 0, 0, 0, 327], 'packedBins': {'count': 64, 'min': 0, 'size': 0.078125}, '_type': 'histogram'}",1.11328125,"{'_type': 'histogram', 'values': [333, 0, 0, 0, 0, 0, 0, 0, 0, 0, 0, 0, 332, 0, 0, 0, 0, 0, 0, 0, 0, 0, 0, 0, 0, 344, 0, 0, 0, 0, 0, 0, 0, 0, 0, 0, 0, 0, 376, 0, 0, 0, 0, 0, 0, 0, 0, 0, 0, 0, 0, 379, 0, 0, 0, 0, 0, 0, 0, 0, 0, 0, 0, 284], 'packedBins': {'size': 0.078125, 'count': 64, 'min': 0}}",,0.9991637052536092,,"{'_type': 'histogram', 'values': [353, 0, 0, 0, 0, 0, 0, 0, 0, 0, 0, 0, 344, 0, 0, 0, 0, 0, 0, 0, 0, 0, 0, 0, 0, 362, 0, 0, 0, 0, 0, 0, 0, 0, 0, 0, 0, 0, 317, 0, 0, 0, 0, 0, 0, 0, 0, 0, 0, 0, 0, 345, 0, 0, 0, 0, 0, 0, 0, 0, 0, 0, 0, 327], 'packedBins': {'min': 0, 'size': 0.078125, 'count': 64}}",1784901836.7870533,,,0.9975306780184946,,,,1.0400390625,"{'_type': 'histogram', 'values': [321, 0, 0, 0, 0, 0, 0, 0, 0, 0, 0, 0, 350, 0, 0, 0, 0, 0, 0, 0, 0, 0, 0, 0, 0, 352, 0, 0, 0, 0, 0, 0, 0, 0, 0, 0, 0, 0, 329, 0, 0, 0, 0, 0, 0, 0, 0, 0, 0, 0, 0, 316, 0, 0, 0, 0, 0, 0, 0, 0, 0, 0, 0, 380], 'packedBins': {'min': 0, 'size': 0.078125, 'count': 64}}",,11433.672704,,,0.9982598018917731,,1.1572265625,,,0.9913130657062857,"{'packedBins': {'min': 0, 'size': 0.078125, 'count': 64}, '_type': 'histogram', 'values': [372, 0, 0, 0, 0, 0, 0, 0, 0, 0, 0, 0, 343, 0, 0, 0, 0, 0, 0, 0, 0, 0, 0, 0, 0, 348, 0, 0, 0, 0, 0, 0, 0, 0, 0, 0, 0, 0, 285, 0, 0, 0, 0, 0, 0, 0, 0, 0, 0, 0, 0, 357, 0, 0, 0, 0, 0, 0, 0, 0, 0, 0, 0, 343]}",,,,,1.1103515625,"{'_type': 'histogram', 'values': [355, 0, 0, 0, 0, 0, 0, 0, 0, 0, 0, 0, 326, 0, 0, 0, 0, 0, 0, 0, 0, 0, 0, 0, 0, 351, 0, 0, 0, 0, 0, 0, 0, 0, 0, 0, 0, 0, 335, 0, 0, 0, 0, 0, 0, 0, 0, 0, 0, 0, 0, 300, 0, 0, 0, 0, 0, 0, 0, 0, 0, 0, 0, 381], 'packedBins': {'min': 0, 'size': 0.078125, 'count': 64}}",,"{'_type': 'histogram', 'values': [302, 0, 0, 0, 0, 0, 0, 0, 0, 0, 0, 0, 385, 0, 0, 0, 0, 0, 0, 0, 0, 0, 0, 0, 0, 353, 0, 0, 0, 0, 0, 0, 0, 0, 0, 0, 0, 0, 354, 0, 0, 0, 0, 0, 0, 0, 0, 0, 0, 0, 0, 317, 0, 0, 0, 0, 0, 0, 0, 0, 0, 0, 0, 337], 'packedBins': {'size': 0.078125, 'count': 64, 'min': 0}}",,,7805.475328,1.107421875,"{'values': [354, 0, 0, 0, 0, 0, 0, 0, 0, 0, 0, 0, 343, 0, 0, 0, 0, 0, 0, 0, 0, 0, 0, 0, 0, 313, 0, 0, 0, 0, 0, 0, 0, 0, 0, 0, 0, 0, 330, 0, 0, 0, 0, 0, 0, 0, 0, 0, 0, 0, 0, 353, 0, 0, 0, 0, 0, 0, 0, 0, 0, 0, 0, 355], 'packedBins': {'min': 0, 'size': 0.078125, 'count': 64}, '_type': 'histogram'}",21.76073810560377,0.994518709146591,0.0001715656813842767,"{'values': [356, 0, 0, 0, 0, 0, 0, 0, 0, 0, 0, 0, 431, 0, 0, 0, 0, 0, 0, 0, 0, 0, 0, 0, 0, 349, 0, 0, 0, 0, 0, 0, 0, 0, 0, 0, 0, 0, 233, 0, 0, 0, 0, 0, 0, 0, 0, 0, 0, 0, 0, 360, 0, 0, 0, 0, 0, 0, 0, 0, 0, 0, 0, 319], 'packedBins': {'count': 64, 'min': 0, 'size': 0.078125}, '_type': 'histogram'}",10373.29071218,,,,,5253.648100757634,,,,0.9994455346839594,0.9793706274591386,,,,52428800.0,,,1.060546875,0.9994267726680579,0.995821205548377,,,"{'values': [370, 0, 0, 0, 0, 0, 0, 0, 0, 0, 0, 0, 324, 0, 0, 0, 0, 0, 0, 0, 0, 0, 0, 0, 0, 378, 0, 0, 0, 0, 0, 0, 0, 0, 0, 0, 0, 0, 341, 0, 0, 0, 0, 0, 0, 0, 0, 0, 0, 0, 0, 374, 0, 0, 0, 0, 0, 0, 0, 0, 0, 0, 0, 261], 'packedBins': {'min': 0, 'size': 0.078125, 'count': 64}, '_type': 'histogram'}",,,1.0634765625,12.0778283521533,"{'values': [297, 0, 0, 0, 0, 0, 0, 0, 0, 0, 0, 0, 424, 0, 0, 0, 0, 0, 0, 0, 0, 0, 0, 0, 0, 330, 0, 0, 0, 0, 0, 0, 0, 0, 0, 0, 0, 0, 367, 0, 0, 0, 0, 0, 0, 0, 0, 0, 0, 0, 0, 277, 0, 0, 0, 0, 0, 0, 0, 0, 0, 0, 0, 353], 'packedBins': {'min': 0, 'size': 0.078125, 'count': 64}, '_type': 'histogram'}",1.2421875,0.9981761046719004
,"{'_type': 'histogram', 'values': [348, 0, 0, 0, 0, 0, 0, 0, 0, 0, 0, 0, 363, 0, 0, 0, 0, 0, 0, 0, 0, 0, 0, 0, 0, 367, 0, 0, 0, 0, 0, 0, 0, 0, 0, 0, 0, 0, 317, 0, 0, 0, 0, 0, 0, 0, 0, 0, 0, 0, 0, 305, 0, 0, 0, 0, 0, 0, 0, 0, 0, 0, 0, 348], 'packedBins': {'min': 0, 'size': 0.078125, 'count': 64}}",0.4254959523677826,0.9979814321239295,820,1.125,3.1678547278046607,,,0.9987356385503814,1.1279296875,1.0927734375,1.083984375,0.997111659663361,,"{'_type': 'histogram', 'values': [335, 0, 0, 0, 0, 0, 0, 0, 0, 0, 0, 0, 339, 0, 0, 0, 0, 0, 0, 0, 0, 0, 0, 0, 0, 363, 0, 0, 0, 0, 0, 0, 0, 0, 0, 0, 0, 0, 316, 0, 0, 0, 0, 0, 0, 0, 0, 0, 0, 0, 0, 339, 0, 0, 0, 0, 0, 0, 0, 0, 0, 0, 0, 356], 'packedBins': {'count': 64, 'min': 0, 'size': 0.078125}}",1.1689453125,"{'packedBins': {'size': 0.078125, 'count': 64, 'min': 0}, '_type': 'histogram', 'values': [245, 0, 0, 0, 0, 0, 0, 0, 0, 0, 0, 0, 332, 0, 0, 0, 0, 0, 0, 0, 0, 0, 0, 0, 0, 405, 0, 0, 0, 0, 0, 0, 0, 0, 0, 0, 0, 0, 303, 0, 0, 0, 0, 0, 0, 0, 0, 0, 0, 0, 0, 357, 0, 0, 0, 0, 0, 0, 0, 0, 0, 0, 0, 406]}",,0.9994485286226671,,"{'_type': 'histogram', 'values': [374, 0, 0, 0, 0, 0, 0, 0, 0, 0, 0, 0, 312, 0, 0, 0, 0, 0, 0, 0, 0, 0, 0, 0, 0, 355, 0, 0, 0, 0, 0, 0, 0, 0, 0, 0, 0, 0, 375, 0, 0, 0, 0, 0, 0, 0, 0, 0, 0, 0, 0, 315, 0, 0, 0, 0, 0, 0, 0, 0, 0, 0, 0, 317], 'packedBins': {'size': 0.078125, 'count': 64, 'min': 0}}",1784902086.2216768,,,0.9920471794774104,,,,1.060546875,"{'_type': 'histogram', 'values': [333, 0, 0, 0, 0, 0, 0, 0, 0, 0, 0, 0, 338, 0, 0, 0, 0, 0, 0, 0, 0, 0, 0, 0, 0, 352, 0, 0, 0, 0, 0, 0, 0, 0, 0, 0, 0, 0, 399, 0, 0, 0, 0, 0, 0, 0, 0, 0, 0, 0, 0, 345, 0, 0, 0, 0, 0, 0, 0, 0, 0, 0, 0, 281], 'packedBins': {'min': 0, 'size': 0.078125, 'count': 64}}",,11433.672704,,,0.9989808753965265,,1.0751953125,,,0.9944962213402977,"{'_type': 'histogram', 'values': [335, 0, 0, 0, 0, 0, 0, 0, 0, 0, 0, 0, 339, 0, 0, 0, 0, 0, 0, 0, 0, 0, 0, 0, 0, 373, 0, 0, 0, 0, 0, 0, 0, 0, 0, 0, 0, 0, 346, 0, 0, 0, 0, 0, 0, 0, 0, 0, 0, 0, 0, 311, 0, 0, 0, 0, 0, 0, 0, 0, 0, 0, 0, 344], 'packedBins': {'min': 0, 'size': 0.078125, 'count': 64}}",,,,,1.189453125,"{'_type': 'histogram', 'values': [367, 0, 0, 0, 0, 0, 0, 0, 0, 0, 0, 0, 343, 0, 0, 0, 0, 0, 0, 0, 0, 0, 0, 0, 0, 317, 0, 0, 0, 0, 0, 0, 0, 0, 0, 0, 0, 0, 298, 0, 0, 0, 0, 0, 0, 0, 0, 0, 0, 0, 0, 338, 0, 0, 0, 0, 0, 0, 0, 0, 0, 0, 0, 385], 'packedBins': {'min': 0, 'size': 0.078125, 'count': 64}}",,"{'_type': 'histogram', 'values': [356, 0, 0, 0, 0, 0, 0, 0, 0, 0, 0, 0, 307, 0, 0, 0, 0, 0, 0, 0, 0, 0, 0, 0, 0, 334, 0, 0, 0, 0, 0, 0, 0, 0, 0, 0, 0, 0, 352, 0, 0, 0, 0, 0, 0, 0, 0, 0, 0, 0, 0, 370, 0, 0, 0, 0, 0, 0, 0, 0, 0, 0, 0, 329], 'packedBins': {'min': 0, 'size': 0.078125, 'count': 64}}",,,7805.475328,1.0576171875,"{'_type': 'histogram', 'values': [315, 0, 0, 0, 0, 0, 0, 0, 0, 0, 0, 0, 349, 0, 0, 0, 0, 0, 0, 0, 0, 0, 0, 0, 0, 362, 0, 0, 0, 0, 0, 0, 0, 0, 0, 0, 0, 0, 312, 0, 0, 0, 0, 0, 0, 0, 0, 0, 0, 0, 0, 348, 0, 0, 0, 0, 0, 0, 0, 0, 0, 0, 0, 362], 'packedBins': {'min': 0, 'size': 0.078125, 'count': 64}}",23.75646556636026,0.9986118225518257,0.00017009834287455986,"{'values': [367, 0, 0, 0, 0, 0, 0, 0, 0, 0, 0, 0, 384, 0, 0, 0, 0, 0, 0, 0, 0, 0, 0, 0, 0, 372, 0, 0, 0, 0, 0, 0, 0, 0, 0, 0, 0, 0, 252, 0, 0, 0, 0, 0, 0, 0, 0, 0, 0, 0, 0, 365, 0, 0, 0, 0, 0, 0, 0, 0, 0, 0, 0, 308], 'packedBins': {'size': 0.078125, 'count': 64, 'min': 0}, '_type': 'histogram'}",10623.425146429,,,,,5257.491025311474,,,,0.9981949332197733,0.9952802888117731,,,,53739520.0,,,1.0986328125,0.9989867967419706,0.9994332928012435,,,"{'packedBins': {'size': 0.078125, 'count': 64, 'min': 0}, '_type': 'histogram', 'values': [330, 0, 0, 0, 0, 0, 0, 0, 0, 0, 0, 0, 355, 0, 0, 0, 0, 0, 0, 0, 0, 0, 0, 0, 0, 361, 0, 0, 0, 0, 0, 0, 0, 0, 0, 0, 0, 0, 345, 0, 0, 0, 0, 0, 0, 0, 0, 0, 0, 0, 0, 315, 0, 0, 0, 0, 0, 0, 0, 0, 0, 0, 0, 342]}",,,1.0634765625,12.079847590625286,"{'values': [299, 0, 0, 0, 0, 0, 0, 0, 0, 0, 0, 0, 326, 0, 0, 0, 0, 0, 0, 0, 0, 0, 0, 0, 0, 355, 0, 0, 0, 0, 0, 0, 0, 0, 0, 0, 0, 0, 362, 0, 0, 0, 0, 0, 0, 0, 0, 0, 0, 0, 0, 337, 0, 0, 0, 0, 0, 0, 0, 0, 0, 0, 0, 369], 'packedBins': {'size': 0.078125, 'count': 64, 'min': 0}, '_type': 'histogram'}",1.0810546875,0.9992030921806081
,"{'values': [437, 0, 0, 0, 0, 0, 0, 0, 0, 0, 0, 0, 326, 0, 0, 0, 0, 0, 0, 0, 0, 0, 0, 0, 0, 359, 0, 0, 0, 0, 0, 0, 0, 0, 0, 0, 0, 0, 190, 0, 0, 0, 0, 0, 0, 0, 0, 0, 0, 0, 0, 402, 0, 0, 0, 0, 0, 0, 0, 0, 0, 0, 0, 334], 'packedBins': {'min': 0, 'size': 0.078125, 'count': 64}, '_type': 'histogram'}",0.42859864234924316,0.9936179993193764,840,1.447265625,3.130351054854691,,,0.9841109798150184,1.271484375,1.3271484375,1.212890625,0.9958434937587565,,"{'values': [318, 0, 0, 0, 0, 0, 0, 0, 0, 0, 0, 0, 369, 0, 0, 0, 0, 0, 0, 0, 0, 0, 0, 0, 0, 324, 0, 0, 0, 0, 0, 0, 0, 0, 0, 0, 0, 0, 267, 0, 0, 0, 0, 0, 0, 0, 0, 0, 0, 0, 0, 397, 0, 0, 0, 0, 0, 0, 0, 0, 0, 0, 0, 373], 'packedBins': {'count': 64, 'min': 0, 'size': 0.078125}, '_type': 'histogram'}",1.171875,"{'values': [316, 0, 0, 0, 0, 0, 0, 0, 0, 0, 0, 0, 333, 0, 0, 0, 0, 0, 0, 0, 0, 0, 0, 0, 0, 403, 0, 0, 0, 0, 0, 0, 0, 0, 0, 0, 0, 0, 283, 0, 0, 0, 0, 0, 0, 0, 0, 0, 0, 0, 0, 384, 0, 0, 0, 0, 0, 0, 0, 0, 0, 0, 0, 329], 'packedBins': {'min': 0, 'size': 0.078125, 'count': 64}, '_type': 'histogram'}",,0.9954087073264292,,"{'_type': 'histogram', 'values': [229, 0, 0, 0, 0, 0, 0, 0, 0, 0, 0, 0, 354, 0, 0, 0, 0, 0, 0, 0, 0, 0, 0, 0, 0, 335, 0, 0, 0, 0, 0, 0, 0, 0, 0, 0, 0, 0, 345, 0, 0, 0, 0, 0, 0, 0, 0, 0, 0, 0, 0, 385, 0, 0, 0, 0, 0, 0, 0, 0, 0, 0, 0, 400], 'packedBins': {'count': 64, 'min': 0, 'size': 0.078125}}",1784902336.356028,,,0.9960724968039089,,,,1.1630859375,"{'_type': 'histogram', 'values': [280, 0, 0, 0, 0, 0, 0, 0, 0, 0, 0, 0, 400, 0, 0, 0, 0, 0, 0, 0, 0, 0, 0, 0, 0, 316, 0, 0, 0, 0, 0, 0, 0, 0, 0, 0, 0, 0, 339, 0, 0, 0, 0, 0, 0, 0, 0, 0, 0, 0, 0, 324, 0, 0, 0, 0, 0, 0, 0, 0, 0, 0, 0, 389], 'packedBins': {'min': 0, 'size': 0.078125, 'count': 64}}",,11433.672704,,,0.9937525269653085,,1.2802734375,,,0.9847184167128222,"{'_type': 'histogram', 'values': [318, 0, 0, 0, 0, 0, 0, 0, 0, 0, 0, 0, 453, 0, 0, 0, 0, 0, 0, 0, 0, 0, 0, 0, 0, 358, 0, 0, 0, 0, 0, 0, 0, 0, 0, 0, 0, 0, 325, 0, 0, 0, 0, 0, 0, 0, 0, 0, 0, 0, 0, 236, 0, 0, 0, 0, 0, 0, 0, 0, 0, 0, 0, 358], 'packedBins': {'min': 0, 'size': 0.078125, 'count': 64}}",,,,,1.1806640625,"{'_type': 'histogram', 'values': [325, 0, 0, 0, 0, 0, 0, 0, 0, 0, 0, 0, 272, 0, 0, 0, 0, 0, 0, 0, 0, 0, 0, 0, 0, 374, 0, 0, 0, 0, 0, 0, 0, 0, 0, 0, 0, 0, 434, 0, 0, 0, 0, 0, 0, 0, 0, 0, 0, 0, 0, 302, 0, 0, 0, 0, 0, 0, 0, 0, 0, 0, 0, 341], 'packedBins': {'min': 0, 'size': 0.078125, 'count': 64}}",,"{'_type': 'histogram', 'values': [366, 0, 0, 0, 0, 0, 0, 0, 0, 0, 0, 0, 268, 0, 0, 0, 0, 0, 0, 0, 0, 0, 0, 0, 0, 337, 0, 0, 0, 0, 0, 0, 0, 0, 0, 0, 0, 0, 287, 0, 0, 0, 0, 0, 0, 0, 0, 0, 0, 0, 0, 376, 0, 0, 0, 0, 0, 0, 0, 0, 0, 0, 0, 414], 'packedBins': {'min': 0, 'size': 0.078125, 'count': 64}}",,,7805.475328,1.171875,"{'packedBins': {'min': 0, 'size': 0.078125, 'count': 64}, '_type': 'histogram', 'values': [342, 0, 0, 0, 0, 0, 0, 0, 0, 0, 0, 0, 335, 0, 0, 0, 0, 0, 0, 0, 0, 0, 0, 0, 0, 397, 0, 0, 0, 0, 0, 0, 0, 0, 0, 0, 0, 0, 326, 0, 0, 0, 0, 0, 0, 0, 0, 0, 0, 0, 0, 279, 0, 0, 0, 0, 0, 0, 0, 0, 0, 0, 0, 369]}",22.882010973659266,0.9958194091851524,0.00016860158943348365,"{'values': [494, 0, 0, 0, 0, 0, 0, 0, 0, 0, 0, 0, 341, 0, 0, 0, 0, 0, 0, 0, 0, 0, 0, 0, 0, 383, 0, 0, 0, 0, 0, 0, 0, 0, 0, 0, 0, 0, 267, 0, 0, 0, 0, 0, 0, 0, 0, 0, 0, 0, 0, 314, 0, 0, 0, 0, 0, 0, 0, 0, 0, 0, 0, 249], 'packedBins': {'min': 0, 'size': 0.078125, 'count': 64}, '_type': 'histogram'}",10872.607438807,,,,,5242.794951379658,,,,0.9921793119723763,0.9886546671390534,,,,55050240.0,,,1.171875,0.9967609031107628,0.9975715951808329,,,"{'values': [331, 0, 0, 0, 0, 0, 0, 0, 0, 0, 0, 0, 329, 0, 0, 0, 0, 0, 0, 0, 0, 0, 0, 0, 0, 328, 0, 0, 0, 0, 0, 0, 0, 0, 0, 0, 0, 0, 362, 0, 0, 0, 0, 0, 0, 0, 0, 0, 0, 0, 0, 298, 0, 0, 0, 0, 0, 0, 0, 0, 0, 0, 0, 400], 'packedBins': {'min': 0, 'size': 0.078125, 'count': 64}, '_type': 'histogram'}",,,1.1630859375,12.083169601857662,"{'values': [376, 0, 0, 0, 0, 0, 0, 0, 0, 0, 0, 0, 289, 0, 0, 0, 0, 0, 0, 0, 0, 0, 0, 0, 0, 357, 0, 0, 0, 0, 0, 0, 0, 0, 0, 0, 0, 0, 403, 0, 0, 0, 0, 0, 0, 0, 0, 0, 0, 0, 0, 330, 0, 0, 0, 0, 0, 0, 0, 0, 0, 0, 0, 293], 'packedBins': {'min': 0, 'size': 0.078125, 'count': 64}, '_type': 'histogram'}",1.1806640625,0.9899703174618741
,"{'_type': 'histogram', 'values': [345, 0, 0, 0, 0, 0, 0, 0, 0, 0, 0, 0, 401, 0, 0, 0, 0, 0, 0, 0, 0, 0, 0, 0, 0, 287, 0, 0, 0, 0, 0, 0, 0, 0, 0, 0, 0, 0, 341, 0, 0, 0, 0, 0, 0, 0, 0, 0, 0, 0, 0, 281, 0, 0, 0, 0, 0, 0, 0, 0, 0, 0, 0, 393], 'packedBins': {'min': 0, 'size': 0.078125, 'count': 64}}",0.4000309109687805,0.9971642864526451,860,1.13671875,3.103352482616901,,,0.9948404577597103,1.083984375,1.1484375,1.1015625,0.9982257375224768,,"{'_type': 'histogram', 'values': [346, 0, 0, 0, 0, 0, 0, 0, 0, 0, 0, 0, 321, 0, 0, 0, 0, 0, 0, 0, 0, 0, 0, 0, 0, 367, 0, 0, 0, 0, 0, 0, 0, 0, 0, 0, 0, 0, 298, 0, 0, 0, 0, 0, 0, 0, 0, 0, 0, 0, 0, 349, 0, 0, 0, 0, 0, 0, 0, 0, 0, 0, 0, 367], 'packedBins': {'count': 64, 'min': 0, 'size': 0.078125}}",1.16015625,"{'_type': 'histogram', 'values': [342, 0, 0, 0, 0, 0, 0, 0, 0, 0, 0, 0, 288, 0, 0, 0, 0, 0, 0, 0, 0, 0, 0, 0, 0, 364, 0, 0, 0, 0, 0, 0, 0, 0, 0, 0, 0, 0, 369, 0, 0, 0, 0, 0, 0, 0, 0, 0, 0, 0, 0, 361, 0, 0, 0, 0, 0, 0, 0, 0, 0, 0, 0, 324], 'packedBins': {'min': 0, 'size': 0.078125, 'count': 64}}",,0.998502843182866,,"{'values': [334, 0, 0, 0, 0, 0, 0, 0, 0, 0, 0, 0, 308, 0, 0, 0, 0, 0, 0, 0, 0, 0, 0, 0, 0, 391, 0, 0, 0, 0, 0, 0, 0, 0, 0, 0, 0, 0, 337, 0, 0, 0, 0, 0, 0, 0, 0, 0, 0, 0, 0, 356, 0, 0, 0, 0, 0, 0, 0, 0, 0, 0, 0, 322], 'packedBins': {'size': 0.078125, 'count': 64, 'min': 0}, '_type': 'histogram'}",1784902585.5381668,,,0.9980282040997407,,,,1.11328125,"{'_type': 'histogram', 'values': [310, 0, 0, 0, 0, 0, 0, 0, 0, 0, 0, 0, 344, 0, 0, 0, 0, 0, 0, 0, 0, 0, 0, 0, 0, 321, 0, 0, 0, 0, 0, 0, 0, 0, 0, 0, 0, 0, 396, 0, 0, 0, 0, 0, 0, 0, 0, 0, 0, 0, 0, 347, 0, 0, 0, 0, 0, 0, 0, 0, 0, 0, 0, 330], 'packedBins': {'min': 0, 'size': 0.078125, 'count': 64}}",,11433.672704,,,0.997290298006253,,1.1748046875,,,0.99822746735373,"{'_type': 'histogram', 'values': [343, 0, 0, 0, 0, 0, 0, 0, 0, 0, 0, 0, 391, 0, 0, 0, 0, 0, 0, 0, 0, 0, 0, 0, 0, 291, 0, 0, 0, 0, 0, 0, 0, 0, 0, 0, 0, 0, 392, 0, 0, 0, 0, 0, 0, 0, 0, 0, 0, 0, 0, 298, 0, 0, 0, 0, 0, 0, 0, 0, 0, 0, 0, 333], 'packedBins': {'min': 0, 'size': 0.078125, 'count': 64}}",,,,,1.0810546875,"{'values': [370, 0, 0, 0, 0, 0, 0, 0, 0, 0, 0, 0, 353, 0, 0, 0, 0, 0, 0, 0, 0, 0, 0, 0, 0, 364, 0, 0, 0, 0, 0, 0, 0, 0, 0, 0, 0, 0, 360, 0, 0, 0, 0, 0, 0, 0, 0, 0, 0, 0, 0, 329, 0, 0, 0, 0, 0, 0, 0, 0, 0, 0, 0, 272], 'packedBins': {'min': 0, 'size': 0.078125, 'count': 64}, '_type': 'histogram'}",,"{'_type': 'histogram', 'values': [298, 0, 0, 0, 0, 0, 0, 0, 0, 0, 0, 0, 376, 0, 0, 0, 0, 0, 0, 0, 0, 0, 0, 0, 0, 366, 0, 0, 0, 0, 0, 0, 0, 0, 0, 0, 0, 0, 340, 0, 0, 0, 0, 0, 0, 0, 0, 0, 0, 0, 0, 296, 0, 0, 0, 0, 0, 0, 0, 0, 0, 0, 0, 372], 'packedBins': {'min': 0, 'size': 0.078125, 'count': 64}}",,,7805.475328,1.16015625,"{'packedBins': {'min': 0, 'size': 0.078125, 'count': 64}, '_type': 'histogram', 'values': [380, 0, 0, 0, 0, 0, 0, 0, 0, 0, 0, 0, 311, 0, 0, 0, 0, 0, 0, 0, 0, 0, 0, 0, 0, 317, 0, 0, 0, 0, 0, 0, 0, 0, 0, 0, 0, 0, 349, 0, 0, 0, 0, 0, 0, 0, 0, 0, 0, 0, 0, 375, 0, 0, 0, 0, 0, 0, 0, 0, 0, 0, 0, 316]}",22.272494409697625,0.9959575295575337,0.0001670761536419751,"{'values': [388, 0, 0, 0, 0, 0, 0, 0, 0, 0, 0, 0, 327, 0, 0, 0, 0, 0, 0, 0, 0, 0, 0, 0, 0, 337, 0, 0, 0, 0, 0, 0, 0, 0, 0, 0, 0, 0, 354, 0, 0, 0, 0, 0, 0, 0, 0, 0, 0, 0, 0, 298, 0, 0, 0, 0, 0, 0, 0, 0, 0, 0, 0, 344], 'packedBins': {'min': 0, 'size': 0.078125, 'count': 64}, '_type': 'histogram'}",11119.841167642,,,,,5262.859962081885,,,,0.9983351826152355,0.993232032097876,,,,56360960.0,,,1.1455078125,0.9980793006536852,0.9954206165492886,,,"{'values': [396, 0, 0, 0, 0, 0, 0, 0, 0, 0, 0, 0, 261, 0, 0, 0, 0, 0, 0, 0, 0, 0, 0, 0, 0, 360, 0, 0, 0, 0, 0, 0, 0, 0, 0, 0, 0, 0, 372, 0, 0, 0, 0, 0, 0, 0, 0, 0, 0, 0, 0, 324, 0, 0, 0, 0, 0, 0, 0, 0, 0, 0, 0, 335], 'packedBins': {'min': 0, 'size': 0.078125, 'count': 64}, '_type': 'histogram'}",,,1.0751953125,12.082013104856014,"{'values': [411, 0, 0, 0, 0, 0, 0, 0, 0, 0, 0, 0, 350, 0, 0, 0, 0, 0, 0, 0, 0, 0, 0, 0, 0, 335, 0, 0, 0, 0, 0, 0, 0, 0, 0, 0, 0, 0, 322, 0, 0, 0, 0, 0, 0, 0, 0, 0, 0, 0, 0, 274, 0, 0, 0, 0, 0, 0, 0, 0, 0, 0, 0, 356], 'packedBins': {'min': 0, 'size': 0.078125, 'count': 64}, '_type': 'histogram'}",1.2041015625,0.9962047623628173
,"{'_type': 'histogram', 'values': [355, 0, 0, 0, 0, 0, 0, 0, 0, 0, 0, 0, 306, 0, 0, 0, 0, 0, 0, 0, 0, 0, 0, 0, 0, 403, 0, 0, 0, 0, 0, 0, 0, 0, 0, 0, 0, 0, 318, 0, 0, 0, 0, 0, 0, 0, 0, 0, 0, 0, 0, 336, 0, 0, 0, 0, 0, 0, 0, 0, 0, 0, 0, 330], 'packedBins': {'min': 0, 'size': 0.078125, 'count': 64}}",0.39883771538734436,0.9930192115778391,880,1.1689453125,3.067453278787434,,,0.9976901551536573,1.1572265625,1.2099609375,1.1103515625,0.9978391867693288,,"{'values': [423, 0, 0, 0, 0, 0, 0, 0, 0, 0, 0, 0, 304, 0, 0, 0, 0, 0, 0, 0, 0, 0, 0, 0, 0, 309, 0, 0, 0, 0, 0, 0, 0, 0, 0, 0, 0, 0, 309, 0, 0, 0, 0, 0, 0, 0, 0, 0, 0, 0, 0, 380, 0, 0, 0, 0, 0, 0, 0, 0, 0, 0, 0, 323], 'packedBins': {'min': 0, 'size': 0.078125, 'count': 64}, '_type': 'histogram'}",1.0810546875,"{'values': [356, 0, 0, 0, 0, 0, 0, 0, 0, 0, 0, 0, 342, 0, 0, 0, 0, 0, 0, 0, 0, 0, 0, 0, 0, 427, 0, 0, 0, 0, 0, 0, 0, 0, 0, 0, 0, 0, 338, 0, 0, 0, 0, 0, 0, 0, 0, 0, 0, 0, 0, 306, 0, 0, 0, 0, 0, 0, 0, 0, 0, 0, 0, 279], 'packedBins': {'min': 0, 'size': 0.078125, 'count': 64}, '_type': 'histogram'}",,0.9953753748088169,,"{'values': [420, 0, 0, 0, 0, 0, 0, 0, 0, 0, 0, 0, 289, 0, 0, 0, 0, 0, 0, 0, 0, 0, 0, 0, 0, 373, 0, 0, 0, 0, 0, 0, 0, 0, 0, 0, 0, 0, 293, 0, 0, 0, 0, 0, 0, 0, 0, 0, 0, 0, 0, 356, 0, 0, 0, 0, 0, 0, 0, 0, 0, 0, 0, 317], 'packedBins': {'size': 0.078125, 'count': 64, 'min': 0}, '_type': 'histogram'}",1784902832.7722988,,,0.9950278117908402,,,,1.259765625,"{'_type': 'histogram', 'values': [282, 0, 0, 0, 0, 0, 0, 0, 0, 0, 0, 0, 353, 0, 0, 0, 0, 0, 0, 0, 0, 0, 0, 0, 0, 359, 0, 0, 0, 0, 0, 0, 0, 0, 0, 0, 0, 0, 327, 0, 0, 0, 0, 0, 0, 0, 0, 0, 0, 0, 0, 358, 0, 0, 0, 0, 0, 0, 0, 0, 0, 0, 0, 369], 'packedBins': {'min': 0, 'size': 0.078125, 'count': 64}}",,11433.672704,,,0.9976930160284224,,1.1806640625,,,0.9980691877940504,"{'_type': 'histogram', 'values': [413, 0, 0, 0, 0, 0, 0, 0, 0, 0, 0, 0, 358, 0, 0, 0, 0, 0, 0, 0, 0, 0, 0, 0, 0, 388, 0, 0, 0, 0, 0, 0, 0, 0, 0, 0, 0, 0, 344, 0, 0, 0, 0, 0, 0, 0, 0, 0, 0, 0, 0, 282, 0, 0, 0, 0, 0, 0, 0, 0, 0, 0, 0, 263], 'packedBins': {'size': 0.078125, 'count': 64, 'min': 0}}",,,,,1.2509765625,"{'_type': 'histogram', 'values': [395, 0, 0, 0, 0, 0, 0, 0, 0, 0, 0, 0, 369, 0, 0, 0, 0, 0, 0, 0, 0, 0, 0, 0, 0, 342, 0, 0, 0, 0, 0, 0, 0, 0, 0, 0, 0, 0, 395, 0, 0, 0, 0, 0, 0, 0, 0, 0, 0, 0, 0, 297, 0, 0, 0, 0, 0, 0, 0, 0, 0, 0, 0, 250], 'packedBins': {'size': 0.078125, 'count': 64, 'min': 0}}",,"{'values': [379, 0, 0, 0, 0, 0, 0, 0, 0, 0, 0, 0, 334, 0, 0, 0, 0, 0, 0, 0, 0, 0, 0, 0, 0, 343, 0, 0, 0, 0, 0, 0, 0, 0, 0, 0, 0, 0, 349, 0, 0, 0, 0, 0, 0, 0, 0, 0, 0, 0, 0, 362, 0, 0, 0, 0, 0, 0, 0, 0, 0, 0, 0, 281], 'packedBins': {'size': 0.078125, 'count': 64, 'min': 0}, '_type': 'histogram'}",,,7805.475328,1.0693359375,"{'_type': 'histogram', 'values': [364, 0, 0, 0, 0, 0, 0, 0, 0, 0, 0, 0, 352, 0, 0, 0, 0, 0, 0, 0, 0, 0, 0, 0, 0, 282, 0, 0, 0, 0, 0, 0, 0, 0, 0, 0, 0, 0, 430, 0, 0, 0, 0, 0, 0, 0, 0, 0, 0, 0, 0, 300, 0, 0, 0, 0, 0, 0, 0, 0, 0, 0, 0, 320], 'packedBins': {'min': 0, 'size': 0.078125, 'count': 64}}",21.487111253352644,0.9864155142362814,0.00016552278211944086,"{'values': [399, 0, 0, 0, 0, 0, 0, 0, 0, 0, 0, 0, 330, 0, 0, 0, 0, 0, 0, 0, 0, 0, 0, 0, 0, 321, 0, 0, 0, 0, 0, 0, 0, 0, 0, 0, 0, 0, 315, 0, 0, 0, 0, 0, 0, 0, 0, 0, 0, 0, 0, 327, 0, 0, 0, 0, 0, 0, 0, 0, 0, 0, 0, 356], 'packedBins': {'count': 64, 'min': 0, 'size': 0.078125}, '_type': 'histogram'}",11365.981687546,,,,,5304.322246984823,,,,0.9948509698111728,0.977721405774355,,,,57671680.0,,,1.23046875,0.9944655501015367,0.9993126038053382,,,"{'values': [352, 0, 0, 0, 0, 0, 0, 0, 0, 0, 0, 0, 324, 0, 0, 0, 0, 0, 0, 0, 0, 0, 0, 0, 0, 354, 0, 0, 0, 0, 0, 0, 0, 0, 0, 0, 0, 0, 318, 0, 0, 0, 0, 0, 0, 0, 0, 0, 0, 0, 0, 335, 0, 0, 0, 0, 0, 0, 0, 0, 0, 0, 0, 365], 'packedBins': {'min': 0, 'size': 0.078125, 'count': 64}, '_type': 'histogram'}",,,1.2392578125,12.075133475661278,"{'values': [382, 0, 0, 0, 0, 0, 0, 0, 0, 0, 0, 0, 481, 0, 0, 0, 0, 0, 0, 0, 0, 0, 0, 0, 0, 293, 0, 0, 0, 0, 0, 0, 0, 0, 0, 0, 0, 0, 271, 0, 0, 0, 0, 0, 0, 0, 0, 0, 0, 0, 0, 261, 0, 0, 0, 0, 0, 0, 0, 0, 0, 0, 0, 360], 'packedBins': {'min': 0, 'size': 0.078125, 'count': 64}, '_type': 'histogram'}",1.4091796875,0.9929790927991562
,"{'_type': 'histogram', 'values': [347, 0, 0, 0, 0, 0, 0, 0, 0, 0, 0, 0, 296, 0, 0, 0, 0, 0, 0, 0, 0, 0, 0, 0, 0, 295, 0, 0, 0, 0, 0, 0, 0, 0, 0, 0, 0, 0, 340, 0, 0, 0, 0, 0, 0, 0, 0, 0, 0, 0, 0, 413, 0, 0, 0, 0, 0, 0, 0, 0, 0, 0, 0, 357], 'packedBins': {'min': 0, 'size': 0.078125, 'count': 64}}",0.4601857662200928,0.9931834124829629,900,1.0810546875,3.06676405724138,,,0.9962118147517731,1.1630859375,1.1982421875,1.3447265625,0.9973628178549503,,"{'_type': 'histogram', 'values': [321, 0, 0, 0, 0, 0, 0, 0, 0, 0, 0, 0, 332, 0, 0, 0, 0, 0, 0, 0, 0, 0, 0, 0, 0, 340, 0, 0, 0, 0, 0, 0, 0, 0, 0, 0, 0, 0, 336, 0, 0, 0, 0, 0, 0, 0, 0, 0, 0, 0, 0, 336, 0, 0, 0, 0, 0, 0, 0, 0, 0, 0, 0, 383], 'packedBins': {'min': 0, 'size': 0.078125, 'count': 64}}",1.1337890625,"{'packedBins': {'min': 0, 'size': 0.078125, 'count': 64}, '_type': 'histogram', 'values': [275, 0, 0, 0, 0, 0, 0, 0, 0, 0, 0, 0, 364, 0, 0, 0, 0, 0, 0, 0, 0, 0, 0, 0, 0, 351, 0, 0, 0, 0, 0, 0, 0, 0, 0, 0, 0, 0, 425, 0, 0, 0, 0, 0, 0, 0, 0, 0, 0, 0, 0, 340, 0, 0, 0, 0, 0, 0, 0, 0, 0, 0, 0, 293]}",,0.9991064877583068,,"{'_type': 'histogram', 'values': [340, 0, 0, 0, 0, 0, 0, 0, 0, 0, 0, 0, 341, 0, 0, 0, 0, 0, 0, 0, 0, 0, 0, 0, 0, 321, 0, 0, 0, 0, 0, 0, 0, 0, 0, 0, 0, 0, 354, 0, 0, 0, 0, 0, 0, 0, 0, 0, 0, 0, 0, 353, 0, 0, 0, 0, 0, 0, 0, 0, 0, 0, 0, 339], 'packedBins': {'size': 0.078125, 'count': 64, 'min': 0}}",1784903078.9122212,,,0.9943082685214263,,,,1.125,"{'_type': 'histogram', 'values': [387, 0, 0, 0, 0, 0, 0, 0, 0, 0, 0, 0, 295, 0, 0, 0, 0, 0, 0, 0, 0, 0, 0, 0, 0, 354, 0, 0, 0, 0, 0, 0, 0, 0, 0, 0, 0, 0, 339, 0, 0, 0, 0, 0, 0, 0, 0, 0, 0, 0, 0, 369, 0, 0, 0, 0, 0, 0, 0, 0, 0, 0, 0, 304], 'packedBins': {'min': 0, 'size': 0.078125, 'count': 64}}",,11433.672704,,,0.9914096035966158,,1.2099609375,,,0.9986130201273088,"{'_type': 'histogram', 'values': [266, 0, 0, 0, 0, 0, 0, 0, 0, 0, 0, 0, 409, 0, 0, 0, 0, 0, 0, 0, 0, 0, 0, 0, 0, 318, 0, 0, 0, 0, 0, 0, 0, 0, 0, 0, 0, 0, 359, 0, 0, 0, 0, 0, 0, 0, 0, 0, 0, 0, 0, 349, 0, 0, 0, 0, 0, 0, 0, 0, 0, 0, 0, 347], 'packedBins': {'min': 0, 'size': 0.078125, 'count': 64}}",,,,,1.2451171875,"{'values': [291, 0, 0, 0, 0, 0, 0, 0, 0, 0, 0, 0, 252, 0, 0, 0, 0, 0, 0, 0, 0, 0, 0, 0, 0, 363, 0, 0, 0, 0, 0, 0, 0, 0, 0, 0, 0, 0, 397, 0, 0, 0, 0, 0, 0, 0, 0, 0, 0, 0, 0, 359, 0, 0, 0, 0, 0, 0, 0, 0, 0, 0, 0, 386], 'packedBins': {'min': 0, 'size': 0.078125, 'count': 64}, '_type': 'histogram'}",,"{'_type': 'histogram', 'values': [273, 0, 0, 0, 0, 0, 0, 0, 0, 0, 0, 0, 286, 0, 0, 0, 0, 0, 0, 0, 0, 0, 0, 0, 0, 334, 0, 0, 0, 0, 0, 0, 0, 0, 0, 0, 0, 0, 459, 0, 0, 0, 0, 0, 0, 0, 0, 0, 0, 0, 0, 330, 0, 0, 0, 0, 0, 0, 0, 0, 0, 0, 0, 366], 'packedBins': {'min': 0, 'size': 0.078125, 'count': 64}}",,,7805.475328,1.2568359375,"{'_type': 'histogram', 'values': [353, 0, 0, 0, 0, 0, 0, 0, 0, 0, 0, 0, 308, 0, 0, 0, 0, 0, 0, 0, 0, 0, 0, 0, 0, 344, 0, 0, 0, 0, 0, 0, 0, 0, 0, 0, 0, 0, 317, 0, 0, 0, 0, 0, 0, 0, 0, 0, 0, 0, 0, 384, 0, 0, 0, 0, 0, 0, 0, 0, 0, 0, 0, 342], 'packedBins': {'min': 0, 'size': 0.078125, 'count': 64}}",21.472306975614007,0.9953906771622117,0.000163942235158337,"{'values': [369, 0, 0, 0, 0, 0, 0, 0, 0, 0, 0, 0, 361, 0, 0, 0, 0, 0, 0, 0, 0, 0, 0, 0, 0, 352, 0, 0, 0, 0, 0, 0, 0, 0, 0, 0, 0, 0, 328, 0, 0, 0, 0, 0, 0, 0, 0, 0, 0, 0, 0, 341, 0, 0, 0, 0, 0, 0, 0, 0, 0, 0, 0, 297], 'packedBins': {'min': 0, 'size': 0.078125, 'count': 64}, '_type': 'histogram'}",11612.181916827,,,,,5327.935909358467,,,,0.9997116625690871,0.9767391034867614,,,,58982400.0,,,1.037109375,0.998544159537032,0.9963494028683841,,,"{'_type': 'histogram', 'values': [322, 0, 0, 0, 0, 0, 0, 0, 0, 0, 0, 0, 324, 0, 0, 0, 0, 0, 0, 0, 0, 0, 0, 0, 0, 323, 0, 0, 0, 0, 0, 0, 0, 0, 0, 0, 0, 0, 310, 0, 0, 0, 0, 0, 0, 0, 0, 0, 0, 0, 0, 340, 0, 0, 0, 0, 0, 0, 0, 0, 0, 0, 0, 429], 'packedBins': {'min': 0, 'size': 0.078125, 'count': 64}}",,,1.1220703125,12.077726332843303,"{'values': [399, 0, 0, 0, 0, 0, 0, 0, 0, 0, 0, 0, 379, 0, 0, 0, 0, 0, 0, 0, 0, 0, 0, 0, 0, 303, 0, 0, 0, 0, 0, 0, 0, 0, 0, 0, 0, 0, 307, 0, 0, 0, 0, 0, 0, 0, 0, 0, 0, 0, 0, 374, 0, 0, 0, 0, 0, 0, 0, 0, 0, 0, 0, 286], 'packedBins': {'count': 64, 'min': 0, 'size': 0.078125}, '_type': 'histogram'}",1.1689453125,0.9954478946575142
,"{'_type': 'histogram', 'values': [350, 0, 0, 0, 0, 0, 0, 0, 0, 0, 0, 0, 334, 0, 0, 0, 0, 0, 0, 0, 0, 0, 0, 0, 0, 321, 0, 0, 0, 0, 0, 0, 0, 0, 0, 0, 0, 0, 282, 0, 0, 0, 0, 0, 0, 0, 0, 0, 0, 0, 0, 345, 0, 0, 0, 0, 0, 0, 0, 0, 0, 0, 0, 416], 'packedBins': {'min': 0, 'size': 0.078125, 'count': 64}}",0.4186267852783203,0.9985072342929705,920,1.1396484375,3.042665530182421,,,0.9962012361683393,1.1044921875,1.11328125,1.1953125,0.9973586263407596,,"{'values': [354, 0, 0, 0, 0, 0, 0, 0, 0, 0, 0, 0, 343, 0, 0, 0, 0, 0, 0, 0, 0, 0, 0, 0, 0, 336, 0, 0, 0, 0, 0, 0, 0, 0, 0, 0, 0, 0, 258, 0, 0, 0, 0, 0, 0, 0, 0, 0, 0, 0, 0, 323, 0, 0, 0, 0, 0, 0, 0, 0, 0, 0, 0, 434], 'packedBins': {'count': 64, 'min': 0, 'size': 0.078125}, '_type': 'histogram'}",1.078125,"{'_type': 'histogram', 'values': [283, 0, 0, 0, 0, 0, 0, 0, 0, 0, 0, 0, 359, 0, 0, 0, 0, 0, 0, 0, 0, 0, 0, 0, 0, 359, 0, 0, 0, 0, 0, 0, 0, 0, 0, 0, 0, 0, 392, 0, 0, 0, 0, 0, 0, 0, 0, 0, 0, 0, 0, 322, 0, 0, 0, 0, 0, 0, 0, 0, 0, 0, 0, 333], 'packedBins': {'size': 0.078125, 'count': 64, 'min': 0}}",,0.9936034288176656,,"{'_type': 'histogram', 'values': [387, 0, 0, 0, 0, 0, 0, 0, 0, 0, 0, 0, 298, 0, 0, 0, 0, 0, 0, 0, 0, 0, 0, 0, 0, 414, 0, 0, 0, 0, 0, 0, 0, 0, 0, 0, 0, 0, 358, 0, 0, 0, 0, 0, 0, 0, 0, 0, 0, 0, 0, 283, 0, 0, 0, 0, 0, 0, 0, 0, 0, 0, 0, 308], 'packedBins': {'size': 0.078125, 'count': 64, 'min': 0}}",1784903325.1130831,,,0.9971543066569528,,,,1.2216796875,"{'_type': 'histogram', 'values': [357, 0, 0, 0, 0, 0, 0, 0, 0, 0, 0, 0, 367, 0, 0, 0, 0, 0, 0, 0, 0, 0, 0, 0, 0, 286, 0, 0, 0, 0, 0, 0, 0, 0, 0, 0, 0, 0, 306, 0, 0, 0, 0, 0, 0, 0, 0, 0, 0, 0, 0, 364, 0, 0, 0, 0, 0, 0, 0, 0, 0, 0, 0, 368], 'packedBins': {'min': 0, 'size': 0.078125, 'count': 64}}",,11433.672704,,,0.995980749215511,,1.21875,,,0.9976777802069989,"{'packedBins': {'min': 0, 'size': 0.078125, 'count': 64}, '_type': 'histogram', 'values': [373, 0, 0, 0, 0, 0, 0, 0, 0, 0, 0, 0, 371, 0, 0, 0, 0, 0, 0, 0, 0, 0, 0, 0, 0, 340, 0, 0, 0, 0, 0, 0, 0, 0, 0, 0, 0, 0, 269, 0, 0, 0, 0, 0, 0, 0, 0, 0, 0, 0, 0, 380, 0, 0, 0, 0, 0, 0, 0, 0, 0, 0, 0, 315]}",,,,,1.1484375,"{'_type': 'histogram', 'values': [341, 0, 0, 0, 0, 0, 0, 0, 0, 0, 0, 0, 305, 0, 0, 0, 0, 0, 0, 0, 0, 0, 0, 0, 0, 346, 0, 0, 0, 0, 0, 0, 0, 0, 0, 0, 0, 0, 363, 0, 0, 0, 0, 0, 0, 0, 0, 0, 0, 0, 0, 316, 0, 0, 0, 0, 0, 0, 0, 0, 0, 0, 0, 377], 'packedBins': {'min': 0, 'size': 0.078125, 'count': 64}}",,"{'_type': 'histogram', 'values': [340, 0, 0, 0, 0, 0, 0, 0, 0, 0, 0, 0, 379, 0, 0, 0, 0, 0, 0, 0, 0, 0, 0, 0, 0, 329, 0, 0, 0, 0, 0, 0, 0, 0, 0, 0, 0, 0, 408, 0, 0, 0, 0, 0, 0, 0, 0, 0, 0, 0, 0, 291, 0, 0, 0, 0, 0, 0, 0, 0, 0, 0, 0, 301], 'packedBins': {'min': 0, 'size': 0.078125, 'count': 64}}",,,7805.475328,1.0927734375,"{'_type': 'histogram', 'values': [295, 0, 0, 0, 0, 0, 0, 0, 0, 0, 0, 0, 417, 0, 0, 0, 0, 0, 0, 0, 0, 0, 0, 0, 0, 296, 0, 0, 0, 0, 0, 0, 0, 0, 0, 0, 0, 0, 338, 0, 0, 0, 0, 0, 0, 0, 0, 0, 0, 0, 0, 363, 0, 0, 0, 0, 0, 0, 0, 0, 0, 0, 0, 339], 'packedBins': {'count': 64, 'min': 0, 'size': 0.078125}}",20.961041124348476,0.9990504678384874,0.00016233528635204646,"{'values': [336, 0, 0, 0, 0, 0, 0, 0, 0, 0, 0, 0, 371, 0, 0, 0, 0, 0, 0, 0, 0, 0, 0, 0, 0, 302, 0, 0, 0, 0, 0, 0, 0, 0, 0, 0, 0, 0, 389, 0, 0, 0, 0, 0, 0, 0, 0, 0, 0, 0, 0, 308, 0, 0, 0, 0, 0, 0, 0, 0, 0, 0, 0, 342], 'packedBins': {'min': 0, 'size': 0.078125, 'count': 64}, '_type': 'histogram'}",11861.679122856,,,,,5326.613693056536,,,,0.994435411118546,0.9660728787072003,,,,60293120.0,,,1.212890625,0.9959186083543338,0.9991426146187128,,,"{'values': [342, 0, 0, 0, 0, 0, 0, 0, 0, 0, 0, 0, 316, 0, 0, 0, 0, 0, 0, 0, 0, 0, 0, 0, 0, 342, 0, 0, 0, 0, 0, 0, 0, 0, 0, 0, 0, 0, 353, 0, 0, 0, 0, 0, 0, 0, 0, 0, 0, 0, 0, 322, 0, 0, 0, 0, 0, 0, 0, 0, 0, 0, 0, 373], 'packedBins': {'min': 0, 'size': 0.078125, 'count': 64}, '_type': 'histogram'}",,,1.271484375,12.076737405359745,"{'values': [341, 0, 0, 0, 0, 0, 0, 0, 0, 0, 0, 0, 324, 0, 0, 0, 0, 0, 0, 0, 0, 0, 0, 0, 0, 314, 0, 0, 0, 0, 0, 0, 0, 0, 0, 0, 0, 0, 377, 0, 0, 0, 0, 0, 0, 0, 0, 0, 0, 0, 0, 350, 0, 0, 0, 0, 0, 0, 0, 0, 0, 0, 0, 342], 'packedBins': {'min': 0, 'size': 0.078125, 'count': 64}, '_type': 'histogram'}",1.1044921875,0.9961553956401261
,"{'packedBins': {'size': 0.078125, 'count': 64, 'min': 0}, '_type': 'histogram', 'values': [334, 0, 0, 0, 0, 0, 0, 0, 0, 0, 0, 0, 344, 0, 0, 0, 0, 0, 0, 0, 0, 0, 0, 0, 0, 366, 0, 0, 0, 0, 0, 0, 0, 0, 0, 0, 0, 0, 407, 0, 0, 0, 0, 0, 0, 0, 0, 0, 0, 0, 0, 308, 0, 0, 0, 0, 0, 0, 0, 0, 0, 0, 0, 289]}",0.41096287965774536,0.9933909257013912,940,1.2421875,2.988778341561556,,,0.9965052207451264,1.23046875,1.1630859375,1.078125,0.9978256142471873,,"{'values': [369, 0, 0, 0, 0, 0, 0, 0, 0, 0, 0, 0, 305, 0, 0, 0, 0, 0, 0, 0, 0, 0, 0, 0, 0, 358, 0, 0, 0, 0, 0, 0, 0, 0, 0, 0, 0, 0, 307, 0, 0, 0, 0, 0, 0, 0, 0, 0, 0, 0, 0, 331, 0, 0, 0, 0, 0, 0, 0, 0, 0, 0, 0, 378], 'packedBins': {'count': 64, 'min': 0, 'size': 0.078125}, '_type': 'histogram'}",1.0927734375,"{'_type': 'histogram', 'values': [332, 0, 0, 0, 0, 0, 0, 0, 0, 0, 0, 0, 332, 0, 0, 0, 0, 0, 0, 0, 0, 0, 0, 0, 0, 339, 0, 0, 0, 0, 0, 0, 0, 0, 0, 0, 0, 0, 352, 0, 0, 0, 0, 0, 0, 0, 0, 0, 0, 0, 0, 312, 0, 0, 0, 0, 0, 0, 0, 0, 0, 0, 0, 381], 'packedBins': {'min': 0, 'size': 0.078125, 'count': 64}}",,0.9979978655208361,,"{'_type': 'histogram', 'values': [341, 0, 0, 0, 0, 0, 0, 0, 0, 0, 0, 0, 308, 0, 0, 0, 0, 0, 0, 0, 0, 0, 0, 0, 0, 407, 0, 0, 0, 0, 0, 0, 0, 0, 0, 0, 0, 0, 309, 0, 0, 0, 0, 0, 0, 0, 0, 0, 0, 0, 0, 343, 0, 0, 0, 0, 0, 0, 0, 0, 0, 0, 0, 340], 'packedBins': {'size': 0.078125, 'count': 64, 'min': 0}}",1784903574.6101236,,,0.9989237909651666,,,,1.0458984375,"{'_type': 'histogram', 'values': [287, 0, 0, 0, 0, 0, 0, 0, 0, 0, 0, 0, 358, 0, 0, 0, 0, 0, 0, 0, 0, 0, 0, 0, 0, 370, 0, 0, 0, 0, 0, 0, 0, 0, 0, 0, 0, 0, 327, 0, 0, 0, 0, 0, 0, 0, 0, 0, 0, 0, 0, 373, 0, 0, 0, 0, 0, 0, 0, 0, 0, 0, 0, 333], 'packedBins': {'size': 0.078125, 'count': 64, 'min': 0}}",,11433.672704,,,0.9988671057256344,,1.1923828125,,,0.996539817370193,"{'_type': 'histogram', 'values': [361, 0, 0, 0, 0, 0, 0, 0, 0, 0, 0, 0, 397, 0, 0, 0, 0, 0, 0, 0, 0, 0, 0, 0, 0, 357, 0, 0, 0, 0, 0, 0, 0, 0, 0, 0, 0, 0, 292, 0, 0, 0, 0, 0, 0, 0, 0, 0, 0, 0, 0, 264, 0, 0, 0, 0, 0, 0, 0, 0, 0, 0, 0, 377], 'packedBins': {'min': 0, 'size': 0.078125, 'count': 64}}",,,,,1.1162109375,"{'_type': 'histogram', 'values': [411, 0, 0, 0, 0, 0, 0, 0, 0, 0, 0, 0, 316, 0, 0, 0, 0, 0, 0, 0, 0, 0, 0, 0, 0, 287, 0, 0, 0, 0, 0, 0, 0, 0, 0, 0, 0, 0, 420, 0, 0, 0, 0, 0, 0, 0, 0, 0, 0, 0, 0, 310, 0, 0, 0, 0, 0, 0, 0, 0, 0, 0, 0, 304], 'packedBins': {'min': 0, 'size': 0.078125, 'count': 64}}",,"{'packedBins': {'size': 0.078125, 'count': 64, 'min': 0}, '_type': 'histogram', 'values': [312, 0, 0, 0, 0, 0, 0, 0, 0, 0, 0, 0, 368, 0, 0, 0, 0, 0, 0, 0, 0, 0, 0, 0, 0, 340, 0, 0, 0, 0, 0, 0, 0, 0, 0, 0, 0, 0, 317, 0, 0, 0, 0, 0, 0, 0, 0, 0, 0, 0, 0, 367, 0, 0, 0, 0, 0, 0, 0, 0, 0, 0, 0, 344]}",,,7805.475328,1.1162109375,"{'_type': 'histogram', 'values': [355, 0, 0, 0, 0, 0, 0, 0, 0, 0, 0, 0, 344, 0, 0, 0, 0, 0, 0, 0, 0, 0, 0, 0, 0, 357, 0, 0, 0, 0, 0, 0, 0, 0, 0, 0, 0, 0, 321, 0, 0, 0, 0, 0, 0, 0, 0, 0, 0, 0, 0, 344, 0, 0, 0, 0, 0, 0, 0, 0, 0, 0, 0, 327], 'packedBins': {'size': 0.078125, 'count': 64, 'min': 0}}",19.861403812890583,0.9983043783125319,0.00016070272221624623,"{'packedBins': {'count': 64, 'min': 0, 'size': 0.078125}, '_type': 'histogram', 'values': [332, 0, 0, 0, 0, 0, 0, 0, 0, 0, 0, 0, 424, 0, 0, 0, 0, 0, 0, 0, 0, 0, 0, 0, 0, 318, 0, 0, 0, 0, 0, 0, 0, 0, 0, 0, 0, 0, 303, 0, 0, 0, 0, 0, 0, 0, 0, 0, 0, 0, 0, 329, 0, 0, 0, 0, 0, 0, 0, 0, 0, 0, 0, 342]}",12111.191766066,,,,,5256.175812556796,,,,0.9974876983650465,0.9699029316194355,,,,61603840.0,,,1.1923828125,0.9995726107491079,0.9975811757846975,,,"{'values': [364, 0, 0, 0, 0, 0, 0, 0, 0, 0, 0, 0, 319, 0, 0, 0, 0, 0, 0, 0, 0, 0, 0, 0, 0, 336, 0, 0, 0, 0, 0, 0, 0, 0, 0, 0, 0, 0, 287, 0, 0, 0, 0, 0, 0, 0, 0, 0, 0, 0, 0, 361, 0, 0, 0, 0, 0, 0, 0, 0, 0, 0, 0, 381], 'packedBins': {'min': 0, 'size': 0.078125, 'count': 64}, '_type': 'histogram'}",,,1.107421875,12.074029220640659,"{'_type': 'histogram', 'values': [390, 0, 0, 0, 0, 0, 0, 0, 0, 0, 0, 0, 351, 0, 0, 0, 0, 0, 0, 0, 0, 0, 0, 0, 0, 323, 0, 0, 0, 0, 0, 0, 0, 0, 0, 0, 0, 0, 347, 0, 0, 0, 0, 0, 0, 0, 0, 0, 0, 0, 0, 333, 0, 0, 0, 0, 0, 0, 0, 0, 0, 0, 0, 304], 'packedBins': {'min': 0, 'size': 0.078125, 'count': 64}}",1.142578125,0.9944728020864064
,"{'_type': 'histogram', 'values': [291, 0, 0, 0, 0, 0, 0, 0, 0, 0, 0, 0, 229, 0, 0, 0, 0, 0, 0, 0, 0, 0, 0, 0, 0, 326, 0, 0, 0, 0, 0, 0, 0, 0, 0, 0, 0, 0, 365, 0, 0, 0, 0, 0, 0, 0, 0, 0, 0, 0, 0, 384, 0, 0, 0, 0, 0, 0, 0, 0, 0, 0, 0, 453], 'packedBins': {'size': 0.078125, 'count': 64, 'min': 0}}",0.43693745136260986,0.9831446694641198,960,1.166015625,2.98600653372705,,,0.9877095610777146,1.3447265625,1.0576171875,1.2978515625,0.9914746053325582,,"{'_type': 'histogram', 'values': [312, 0, 0, 0, 0, 0, 0, 0, 0, 0, 0, 0, 313, 0, 0, 0, 0, 0, 0, 0, 0, 0, 0, 0, 0, 337, 0, 0, 0, 0, 0, 0, 0, 0, 0, 0, 0, 0, 338, 0, 0, 0, 0, 0, 0, 0, 0, 0, 0, 0, 0, 356, 0, 0, 0, 0, 0, 0, 0, 0, 0, 0, 0, 392], 'packedBins': {'count': 64, 'min': 0, 'size': 0.078125}}",1.177734375,"{'_type': 'histogram', 'values': [344, 0, 0, 0, 0, 0, 0, 0, 0, 0, 0, 0, 289, 0, 0, 0, 0, 0, 0, 0, 0, 0, 0, 0, 0, 382, 0, 0, 0, 0, 0, 0, 0, 0, 0, 0, 0, 0, 352, 0, 0, 0, 0, 0, 0, 0, 0, 0, 0, 0, 0, 314, 0, 0, 0, 0, 0, 0, 0, 0, 0, 0, 0, 367], 'packedBins': {'min': 0, 'size': 0.078125, 'count': 64}}",,0.9982423705152972,,"{'_type': 'histogram', 'values': [390, 0, 0, 0, 0, 0, 0, 0, 0, 0, 0, 0, 410, 0, 0, 0, 0, 0, 0, 0, 0, 0, 0, 0, 0, 275, 0, 0, 0, 0, 0, 0, 0, 0, 0, 0, 0, 0, 379, 0, 0, 0, 0, 0, 0, 0, 0, 0, 0, 0, 0, 282, 0, 0, 0, 0, 0, 0, 0, 0, 0, 0, 0, 312], 'packedBins': {'size': 0.078125, 'count': 64, 'min': 0}}",1784903824.122848,,,0.9975997382046852,,,,1.177734375,"{'_type': 'histogram', 'values': [231, 0, 0, 0, 0, 0, 0, 0, 0, 0, 0, 0, 359, 0, 0, 0, 0, 0, 0, 0, 0, 0, 0, 0, 0, 402, 0, 0, 0, 0, 0, 0, 0, 0, 0, 0, 0, 0, 333, 0, 0, 0, 0, 0, 0, 0, 0, 0, 0, 0, 0, 322, 0, 0, 0, 0, 0, 0, 0, 0, 0, 0, 0, 401], 'packedBins': {'min': 0, 'size': 0.078125, 'count': 64}}",,11433.672704,,,0.9940388805697058,,1.3271484375,,,0.9967849211523956,"{'_type': 'histogram', 'values': [332, 0, 0, 0, 0, 0, 0, 0, 0, 0, 0, 0, 357, 0, 0, 0, 0, 0, 0, 0, 0, 0, 0, 0, 0, 336, 0, 0, 0, 0, 0, 0, 0, 0, 0, 0, 0, 0, 320, 0, 0, 0, 0, 0, 0, 0, 0, 0, 0, 0, 0, 361, 0, 0, 0, 0, 0, 0, 0, 0, 0, 0, 0, 342], 'packedBins': {'count': 64, 'min': 0, 'size': 0.078125}}",,,,,1.119140625,"{'values': [241, 0, 0, 0, 0, 0, 0, 0, 0, 0, 0, 0, 459, 0, 0, 0, 0, 0, 0, 0, 0, 0, 0, 0, 0, 427, 0, 0, 0, 0, 0, 0, 0, 0, 0, 0, 0, 0, 339, 0, 0, 0, 0, 0, 0, 0, 0, 0, 0, 0, 0, 239, 0, 0, 0, 0, 0, 0, 0, 0, 0, 0, 0, 343], 'packedBins': {'size': 0.078125, 'count': 64, 'min': 0}, '_type': 'histogram'}",,"{'_type': 'histogram', 'values': [352, 0, 0, 0, 0, 0, 0, 0, 0, 0, 0, 0, 443, 0, 0, 0, 0, 0, 0, 0, 0, 0, 0, 0, 0, 315, 0, 0, 0, 0, 0, 0, 0, 0, 0, 0, 0, 0, 280, 0, 0, 0, 0, 0, 0, 0, 0, 0, 0, 0, 0, 316, 0, 0, 0, 0, 0, 0, 0, 0, 0, 0, 0, 342], 'packedBins': {'min': 0, 'size': 0.078125, 'count': 64}}",,,7805.475328,1.16015625,"{'_type': 'histogram', 'values': [402, 0, 0, 0, 0, 0, 0, 0, 0, 0, 0, 0, 309, 0, 0, 0, 0, 0, 0, 0, 0, 0, 0, 0, 0, 299, 0, 0, 0, 0, 0, 0, 0, 0, 0, 0, 0, 0, 391, 0, 0, 0, 0, 0, 0, 0, 0, 0, 0, 0, 0, 340, 0, 0, 0, 0, 0, 0, 0, 0, 0, 0, 0, 307], 'packedBins': {'size': 0.078125, 'count': 64, 'min': 0}}",19.80642804452831,0.997256300168928,0.0001590453418039501,"{'values': [291, 0, 0, 0, 0, 0, 0, 0, 0, 0, 0, 0, 328, 0, 0, 0, 0, 0, 0, 0, 0, 0, 0, 0, 0, 309, 0, 0, 0, 0, 0, 0, 0, 0, 0, 0, 0, 0, 374, 0, 0, 0, 0, 0, 0, 0, 0, 0, 0, 0, 0, 348, 0, 0, 0, 0, 0, 0, 0, 0, 0, 0, 0, 398], 'packedBins': {'min': 0, 'size': 0.078125, 'count': 64}, '_type': 'histogram'}",12359.85206023,,,,,5255.847820670094,,,,0.993051279987997,0.9674369842279702,,,,62914560.0,,,1.201171875,0.9960046341932013,0.9951266783001651,,,"{'values': [292, 0, 0, 0, 0, 0, 0, 0, 0, 0, 0, 0, 396, 0, 0, 0, 0, 0, 0, 0, 0, 0, 0, 0, 0, 324, 0, 0, 0, 0, 0, 0, 0, 0, 0, 0, 0, 0, 393, 0, 0, 0, 0, 0, 0, 0, 0, 0, 0, 0, 0, 360, 0, 0, 0, 0, 0, 0, 0, 0, 0, 0, 0, 283], 'packedBins': {'size': 0.078125, 'count': 64, 'min': 0}, '_type': 'histogram'}",,,1.1484375,12.072266645729542,"{'values': [309, 0, 0, 0, 0, 0, 0, 0, 0, 0, 0, 0, 313, 0, 0, 0, 0, 0, 0, 0, 0, 0, 0, 0, 0, 343, 0, 0, 0, 0, 0, 0, 0, 0, 0, 0, 0, 0, 341, 0, 0, 0, 0, 0, 0, 0, 0, 0, 0, 0, 0, 413, 0, 0, 0, 0, 0, 0, 0, 0, 0, 0, 0, 329], 'packedBins': {'min': 0, 'size': 0.078125, 'count': 64}, '_type': 'histogram'}",1.2099609375,0.9995196512999674
,"{'values': [367, 0, 0, 0, 0, 0, 0, 0, 0, 0, 0, 0, 291, 0, 0, 0, 0, 0, 0, 0, 0, 0, 0, 0, 0, 380, 0, 0, 0, 0, 0, 0, 0, 0, 0, 0, 0, 0, 373, 0, 0, 0, 0, 0, 0, 0, 0, 0, 0, 0, 0, 331, 0, 0, 0, 0, 0, 0, 0, 0, 0, 0, 0, 306], 'packedBins': {'min': 0, 'size': 0.078125, 'count': 64}, '_type': 'histogram'}",0.4322182834148407,0.9997399386568818,980,1.060546875,3.062842187844217,,,0.9971547723807518,1.04296875,1.083984375,1.04296875,0.999512465847069,,"{'values': [354, 0, 0, 0, 0, 0, 0, 0, 0, 0, 0, 0, 377, 0, 0, 0, 0, 0, 0, 0, 0, 0, 0, 0, 0, 370, 0, 0, 0, 0, 0, 0, 0, 0, 0, 0, 0, 0, 326, 0, 0, 0, 0, 0, 0, 0, 0, 0, 0, 0, 0, 299, 0, 0, 0, 0, 0, 0, 0, 0, 0, 0, 0, 322], 'packedBins': {'count': 64, 'min': 0, 'size': 0.078125}, '_type': 'histogram'}",1.04296875,"{'_type': 'histogram', 'values': [348, 0, 0, 0, 0, 0, 0, 0, 0, 0, 0, 0, 356, 0, 0, 0, 0, 0, 0, 0, 0, 0, 0, 0, 0, 377, 0, 0, 0, 0, 0, 0, 0, 0, 0, 0, 0, 0, 303, 0, 0, 0, 0, 0, 0, 0, 0, 0, 0, 0, 0, 331, 0, 0, 0, 0, 0, 0, 0, 0, 0, 0, 0, 333], 'packedBins': {'min': 0, 'size': 0.078125, 'count': 64}}",,0.9981320605069118,,"{'_type': 'histogram', 'values': [297, 0, 0, 0, 0, 0, 0, 0, 0, 0, 0, 0, 372, 0, 0, 0, 0, 0, 0, 0, 0, 0, 0, 0, 0, 299, 0, 0, 0, 0, 0, 0, 0, 0, 0, 0, 0, 0, 340, 0, 0, 0, 0, 0, 0, 0, 0, 0, 0, 0, 0, 349, 0, 0, 0, 0, 0, 0, 0, 0, 0, 0, 0, 391], 'packedBins': {'size': 0.078125, 'count': 64, 'min': 0}}",1784904072.7831678,,,0.9987257918186316,,,,1.1103515625,"{'_type': 'histogram', 'values': [349, 0, 0, 0, 0, 0, 0, 0, 0, 0, 0, 0, 312, 0, 0, 0, 0, 0, 0, 0, 0, 0, 0, 0, 0, 338, 0, 0, 0, 0, 0, 0, 0, 0, 0, 0, 0, 0, 356, 0, 0, 0, 0, 0, 0, 0, 0, 0, 0, 0, 0, 347, 0, 0, 0, 0, 0, 0, 0, 0, 0, 0, 0, 346], 'packedBins': {'size': 0.078125, 'count': 64, 'min': 0}}",,11433.672704,,,0.9996919691055876,,1.11328125,,,0.9993336944402345,"{'values': [313, 0, 0, 0, 0, 0, 0, 0, 0, 0, 0, 0, 340, 0, 0, 0, 0, 0, 0, 0, 0, 0, 0, 0, 0, 341, 0, 0, 0, 0, 0, 0, 0, 0, 0, 0, 0, 0, 370, 0, 0, 0, 0, 0, 0, 0, 0, 0, 0, 0, 0, 326, 0, 0, 0, 0, 0, 0, 0, 0, 0, 0, 0, 358], 'packedBins': {'min': 0, 'size': 0.078125, 'count': 64}, '_type': 'histogram'}",,,,,1.1044921875,"{'_type': 'histogram', 'values': [347, 0, 0, 0, 0, 0, 0, 0, 0, 0, 0, 0, 322, 0, 0, 0, 0, 0, 0, 0, 0, 0, 0, 0, 0, 340, 0, 0, 0, 0, 0, 0, 0, 0, 0, 0, 0, 0, 356, 0, 0, 0, 0, 0, 0, 0, 0, 0, 0, 0, 0, 338, 0, 0, 0, 0, 0, 0, 0, 0, 0, 0, 0, 345], 'packedBins': {'size': 0.078125, 'count': 64, 'min': 0}}",,"{'_type': 'histogram', 'values': [322, 0, 0, 0, 0, 0, 0, 0, 0, 0, 0, 0, 349, 0, 0, 0, 0, 0, 0, 0, 0, 0, 0, 0, 0, 356, 0, 0, 0, 0, 0, 0, 0, 0, 0, 0, 0, 0, 342, 0, 0, 0, 0, 0, 0, 0, 0, 0, 0, 0, 0, 332, 0, 0, 0, 0, 0, 0, 0, 0, 0, 0, 0, 347], 'packedBins': {'count': 64, 'min': 0, 'size': 0.078125}}",,,7805.475328,1.0927734375,"{'packedBins': {'min': 0, 'size': 0.078125, 'count': 64}, '_type': 'histogram', 'values': [352, 0, 0, 0, 0, 0, 0, 0, 0, 0, 0, 0, 379, 0, 0, 0, 0, 0, 0, 0, 0, 0, 0, 0, 0, 371, 0, 0, 0, 0, 0, 0, 0, 0, 0, 0, 0, 0, 337, 0, 0, 0, 0, 0, 0, 0, 0, 0, 0, 0, 0, 332, 0, 0, 0, 0, 0, 0, 0, 0, 0, 0, 0, 277]}",21.388260309750446,0.9995248407937274,0.00015736395631441467,"{'_type': 'histogram', 'values': [358, 0, 0, 0, 0, 0, 0, 0, 0, 0, 0, 0, 343, 0, 0, 0, 0, 0, 0, 0, 0, 0, 0, 0, 0, 332, 0, 0, 0, 0, 0, 0, 0, 0, 0, 0, 0, 0, 312, 0, 0, 0, 0, 0, 0, 0, 0, 0, 0, 0, 0, 362, 0, 0, 0, 0, 0, 0, 0, 0, 0, 0, 0, 341], 'packedBins': {'min': 0, 'size': 0.078125, 'count': 64}}",12608.985038155,,,,,5273.882751031526,,,,0.9971033431669508,0.9676015547011048,,,,64225280.0,,,1.1455078125,0.9972572316165259,0.9976419194744779,,,"{'values': [373, 0, 0, 0, 0, 0, 0, 0, 0, 0, 0, 0, 299, 0, 0, 0, 0, 0, 0, 0, 0, 0, 0, 0, 0, 333, 0, 0, 0, 0, 0, 0, 0, 0, 0, 0, 0, 0, 304, 0, 0, 0, 0, 0, 0, 0, 0, 0, 0, 0, 0, 369, 0, 0, 0, 0, 0, 0, 0, 0, 0, 0, 0, 370], 'packedBins': {'min': 0, 'size': 0.078125, 'count': 64}, '_type': 'histogram'}",,,1.1044921875,12.076248368620872,"{'values': [333, 0, 0, 0, 0, 0, 0, 0, 0, 0, 0, 0, 352, 0, 0, 0, 0, 0, 0, 0, 0, 0, 0, 0, 0, 325, 0, 0, 0, 0, 0, 0, 0, 0, 0, 0, 0, 0, 359, 0, 0, 0, 0, 0, 0, 0, 0, 0, 0, 0, 0, 325, 0, 0, 0, 0, 0, 0, 0, 0, 0, 0, 0, 354], 'packedBins': {'min': 0, 'size': 0.078125, 'count': 64}, '_type': 'histogram'}",1.0517578125,0.9991458746853057
"{'packedBins': {'min': 0, 'size': 0.078125, 'count': 64}, '_type': 'histogram', 'values': [13779, 0, 0, 0, 0, 0, 0, 0, 0, 0, 0, 0, 16013, 0, 0, 0, 0, 0, 0, 0, 0, 0, 0, 0, 0, 16970, 0, 0, 0, 0, 0, 0, 0, 0, 0, 0, 0, 0, 18705, 0, 0, 0, 0, 0, 0, 0, 0, 0, 0, 0, 0, 18313, 0, 0, 0, 0, 0, 0, 0, 0, 0, 0, 0, 18620]}","{'_type': 'histogram', 'values': [287, 0, 0, 0, 0, 0, 0, 0, 0, 0, 0, 0, 368, 0, 0, 0, 0, 0, 0, 0, 0, 0, 0, 0, 0, 383, 0, 0, 0, 0, 0, 0, 0, 0, 0, 0, 0, 0, 298, 0, 0, 0, 0, 0, 0, 0, 0, 0, 0, 0, 0, 376, 0, 0, 0, 0, 0, 0, 0, 0, 0, 0, 0, 336], 'packedBins': {'min': 0, 'size': 0.078125, 'count': 64}}",0.41892746090888977,0.9984196782187635,1000,1.1484375,2.9959655933082106,0.9976314739549866,1.0959960222244263,0.9965510612733397,1.1103515625,1.1630859375,1.13671875,0.9960923233313509,1.147792935371399,"{'values': [304, 0, 0, 0, 0, 0, 0, 0, 0, 0, 0, 0, 349, 0, 0, 0, 0, 0, 0, 0, 0, 0, 0, 0, 0, 372, 0, 0, 0, 0, 0, 0, 0, 0, 0, 0, 0, 0, 379, 0, 0, 0, 0, 0, 0, 0, 0, 0, 0, 0, 0, 326, 0, 0, 0, 0, 0, 0, 0, 0, 0, 0, 0, 318], 'packedBins': {'min': 0, 'size': 0.078125, 'count': 64}, '_type': 'histogram'}",1.119140625,"{'_type': 'histogram', 'values': [321, 0, 0, 0, 0, 0, 0, 0, 0, 0, 0, 0, 369, 0, 0, 0, 0, 0, 0, 0, 0, 0, 0, 0, 0, 295, 0, 0, 0, 0, 0, 0, 0, 0, 0, 0, 0, 0, 390, 0, 0, 0, 0, 0, 0, 0, 0, 0, 0, 0, 0, 324, 0, 0, 0, 0, 0, 0, 0, 0, 0, 0, 0, 349], 'packedBins': {'min': 0, 'size': 0.078125, 'count': 64}}","{'values': [16720, 0, 0, 0, 0, 0, 0, 0, 0, 0, 0, 0, 17185, 0, 0, 0, 0, 0, 0, 0, 0, 0, 0, 0, 0, 15542, 0, 0, 0, 0, 0, 0, 0, 0, 0, 0, 0, 0, 19127, 0, 0, 0, 0, 0, 0, 0, 0, 0, 0, 0, 0, 15115, 0, 0, 0, 0, 0, 0, 0, 0, 0, 0, 0, 18711], 'packedBins': {'count': 64, 'min': 0, 'size': 0.078125}, '_type': 'histogram'}",0.9981698506665999,0.9970561054673407,"{'_type': 'histogram', 'values': [350, 0, 0, 0, 0, 0, 0, 0, 0, 0, 0, 0, 340, 0, 0, 0, 0, 0, 0, 0, 0, 0, 0, 0, 0, 321, 0, 0, 0, 0, 0, 0, 0, 0, 0, 0, 0, 0, 316, 0, 0, 0, 0, 0, 0, 0, 0, 0, 0, 0, 0, 338, 0, 0, 0, 0, 0, 0, 0, 0, 0, 0, 0, 383], 'packedBins': {'size': 0.078125, 'count': 64, 'min': 0}}",1784904330.1536355,1.0656445026397705,"{'packedBins': {'min': 0, 'size': 0.078125, 'count': 64}, '_type': 'histogram', 'values': [17368, 0, 0, 0, 0, 0, 0, 0, 0, 0, 0, 0, 17950, 0, 0, 0, 0, 0, 0, 0, 0, 0, 0, 0, 0, 19055, 0, 0, 0, 0, 0, 0, 0, 0, 0, 0, 0, 0, 15820, 0, 0, 0, 0, 0, 0, 0, 0, 0, 0, 0, 0, 15707, 0, 0, 0, 0, 0, 0, 0, 0, 0, 0, 0, 16500]}",0.9975865648743714,1.057499885559082,1.6431125999706484,46.044793156775405,1.0693359375,"{'_type': 'histogram', 'values': [368, 0, 0, 0, 0, 0, 0, 0, 0, 0, 0, 0, 382, 0, 0, 0, 0, 0, 0, 0, 0, 0, 0, 0, 0, 344, 0, 0, 0, 0, 0, 0, 0, 0, 0, 0, 0, 0, 261, 0, 0, 0, 0, 0, 0, 0, 0, 0, 0, 0, 0, 361, 0, 0, 0, 0, 0, 0, 0, 0, 0, 0, 0, 332], 'packedBins': {'min': 0, 'size': 0.078125, 'count': 64}}","{'packedBins': {'min': 0, 'size': 0.078125, 'count': 64}, '_type': 'histogram', 'values': [17261, 0, 0, 0, 0, 0, 0, 0, 0, 0, 0, 0, 19395, 0, 0, 0, 0, 0, 0, 0, 0, 0, 0, 0, 0, 18696, 0, 0, 0, 0, 0, 0, 0, 0, 0, 0, 0, 0, 15802, 0, 0, 0, 0, 0, 0, 0, 0, 0, 0, 0, 0, 16673, 0, 0, 0, 0, 0, 0, 0, 0, 0, 0, 0, 14573]}",11433.672704,0.9969368801748035,0.9990448126209284,0.99789374298578,1.1165038347244263,1.1220703125,0.99721125802437,"{'packedBins': {'min': 0, 'size': 0.078125, 'count': 64}, '_type': 'histogram', 'values': [16213, 0, 0, 0, 0, 0, 0, 0, 0, 0, 0, 0, 15193, 0, 0, 0, 0, 0, 0, 0, 0, 0, 0, 0, 0, 18278, 0, 0, 0, 0, 0, 0, 0, 0, 0, 0, 0, 0, 18404, 0, 0, 0, 0, 0, 0, 0, 0, 0, 0, 0, 0, 19247, 0, 0, 0, 0, 0, 0, 0, 0, 0, 0, 0, 15065]}",0.9979486983940589,"{'_type': 'histogram', 'values': [263, 0, 0, 0, 0, 0, 0, 0, 0, 0, 0, 0, 345, 0, 0, 0, 0, 0, 0, 0, 0, 0, 0, 0, 0, 343, 0, 0, 0, 0, 0, 0, 0, 0, 0, 0, 0, 0, 345, 0, 0, 0, 0, 0, 0, 0, 0, 0, 0, 0, 0, 355, 0, 0, 0, 0, 0, 0, 0, 0, 0, 0, 0, 397], 'packedBins': {'min': 0, 'size': 0.078125, 'count': 64}}",0.999153060138204,"{'values': [17167, 0, 0, 0, 0, 0, 0, 0, 0, 0, 0, 0, 17515, 0, 0, 0, 0, 0, 0, 0, 0, 0, 0, 0, 0, 16556, 0, 0, 0, 0, 0, 0, 0, 0, 0, 0, 0, 0, 15823, 0, 0, 0, 0, 0, 0, 0, 0, 0, 0, 0, 0, 18957, 0, 0, 0, 0, 0, 0, 0, 0, 0, 0, 0, 16382], 'packedBins': {'min': 0, 'size': 0.078125, 'count': 64}, '_type': 'histogram'}",0.306953125,1.1107617616653442,1.142578125,"{'_type': 'histogram', 'values': [379, 0, 0, 0, 0, 0, 0, 0, 0, 0, 0, 0, 337, 0, 0, 0, 0, 0, 0, 0, 0, 0, 0, 0, 0, 312, 0, 0, 0, 0, 0, 0, 0, 0, 0, 0, 0, 0, 373, 0, 0, 0, 0, 0, 0, 0, 0, 0, 0, 0, 0, 329, 0, 0, 0, 0, 0, 0, 0, 0, 0, 0, 0, 318], 'packedBins': {'size': 0.078125, 'count': 64, 'min': 0}}",0.9978922792824118,"{'_type': 'histogram', 'values': [313, 0, 0, 0, 0, 0, 0, 0, 0, 0, 0, 0, 357, 0, 0, 0, 0, 0, 0, 0, 0, 0, 0, 0, 0, 356, 0, 0, 0, 0, 0, 0, 0, 0, 0, 0, 0, 0, 299, 0, 0, 0, 0, 0, 0, 0, 0, 0, 0, 0, 0, 388, 0, 0, 0, 0, 0, 0, 0, 0, 0, 0, 0, 335], 'packedBins': {'min': 0, 'size': 0.078125, 'count': 64}}",1.1277538537979126,"{'_type': 'histogram', 'values': [17493, 0, 0, 0, 0, 0, 0, 0, 0, 0, 0, 0, 19950, 0, 0, 0, 0, 0, 0, 0, 0, 0, 0, 0, 0, 14172, 0, 0, 0, 0, 0, 0, 0, 0, 0, 0, 0, 0, 16655, 0, 0, 0, 0, 0, 0, 0, 0, 0, 0, 0, 0, 17474, 0, 0, 0, 0, 0, 0, 0, 0, 0, 0, 0, 16656], 'packedBins': {'size': 0.078125, 'count': 64, 'min': 0}}",7805.475328,1.060546875,"{'values': [348, 0, 0, 0, 0, 0, 0, 0, 0, 0, 0, 0, 346, 0, 0, 0, 0, 0, 0, 0, 0, 0, 0, 0, 0, 337, 0, 0, 0, 0, 0, 0, 0, 0, 0, 0, 0, 0, 365, 0, 0, 0, 0, 0, 0, 0, 0, 0, 0, 0, 0, 306, 0, 0, 0, 0, 0, 0, 0, 0, 0, 0, 0, 346], 'packedBins': {'min': 0, 'size': 0.078125, 'count': 64}, '_type': 'histogram'}",20.00466693950781,0.9962386271361998,0.00015565938869610072,"{'values': [318, 0, 0, 0, 0, 0, 0, 0, 0, 0, 0, 0, 330, 0, 0, 0, 0, 0, 0, 0, 0, 0, 0, 0, 0, 369, 0, 0, 0, 0, 0, 0, 0, 0, 0, 0, 0, 0, 331, 0, 0, 0, 0, 0, 0, 0, 0, 0, 0, 0, 0, 392, 0, 0, 0, 0, 0, 0, 0, 0, 0, 0, 0, 308], 'packedBins': {'min': 0, 'size': 0.078125, 'count': 64}, '_type': 'histogram'}",12902.647910237,"{'values': [16173, 0, 0, 0, 0, 0, 0, 0, 0, 0, 0, 0, 19101, 0, 0, 0, 0, 0, 0, 0, 0, 0, 0, 0, 0, 18775, 0, 0, 0, 0, 0, 0, 0, 0, 0, 0, 0, 0, 15164, 0, 0, 0, 0, 0, 0, 0, 0, 0, 0, 0, 0, 15387, 0, 0, 0, 0, 0, 0, 0, 0, 0, 0, 0, 17800], 'packedBins': {'count': 64, 'min': 0, 'size': 0.078125}, '_type': 'histogram'}",0.9973969487562179,0.9987458844739587,1.1207226514816284,5263.882347197336,0.9974221643733338,0.9990126776787992,3.829614686965942,0.9988675049174621,0.9786441342439502,"{'_type': 'histogram', 'values': [14768, 0, 0, 0, 0, 0, 0, 0, 0, 0, 0, 0, 17232, 0, 0, 0, 0, 0, 0, 0, 0, 0, 0, 0, 0, 18100, 0, 0, 0, 0, 0, 0, 0, 0, 0, 0, 0, 0, 18187, 0, 0, 0, 0, 0, 0, 0, 0, 0, 0, 0, 0, 16975, 0, 0, 0, 0, 0, 0, 0, 0, 0, 0, 0, 17138], 'packedBins': {'size': 0.078125, 'count': 64, 'min': 0}}","{'_type': 'histogram', 'values': [16438, 0, 0, 0, 0, 0, 0, 0, 0, 0, 0, 0, 15435, 0, 0, 0, 0, 0, 0, 0, 0, 0, 0, 0, 0, 17888, 0, 0, 0, 0, 0, 0, 0, 0, 0, 0, 0, 0, 16824, 0, 0, 0, 0, 0, 0, 0, 0, 0, 0, 0, 0, 17767, 0, 0, 0, 0, 0, 0, 0, 0, 0, 0, 0, 18048], 'packedBins': {'min': 0, 'size': 0.078125, 'count': 64}}","{'packedBins': {'min': 0, 'size': 0.078125, 'count': 64}, '_type': 'histogram', 'values': [14112, 0, 0, 0, 0, 0, 0, 0, 0, 0, 0, 0, 17175, 0, 0, 0, 0, 0, 0, 0, 0, 0, 0, 0, 0, 16932, 0, 0, 0, 0, 0, 0, 0, 0, 0, 0, 0, 0, 18518, 0, 0, 0, 0, 0, 0, 0, 0, 0, 0, 0, 0, 19589, 0, 0, 0, 0, 0, 0, 0, 0, 0, 0, 0, 16074]}",65536000.0,"{'_type': 'histogram', 'values': [18429, 0, 0, 0, 0, 0, 0, 0, 0, 0, 0, 0, 16447, 0, 0, 0, 0, 0, 0, 0, 0, 0, 0, 0, 0, 18358, 0, 0, 0, 0, 0, 0, 0, 0, 0, 0, 0, 0, 15819, 0, 0, 0, 0, 0, 0, 0, 0, 0, 0, 0, 0, 16204, 0, 0, 0, 0, 0, 0, 0, 0, 0, 0, 0, 17143], 'packedBins': {'count': 64, 'min': 0, 'size': 0.078125}}",1.0798240900039673,1.1220703125,0.9992224529842512,0.9992408158083249,1.1689453125,0.9986453546653518,"{'_type': 'histogram', 'values': [317, 0, 0, 0, 0, 0, 0, 0, 0, 0, 0, 0, 338, 0, 0, 0, 0, 0, 0, 0, 0, 0, 0, 0, 0, 320, 0, 0, 0, 0, 0, 0, 0, 0, 0, 0, 0, 0, 357, 0, 0, 0, 0, 0, 0, 0, 0, 0, 0, 0, 0, 362, 0, 0, 0, 0, 0, 0, 0, 0, 0, 0, 0, 354], 'packedBins': {'count': 64, 'min': 0, 'size': 0.078125}}",1.1191991567611694,1.1364257335662842,1.1103515625,12.074768739938737,"{'values': [341, 0, 0, 0, 0, 0, 0, 0, 0, 0, 0, 0, 375, 0, 0, 0, 0, 0, 0, 0, 0, 0, 0, 0, 0, 268, 0, 0, 0, 0, 0, 0, 0, 0, 0, 0, 0, 0, 392, 0, 0, 0, 0, 0, 0, 0, 0, 0, 0, 0, 0, 338, 0, 0, 0, 0, 0, 0, 0, 0, 0, 0, 0, 334], 'packedBins': {'min': 0, 'size': 0.078125, 'count': 64}, '_type': 'histogram'}",1.1484375,0.9960780189575252
,"{'_type': 'histogram', 'values': [296, 0, 0, 0, 0, 0, 0, 0, 0, 0, 0, 0, 392, 0, 0, 0, 0, 0, 0, 0, 0, 0, 0, 0, 0, 316, 0, 0, 0, 0, 0, 0, 0, 0, 0, 0, 0, 0, 436, 0, 0, 0, 0, 0, 0, 0, 0, 0, 0, 0, 0, 308, 0, 0, 0, 0, 0, 0, 0, 0, 0, 0, 0, 300], 'packedBins': {'min': 0, 'size': 0.078125, 'count': 64}}",0.3921906650066376,0.9932092268878203,1020,1.18359375,2.9865953352302315,,,0.993444217810388,1.248046875,1.21875,1.072265625,0.9971419317102943,,"{'values': [409, 0, 0, 0, 0, 0, 0, 0, 0, 0, 0, 0, 296, 0, 0, 0, 0, 0, 0, 0, 0, 0, 0, 0, 0, 325, 0, 0, 0, 0, 0, 0, 0, 0, 0, 0, 0, 0, 294, 0, 0, 0, 0, 0, 0, 0, 0, 0, 0, 0, 0, 346, 0, 0, 0, 0, 0, 0, 0, 0, 0, 0, 0, 378], 'packedBins': {'count': 64, 'min': 0, 'size': 0.078125}, '_type': 'histogram'}",1.1396484375,"{'_type': 'histogram', 'values': [350, 0, 0, 0, 0, 0, 0, 0, 0, 0, 0, 0, 366, 0, 0, 0, 0, 0, 0, 0, 0, 0, 0, 0, 0, 302, 0, 0, 0, 0, 0, 0, 0, 0, 0, 0, 0, 0, 341, 0, 0, 0, 0, 0, 0, 0, 0, 0, 0, 0, 0, 340, 0, 0, 0, 0, 0, 0, 0, 0, 0, 0, 0, 349], 'packedBins': {'min': 0, 'size': 0.078125, 'count': 64}}",,0.995848816316459,,"{'values': [294, 0, 0, 0, 0, 0, 0, 0, 0, 0, 0, 0, 298, 0, 0, 0, 0, 0, 0, 0, 0, 0, 0, 0, 0, 409, 0, 0, 0, 0, 0, 0, 0, 0, 0, 0, 0, 0, 305, 0, 0, 0, 0, 0, 0, 0, 0, 0, 0, 0, 0, 378, 0, 0, 0, 0, 0, 0, 0, 0, 0, 0, 0, 364], 'packedBins': {'size': 0.078125, 'count': 64, 'min': 0}, '_type': 'histogram'}",1784904615.5788698,,,0.99906616938371,,,,1.1923828125,"{'_type': 'histogram', 'values': [301, 0, 0, 0, 0, 0, 0, 0, 0, 0, 0, 0, 309, 0, 0, 0, 0, 0, 0, 0, 0, 0, 0, 0, 0, 389, 0, 0, 0, 0, 0, 0, 0, 0, 0, 0, 0, 0, 347, 0, 0, 0, 0, 0, 0, 0, 0, 0, 0, 0, 0, 319, 0, 0, 0, 0, 0, 0, 0, 0, 0, 0, 0, 383], 'packedBins': {'min': 0, 'size': 0.078125, 'count': 64}}",,11433.672704,,,0.9990329699300402,,1.27734375,,,0.9962114155599455,"{'packedBins': {'min': 0, 'size': 0.078125, 'count': 64}, '_type': 'histogram', 'values': [356, 0, 0, 0, 0, 0, 0, 0, 0, 0, 0, 0, 254, 0, 0, 0, 0, 0, 0, 0, 0, 0, 0, 0, 0, 322, 0, 0, 0, 0, 0, 0, 0, 0, 0, 0, 0, 0, 371, 0, 0, 0, 0, 0, 0, 0, 0, 0, 0, 0, 0, 329, 0, 0, 0, 0, 0, 0, 0, 0, 0, 0, 0, 416]}",,,,,1.072265625,"{'_type': 'histogram', 'values': [324, 0, 0, 0, 0, 0, 0, 0, 0, 0, 0, 0, 344, 0, 0, 0, 0, 0, 0, 0, 0, 0, 0, 0, 0, 370, 0, 0, 0, 0, 0, 0, 0, 0, 0, 0, 0, 0, 250, 0, 0, 0, 0, 0, 0, 0, 0, 0, 0, 0, 0, 426, 0, 0, 0, 0, 0, 0, 0, 0, 0, 0, 0, 334], 'packedBins': {'size': 0.078125, 'count': 64, 'min': 0}}",,"{'_type': 'histogram', 'values': [363, 0, 0, 0, 0, 0, 0, 0, 0, 0, 0, 0, 339, 0, 0, 0, 0, 0, 0, 0, 0, 0, 0, 0, 0, 366, 0, 0, 0, 0, 0, 0, 0, 0, 0, 0, 0, 0, 315, 0, 0, 0, 0, 0, 0, 0, 0, 0, 0, 0, 0, 317, 0, 0, 0, 0, 0, 0, 0, 0, 0, 0, 0, 348], 'packedBins': {'min': 0, 'size': 0.078125, 'count': 64}}",,,7805.475328,1.224609375,"{'_type': 'histogram', 'values': [255, 0, 0, 0, 0, 0, 0, 0, 0, 0, 0, 0, 293, 0, 0, 0, 0, 0, 0, 0, 0, 0, 0, 0, 0, 378, 0, 0, 0, 0, 0, 0, 0, 0, 0, 0, 0, 0, 407, 0, 0, 0, 0, 0, 0, 0, 0, 0, 0, 0, 0, 337, 0, 0, 0, 0, 0, 0, 0, 0, 0, 0, 0, 378], 'packedBins': {'size': 0.078125, 'count': 64, 'min': 0}}",19.818093533125175,0.9989527989046455,0.00015393247324388377,"{'values': [312, 0, 0, 0, 0, 0, 0, 0, 0, 0, 0, 0, 281, 0, 0, 0, 0, 0, 0, 0, 0, 0, 0, 0, 0, 404, 0, 0, 0, 0, 0, 0, 0, 0, 0, 0, 0, 0, 331, 0, 0, 0, 0, 0, 0, 0, 0, 0, 0, 0, 0, 349, 0, 0, 0, 0, 0, 0, 0, 0, 0, 0, 0, 371], 'packedBins': {'size': 0.078125, 'count': 64, 'min': 0}, '_type': 'histogram'}",13152.755025312,,,,,4466.414511166269,,,,0.9952940727399104,0.9896157715003937,,,,66846720.0,,,1.1982421875,0.9930913987666801,0.9963371609856683,,,"{'values': [359, 0, 0, 0, 0, 0, 0, 0, 0, 0, 0, 0, 335, 0, 0, 0, 0, 0, 0, 0, 0, 0, 0, 0, 0, 328, 0, 0, 0, 0, 0, 0, 0, 0, 0, 0, 0, 0, 293, 0, 0, 0, 0, 0, 0, 0, 0, 0, 0, 0, 0, 315, 0, 0, 0, 0, 0, 0, 0, 0, 0, 0, 0, 418], 'packedBins': {'min': 0, 'size': 0.078125, 'count': 64}, '_type': 'histogram'}",,,1.1982421875,12.071917125582695,"{'values': [337, 0, 0, 0, 0, 0, 0, 0, 0, 0, 0, 0, 336, 0, 0, 0, 0, 0, 0, 0, 0, 0, 0, 0, 0, 343, 0, 0, 0, 0, 0, 0, 0, 0, 0, 0, 0, 0, 372, 0, 0, 0, 0, 0, 0, 0, 0, 0, 0, 0, 0, 304, 0, 0, 0, 0, 0, 0, 0, 0, 0, 0, 0, 356], 'packedBins': {'min': 0, 'size': 0.078125, 'count': 64}, '_type': 'histogram'}",1.08984375,0.9939375523774434
,"{'_type': 'histogram', 'values': [360, 0, 0, 0, 0, 0, 0, 0, 0, 0, 0, 0, 340, 0, 0, 0, 0, 0, 0, 0, 0, 0, 0, 0, 0, 299, 0, 0, 0, 0, 0, 0, 0, 0, 0, 0, 0, 0, 258, 0, 0, 0, 0, 0, 0, 0, 0, 0, 0, 0, 0, 367, 0, 0, 0, 0, 0, 0, 0, 0, 0, 0, 0, 424], 'packedBins': {'min': 0, 'size': 0.078125, 'count': 64}}",0.4225533902645111,0.9981700502625138,1040,1.2568359375,2.9666343165561555,,,0.9932978474735679,1.125,1.1484375,1.060546875,0.9969621623238906,,"{'values': [349, 0, 0, 0, 0, 0, 0, 0, 0, 0, 0, 0, 277, 0, 0, 0, 0, 0, 0, 0, 0, 0, 0, 0, 0, 387, 0, 0, 0, 0, 0, 0, 0, 0, 0, 0, 0, 0, 402, 0, 0, 0, 0, 0, 0, 0, 0, 0, 0, 0, 0, 368, 0, 0, 0, 0, 0, 0, 0, 0, 0, 0, 0, 265], 'packedBins': {'count': 64, 'min': 0, 'size': 0.078125}, '_type': 'histogram'}",1.1220703125,"{'_type': 'histogram', 'values': [290, 0, 0, 0, 0, 0, 0, 0, 0, 0, 0, 0, 361, 0, 0, 0, 0, 0, 0, 0, 0, 0, 0, 0, 0, 293, 0, 0, 0, 0, 0, 0, 0, 0, 0, 0, 0, 0, 369, 0, 0, 0, 0, 0, 0, 0, 0, 0, 0, 0, 0, 335, 0, 0, 0, 0, 0, 0, 0, 0, 0, 0, 0, 400], 'packedBins': {'size': 0.078125, 'count': 64, 'min': 0}}",,0.99322426311333,,"{'values': [327, 0, 0, 0, 0, 0, 0, 0, 0, 0, 0, 0, 318, 0, 0, 0, 0, 0, 0, 0, 0, 0, 0, 0, 0, 315, 0, 0, 0, 0, 0, 0, 0, 0, 0, 0, 0, 0, 392, 0, 0, 0, 0, 0, 0, 0, 0, 0, 0, 0, 0, 347, 0, 0, 0, 0, 0, 0, 0, 0, 0, 0, 0, 349], 'packedBins': {'size': 0.078125, 'count': 64, 'min': 0}, '_type': 'histogram'}",1784904865.6859918,,,0.9961443513328933,,,,1.078125,"{'_type': 'histogram', 'values': [277, 0, 0, 0, 0, 0, 0, 0, 0, 0, 0, 0, 346, 0, 0, 0, 0, 0, 0, 0, 0, 0, 0, 0, 0, 322, 0, 0, 0, 0, 0, 0, 0, 0, 0, 0, 0, 0, 383, 0, 0, 0, 0, 0, 0, 0, 0, 0, 0, 0, 0, 375, 0, 0, 0, 0, 0, 0, 0, 0, 0, 0, 0, 345], 'packedBins': {'min': 0, 'size': 0.078125, 'count': 64}}",,11433.672704,,,0.9992788720958982,,1.2421875,,,0.9945811161356534,"{'_type': 'histogram', 'values': [306, 0, 0, 0, 0, 0, 0, 0, 0, 0, 0, 0, 362, 0, 0, 0, 0, 0, 0, 0, 0, 0, 0, 0, 0, 305, 0, 0, 0, 0, 0, 0, 0, 0, 0, 0, 0, 0, 392, 0, 0, 0, 0, 0, 0, 0, 0, 0, 0, 0, 0, 322, 0, 0, 0, 0, 0, 0, 0, 0, 0, 0, 0, 361], 'packedBins': {'size': 0.078125, 'count': 64, 'min': 0}}",,,,,1.171875,"{'_type': 'histogram', 'values': [318, 0, 0, 0, 0, 0, 0, 0, 0, 0, 0, 0, 384, 0, 0, 0, 0, 0, 0, 0, 0, 0, 0, 0, 0, 344, 0, 0, 0, 0, 0, 0, 0, 0, 0, 0, 0, 0, 368, 0, 0, 0, 0, 0, 0, 0, 0, 0, 0, 0, 0, 330, 0, 0, 0, 0, 0, 0, 0, 0, 0, 0, 0, 304], 'packedBins': {'min': 0, 'size': 0.078125, 'count': 64}}",,"{'values': [362, 0, 0, 0, 0, 0, 0, 0, 0, 0, 0, 0, 330, 0, 0, 0, 0, 0, 0, 0, 0, 0, 0, 0, 0, 361, 0, 0, 0, 0, 0, 0, 0, 0, 0, 0, 0, 0, 315, 0, 0, 0, 0, 0, 0, 0, 0, 0, 0, 0, 0, 331, 0, 0, 0, 0, 0, 0, 0, 0, 0, 0, 0, 349], 'packedBins': {'min': 0, 'size': 0.078125, 'count': 64}, '_type': 'histogram'}",,,7805.475328,1.2158203125,"{'_type': 'histogram', 'values': [334, 0, 0, 0, 0, 0, 0, 0, 0, 0, 0, 0, 311, 0, 0, 0, 0, 0, 0, 0, 0, 0, 0, 0, 0, 368, 0, 0, 0, 0, 0, 0, 0, 0, 0, 0, 0, 0, 338, 0, 0, 0, 0, 0, 0, 0, 0, 0, 0, 0, 0, 346, 0, 0, 0, 0, 0, 0, 0, 0, 0, 0, 0, 351], 'packedBins': {'min': 0, 'size': 0.078125, 'count': 64}}",19.426426241731892,0.998092939707798,0.00015218405519071135,"{'values': [298, 0, 0, 0, 0, 0, 0, 0, 0, 0, 0, 0, 296, 0, 0, 0, 0, 0, 0, 0, 0, 0, 0, 0, 0, 429, 0, 0, 0, 0, 0, 0, 0, 0, 0, 0, 0, 0, 311, 0, 0, 0, 0, 0, 0, 0, 0, 0, 0, 0, 0, 379, 0, 0, 0, 0, 0, 0, 0, 0, 0, 0, 0, 335], 'packedBins': {'min': 0, 'size': 0.078125, 'count': 64}, '_type': 'histogram'}",13402.715782666,,,,,5243.374856703347,,,,0.9983965916247287,0.9720667040441185,,,,68157440.0,,,1.1484375,0.9992728176865115,0.9970423333492853,,,"{'packedBins': {'min': 0, 'size': 0.078125, 'count': 64}, '_type': 'histogram', 'values': [415, 0, 0, 0, 0, 0, 0, 0, 0, 0, 0, 0, 322, 0, 0, 0, 0, 0, 0, 0, 0, 0, 0, 0, 0, 334, 0, 0, 0, 0, 0, 0, 0, 0, 0, 0, 0, 0, 336, 0, 0, 0, 0, 0, 0, 0, 0, 0, 0, 0, 0, 342, 0, 0, 0, 0, 0, 0, 0, 0, 0, 0, 0, 299]}",,,1.177734375,12.069081072509288,"{'packedBins': {'min': 0, 'size': 0.078125, 'count': 64}, '_type': 'histogram', 'values': [359, 0, 0, 0, 0, 0, 0, 0, 0, 0, 0, 0, 322, 0, 0, 0, 0, 0, 0, 0, 0, 0, 0, 0, 0, 315, 0, 0, 0, 0, 0, 0, 0, 0, 0, 0, 0, 0, 374, 0, 0, 0, 0, 0, 0, 0, 0, 0, 0, 0, 0, 373, 0, 0, 0, 0, 0, 0, 0, 0, 0, 0, 0, 305]}",1.095703125,0.9974884302167305
,"{'values': [299, 0, 0, 0, 0, 0, 0, 0, 0, 0, 0, 0, 358, 0, 0, 0, 0, 0, 0, 0, 0, 0, 0, 0, 0, 324, 0, 0, 0, 0, 0, 0, 0, 0, 0, 0, 0, 0, 325, 0, 0, 0, 0, 0, 0, 0, 0, 0, 0, 0, 0, 381, 0, 0, 0, 0, 0, 0, 0, 0, 0, 0, 0, 361], 'packedBins': {'min': 0, 'size': 0.078125, 'count': 64}, '_type': 'histogram'}",0.41680046916007996,0.9968207818849165,1060,1.1689453125,2.947432600334287,,,0.9981570765281138,1.0986328125,1.18359375,1.1162109375,0.9981816933574881,,"{'values': [327, 0, 0, 0, 0, 0, 0, 0, 0, 0, 0, 0, 328, 0, 0, 0, 0, 0, 0, 0, 0, 0, 0, 0, 0, 365, 0, 0, 0, 0, 0, 0, 0, 0, 0, 0, 0, 0, 331, 0, 0, 0, 0, 0, 0, 0, 0, 0, 0, 0, 0, 335, 0, 0, 0, 0, 0, 0, 0, 0, 0, 0, 0, 362], 'packedBins': {'count': 64, 'min': 0, 'size': 0.078125}, '_type': 'histogram'}",1.0751953125,"{'_type': 'histogram', 'values': [392, 0, 0, 0, 0, 0, 0, 0, 0, 0, 0, 0, 361, 0, 0, 0, 0, 0, 0, 0, 0, 0, 0, 0, 0, 370, 0, 0, 0, 0, 0, 0, 0, 0, 0, 0, 0, 0, 339, 0, 0, 0, 0, 0, 0, 0, 0, 0, 0, 0, 0, 305, 0, 0, 0, 0, 0, 0, 0, 0, 0, 0, 0, 281], 'packedBins': {'min': 0, 'size': 0.078125, 'count': 64}}",,0.9994000268156026,,"{'_type': 'histogram', 'values': [334, 0, 0, 0, 0, 0, 0, 0, 0, 0, 0, 0, 429, 0, 0, 0, 0, 0, 0, 0, 0, 0, 0, 0, 0, 304, 0, 0, 0, 0, 0, 0, 0, 0, 0, 0, 0, 0, 310, 0, 0, 0, 0, 0, 0, 0, 0, 0, 0, 0, 0, 308, 0, 0, 0, 0, 0, 0, 0, 0, 0, 0, 0, 363], 'packedBins': {'count': 64, 'min': 0, 'size': 0.078125}}",1784905115.646841,,,0.9964555878945501,,,,1.154296875,"{'_type': 'histogram', 'values': [367, 0, 0, 0, 0, 0, 0, 0, 0, 0, 0, 0, 362, 0, 0, 0, 0, 0, 0, 0, 0, 0, 0, 0, 0, 303, 0, 0, 0, 0, 0, 0, 0, 0, 0, 0, 0, 0, 363, 0, 0, 0, 0, 0, 0, 0, 0, 0, 0, 0, 0, 304, 0, 0, 0, 0, 0, 0, 0, 0, 0, 0, 0, 349], 'packedBins': {'min': 0, 'size': 0.078125, 'count': 64}}",,11433.672704,,,0.995728925704209,,1.1162109375,,,0.9964541907231532,"{'packedBins': {'min': 0, 'size': 0.078125, 'count': 64}, '_type': 'histogram', 'values': [334, 0, 0, 0, 0, 0, 0, 0, 0, 0, 0, 0, 333, 0, 0, 0, 0, 0, 0, 0, 0, 0, 0, 0, 0, 404, 0, 0, 0, 0, 0, 0, 0, 0, 0, 0, 0, 0, 372, 0, 0, 0, 0, 0, 0, 0, 0, 0, 0, 0, 0, 284, 0, 0, 0, 0, 0, 0, 0, 0, 0, 0, 0, 321]}",,,,,1.1484375,"{'_type': 'histogram', 'values': [371, 0, 0, 0, 0, 0, 0, 0, 0, 0, 0, 0, 291, 0, 0, 0, 0, 0, 0, 0, 0, 0, 0, 0, 0, 375, 0, 0, 0, 0, 0, 0, 0, 0, 0, 0, 0, 0, 347, 0, 0, 0, 0, 0, 0, 0, 0, 0, 0, 0, 0, 293, 0, 0, 0, 0, 0, 0, 0, 0, 0, 0, 0, 371], 'packedBins': {'count': 64, 'min': 0, 'size': 0.078125}}",,"{'_type': 'histogram', 'values': [381, 0, 0, 0, 0, 0, 0, 0, 0, 0, 0, 0, 288, 0, 0, 0, 0, 0, 0, 0, 0, 0, 0, 0, 0, 381, 0, 0, 0, 0, 0, 0, 0, 0, 0, 0, 0, 0, 376, 0, 0, 0, 0, 0, 0, 0, 0, 0, 0, 0, 0, 338, 0, 0, 0, 0, 0, 0, 0, 0, 0, 0, 0, 284], 'packedBins': {'count': 64, 'min': 0, 'size': 0.078125}}",,,7805.475328,1.1044921875,"{'_type': 'histogram', 'values': [394, 0, 0, 0, 0, 0, 0, 0, 0, 0, 0, 0, 343, 0, 0, 0, 0, 0, 0, 0, 0, 0, 0, 0, 0, 337, 0, 0, 0, 0, 0, 0, 0, 0, 0, 0, 0, 0, 360, 0, 0, 0, 0, 0, 0, 0, 0, 0, 0, 0, 0, 294, 0, 0, 0, 0, 0, 0, 0, 0, 0, 0, 0, 320], 'packedBins': {'size': 0.078125, 'count': 64, 'min': 0}}",19.056964024001587,0.9993070151197504,0.00015041499029390666,"{'values': [370, 0, 0, 0, 0, 0, 0, 0, 0, 0, 0, 0, 399, 0, 0, 0, 0, 0, 0, 0, 0, 0, 0, 0, 0, 327, 0, 0, 0, 0, 0, 0, 0, 0, 0, 0, 0, 0, 330, 0, 0, 0, 0, 0, 0, 0, 0, 0, 0, 0, 0, 276, 0, 0, 0, 0, 0, 0, 0, 0, 0, 0, 0, 346], 'packedBins': {'size': 0.078125, 'count': 64, 'min': 0}, '_type': 'histogram'}",13650.319198051,,,,,5246.443019755581,,,,0.9955191503987572,0.9633865874260664,,,,69468160.0,,,1.2568359375,0.9976759838437743,0.9974317449771983,,,"{'values': [339, 0, 0, 0, 0, 0, 0, 0, 0, 0, 0, 0, 280, 0, 0, 0, 0, 0, 0, 0, 0, 0, 0, 0, 0, 326, 0, 0, 0, 0, 0, 0, 0, 0, 0, 0, 0, 0, 377, 0, 0, 0, 0, 0, 0, 0, 0, 0, 0, 0, 0, 367, 0, 0, 0, 0, 0, 0, 0, 0, 0, 0, 0, 359], 'packedBins': {'min': 0, 'size': 0.078125, 'count': 64}, '_type': 'histogram'}",,,1.0693359375,12.073653669655323,"{'values': [335, 0, 0, 0, 0, 0, 0, 0, 0, 0, 0, 0, 332, 0, 0, 0, 0, 0, 0, 0, 0, 0, 0, 0, 0, 327, 0, 0, 0, 0, 0, 0, 0, 0, 0, 0, 0, 0, 338, 0, 0, 0, 0, 0, 0, 0, 0, 0, 0, 0, 0, 379, 0, 0, 0, 0, 0, 0, 0, 0, 0, 0, 0, 337], 'packedBins': {'min': 0, 'size': 0.078125, 'count': 64}, '_type': 'histogram'}",1.1103515625,0.9965451399278955
,"{'packedBins': {'min': 0, 'size': 0.078125, 'count': 64}, '_type': 'histogram', 'values': [379, 0, 0, 0, 0, 0, 0, 0, 0, 0, 0, 0, 305, 0, 0, 0, 0, 0, 0, 0, 0, 0, 0, 0, 0, 320, 0, 0, 0, 0, 0, 0, 0, 0, 0, 0, 0, 0, 366, 0, 0, 0, 0, 0, 0, 0, 0, 0, 0, 0, 0, 343, 0, 0, 0, 0, 0, 0, 0, 0, 0, 0, 0, 335]}",0.4212467670440674,0.9968704147354929,1080,1.171875,2.9755788166075945,,,0.9984666497904886,1.1513671875,1.201171875,1.119140625,0.9978549548465226,,"{'values': [353, 0, 0, 0, 0, 0, 0, 0, 0, 0, 0, 0, 283, 0, 0, 0, 0, 0, 0, 0, 0, 0, 0, 0, 0, 349, 0, 0, 0, 0, 0, 0, 0, 0, 0, 0, 0, 0, 361, 0, 0, 0, 0, 0, 0, 0, 0, 0, 0, 0, 0, 313, 0, 0, 0, 0, 0, 0, 0, 0, 0, 0, 0, 389], 'packedBins': {'count': 64, 'min': 0, 'size': 0.078125}, '_type': 'histogram'}",1.142578125,"{'_type': 'histogram', 'values': [316, 0, 0, 0, 0, 0, 0, 0, 0, 0, 0, 0, 360, 0, 0, 0, 0, 0, 0, 0, 0, 0, 0, 0, 0, 406, 0, 0, 0, 0, 0, 0, 0, 0, 0, 0, 0, 0, 328, 0, 0, 0, 0, 0, 0, 0, 0, 0, 0, 0, 0, 333, 0, 0, 0, 0, 0, 0, 0, 0, 0, 0, 0, 305], 'packedBins': {'min': 0, 'size': 0.078125, 'count': 64}}",,0.9971310869989753,,"{'_type': 'histogram', 'values': [285, 0, 0, 0, 0, 0, 0, 0, 0, 0, 0, 0, 354, 0, 0, 0, 0, 0, 0, 0, 0, 0, 0, 0, 0, 304, 0, 0, 0, 0, 0, 0, 0, 0, 0, 0, 0, 0, 409, 0, 0, 0, 0, 0, 0, 0, 0, 0, 0, 0, 0, 313, 0, 0, 0, 0, 0, 0, 0, 0, 0, 0, 0, 383], 'packedBins': {'size': 0.078125, 'count': 64, 'min': 0}}",1784905363.2504103,,,0.9973810476150815,,,,1.154296875,"{'_type': 'histogram', 'values': [357, 0, 0, 0, 0, 0, 0, 0, 0, 0, 0, 0, 331, 0, 0, 0, 0, 0, 0, 0, 0, 0, 0, 0, 0, 390, 0, 0, 0, 0, 0, 0, 0, 0, 0, 0, 0, 0, 308, 0, 0, 0, 0, 0, 0, 0, 0, 0, 0, 0, 0, 305, 0, 0, 0, 0, 0, 0, 0, 0, 0, 0, 0, 357], 'packedBins': {'min': 0, 'size': 0.078125, 'count': 64}}",,11433.672704,,,0.998378960652339,,1.1103515625,,,0.9979026582699317,"{'_type': 'histogram', 'values': [410, 0, 0, 0, 0, 0, 0, 0, 0, 0, 0, 0, 319, 0, 0, 0, 0, 0, 0, 0, 0, 0, 0, 0, 0, 344, 0, 0, 0, 0, 0, 0, 0, 0, 0, 0, 0, 0, 322, 0, 0, 0, 0, 0, 0, 0, 0, 0, 0, 0, 0, 348, 0, 0, 0, 0, 0, 0, 0, 0, 0, 0, 0, 305], 'packedBins': {'min': 0, 'size': 0.078125, 'count': 64}}",,,,,1.189453125,"{'_type': 'histogram', 'values': [340, 0, 0, 0, 0, 0, 0, 0, 0, 0, 0, 0, 365, 0, 0, 0, 0, 0, 0, 0, 0, 0, 0, 0, 0, 354, 0, 0, 0, 0, 0, 0, 0, 0, 0, 0, 0, 0, 281, 0, 0, 0, 0, 0, 0, 0, 0, 0, 0, 0, 0, 315, 0, 0, 0, 0, 0, 0, 0, 0, 0, 0, 0, 393], 'packedBins': {'min': 0, 'size': 0.078125, 'count': 64}}",,"{'_type': 'histogram', 'values': [335, 0, 0, 0, 0, 0, 0, 0, 0, 0, 0, 0, 382, 0, 0, 0, 0, 0, 0, 0, 0, 0, 0, 0, 0, 348, 0, 0, 0, 0, 0, 0, 0, 0, 0, 0, 0, 0, 328, 0, 0, 0, 0, 0, 0, 0, 0, 0, 0, 0, 0, 298, 0, 0, 0, 0, 0, 0, 0, 0, 0, 0, 0, 357], 'packedBins': {'min': 0, 'size': 0.078125, 'count': 64}}",,,7805.475328,1.1220703125,"{'_type': 'histogram', 'values': [394, 0, 0, 0, 0, 0, 0, 0, 0, 0, 0, 0, 366, 0, 0, 0, 0, 0, 0, 0, 0, 0, 0, 0, 0, 308, 0, 0, 0, 0, 0, 0, 0, 0, 0, 0, 0, 0, 325, 0, 0, 0, 0, 0, 0, 0, 0, 0, 0, 0, 0, 330, 0, 0, 0, 0, 0, 0, 0, 0, 0, 0, 0, 325], 'packedBins': {'min': 0, 'size': 0.078125, 'count': 64}}",19.60096533104527,0.9989704964090065,0.00014862614441632076,"{'values': [338, 0, 0, 0, 0, 0, 0, 0, 0, 0, 0, 0, 400, 0, 0, 0, 0, 0, 0, 0, 0, 0, 0, 0, 0, 355, 0, 0, 0, 0, 0, 0, 0, 0, 0, 0, 0, 0, 319, 0, 0, 0, 0, 0, 0, 0, 0, 0, 0, 0, 0, 309, 0, 0, 0, 0, 0, 0, 0, 0, 0, 0, 0, 327], 'packedBins': {'size': 0.078125, 'count': 64, 'min': 0}, '_type': 'histogram'}",13899.028909266,,,,,5296.398074653309,,,,0.9953020565764642,0.9489306616596878,,,,70778880.0,,,1.1982421875,0.9979813655919583,0.9980237464576649,,,"{'values': [376, 0, 0, 0, 0, 0, 0, 0, 0, 0, 0, 0, 328, 0, 0, 0, 0, 0, 0, 0, 0, 0, 0, 0, 0, 383, 0, 0, 0, 0, 0, 0, 0, 0, 0, 0, 0, 0, 315, 0, 0, 0, 0, 0, 0, 0, 0, 0, 0, 0, 0, 339, 0, 0, 0, 0, 0, 0, 0, 0, 0, 0, 0, 307], 'packedBins': {'min': 0, 'size': 0.078125, 'count': 64}, '_type': 'histogram'}",,,1.1396484375,12.070369979739189,"{'values': [312, 0, 0, 0, 0, 0, 0, 0, 0, 0, 0, 0, 356, 0, 0, 0, 0, 0, 0, 0, 0, 0, 0, 0, 0, 313, 0, 0, 0, 0, 0, 0, 0, 0, 0, 0, 0, 0, 359, 0, 0, 0, 0, 0, 0, 0, 0, 0, 0, 0, 0, 350, 0, 0, 0, 0, 0, 0, 0, 0, 0, 0, 0, 358], 'packedBins': {'min': 0, 'size': 0.078125, 'count': 64}, '_type': 'histogram'}",1.0517578125,0.9973097253418673
,"{'_type': 'histogram', 'values': [415, 0, 0, 0, 0, 0, 0, 0, 0, 0, 0, 0, 330, 0, 0, 0, 0, 0, 0, 0, 0, 0, 0, 0, 0, 337, 0, 0, 0, 0, 0, 0, 0, 0, 0, 0, 0, 0, 265, 0, 0, 0, 0, 0, 0, 0, 0, 0, 0, 0, 0, 342, 0, 0, 0, 0, 0, 0, 0, 0, 0, 0, 0, 359], 'packedBins': {'min': 0, 'size': 0.078125, 'count': 64}}",0.4207023084163666,0.9955242733605458,1100,1.119140625,2.9764318691566585,,,0.9952707200179904,1.236328125,1.06640625,1.0546875,0.9956486216148718,,"{'values': [317, 0, 0, 0, 0, 0, 0, 0, 0, 0, 0, 0, 272, 0, 0, 0, 0, 0, 0, 0, 0, 0, 0, 0, 0, 365, 0, 0, 0, 0, 0, 0, 0, 0, 0, 0, 0, 0, 395, 0, 0, 0, 0, 0, 0, 0, 0, 0, 0, 0, 0, 373, 0, 0, 0, 0, 0, 0, 0, 0, 0, 0, 0, 326], 'packedBins': {'count': 64, 'min': 0, 'size': 0.078125}, '_type': 'histogram'}",1.2216796875,"{'_type': 'histogram', 'values': [296, 0, 0, 0, 0, 0, 0, 0, 0, 0, 0, 0, 416, 0, 0, 0, 0, 0, 0, 0, 0, 0, 0, 0, 0, 356, 0, 0, 0, 0, 0, 0, 0, 0, 0, 0, 0, 0, 316, 0, 0, 0, 0, 0, 0, 0, 0, 0, 0, 0, 0, 322, 0, 0, 0, 0, 0, 0, 0, 0, 0, 0, 0, 342], 'packedBins': {'min': 0, 'size': 0.078125, 'count': 64}}",,0.9958977173153513,,"{'_type': 'histogram', 'values': [382, 0, 0, 0, 0, 0, 0, 0, 0, 0, 0, 0, 399, 0, 0, 0, 0, 0, 0, 0, 0, 0, 0, 0, 0, 310, 0, 0, 0, 0, 0, 0, 0, 0, 0, 0, 0, 0, 338, 0, 0, 0, 0, 0, 0, 0, 0, 0, 0, 0, 0, 335, 0, 0, 0, 0, 0, 0, 0, 0, 0, 0, 0, 284], 'packedBins': {'size': 0.078125, 'count': 64, 'min': 0}}",1784905611.959908,,,0.9965620390486012,,,,1.107421875,"{'_type': 'histogram', 'values': [309, 0, 0, 0, 0, 0, 0, 0, 0, 0, 0, 0, 332, 0, 0, 0, 0, 0, 0, 0, 0, 0, 0, 0, 0, 321, 0, 0, 0, 0, 0, 0, 0, 0, 0, 0, 0, 0, 417, 0, 0, 0, 0, 0, 0, 0, 0, 0, 0, 0, 0, 291, 0, 0, 0, 0, 0, 0, 0, 0, 0, 0, 0, 378], 'packedBins': {'min': 0, 'size': 0.078125, 'count': 64}}",,11433.672704,,,0.9993185251507822,,1.2158203125,,,0.9986849411882646,"{'values': [323, 0, 0, 0, 0, 0, 0, 0, 0, 0, 0, 0, 300, 0, 0, 0, 0, 0, 0, 0, 0, 0, 0, 0, 0, 359, 0, 0, 0, 0, 0, 0, 0, 0, 0, 0, 0, 0, 352, 0, 0, 0, 0, 0, 0, 0, 0, 0, 0, 0, 0, 364, 0, 0, 0, 0, 0, 0, 0, 0, 0, 0, 0, 350], 'packedBins': {'min': 0, 'size': 0.078125, 'count': 64}, '_type': 'histogram'}",,,,,1.21875,"{'_type': 'histogram', 'values': [361, 0, 0, 0, 0, 0, 0, 0, 0, 0, 0, 0, 342, 0, 0, 0, 0, 0, 0, 0, 0, 0, 0, 0, 0, 422, 0, 0, 0, 0, 0, 0, 0, 0, 0, 0, 0, 0, 312, 0, 0, 0, 0, 0, 0, 0, 0, 0, 0, 0, 0, 329, 0, 0, 0, 0, 0, 0, 0, 0, 0, 0, 0, 282], 'packedBins': {'min': 0, 'size': 0.078125, 'count': 64}}",,"{'_type': 'histogram', 'values': [360, 0, 0, 0, 0, 0, 0, 0, 0, 0, 0, 0, 343, 0, 0, 0, 0, 0, 0, 0, 0, 0, 0, 0, 0, 344, 0, 0, 0, 0, 0, 0, 0, 0, 0, 0, 0, 0, 307, 0, 0, 0, 0, 0, 0, 0, 0, 0, 0, 0, 0, 353, 0, 0, 0, 0, 0, 0, 0, 0, 0, 0, 0, 341], 'packedBins': {'count': 64, 'min': 0, 'size': 0.078125}}",,,7805.475328,1.1220703125,"{'values': [333, 0, 0, 0, 0, 0, 0, 0, 0, 0, 0, 0, 328, 0, 0, 0, 0, 0, 0, 0, 0, 0, 0, 0, 0, 341, 0, 0, 0, 0, 0, 0, 0, 0, 0, 0, 0, 0, 349, 0, 0, 0, 0, 0, 0, 0, 0, 0, 0, 0, 0, 319, 0, 0, 0, 0, 0, 0, 0, 0, 0, 0, 0, 378], 'packedBins': {'count': 64, 'min': 0, 'size': 0.078125}, '_type': 'histogram'}",19.61769311831142,0.9989818068441244,0.00014681839310253916,"{'values': [357, 0, 0, 0, 0, 0, 0, 0, 0, 0, 0, 0, 325, 0, 0, 0, 0, 0, 0, 0, 0, 0, 0, 0, 0, 382, 0, 0, 0, 0, 0, 0, 0, 0, 0, 0, 0, 0, 341, 0, 0, 0, 0, 0, 0, 0, 0, 0, 0, 0, 0, 335, 0, 0, 0, 0, 0, 0, 0, 0, 0, 0, 0, 308], 'packedBins': {'min': 0, 'size': 0.078125, 'count': 64}, '_type': 'histogram'}",14148.297000587,,,,,5272.832870366079,,,,0.9962885261146612,0.9704912820830941,,,,72089600.0,,,1.1689453125,0.9991548565014287,0.9973043362521935,,,"{'values': [383, 0, 0, 0, 0, 0, 0, 0, 0, 0, 0, 0, 335, 0, 0, 0, 0, 0, 0, 0, 0, 0, 0, 0, 0, 335, 0, 0, 0, 0, 0, 0, 0, 0, 0, 0, 0, 0, 278, 0, 0, 0, 0, 0, 0, 0, 0, 0, 0, 0, 0, 367, 0, 0, 0, 0, 0, 0, 0, 0, 0, 0, 0, 350], 'packedBins': {'size': 0.078125, 'count': 64, 'min': 0}, '_type': 'histogram'}",,,1.1572265625,12.06859228760004,"{'values': [324, 0, 0, 0, 0, 0, 0, 0, 0, 0, 0, 0, 314, 0, 0, 0, 0, 0, 0, 0, 0, 0, 0, 0, 0, 326, 0, 0, 0, 0, 0, 0, 0, 0, 0, 0, 0, 0, 363, 0, 0, 0, 0, 0, 0, 0, 0, 0, 0, 0, 0, 355, 0, 0, 0, 0, 0, 0, 0, 0, 0, 0, 0, 366], 'packedBins': {'min': 0, 'size': 0.078125, 'count': 64}, '_type': 'histogram'}",1.072265625,0.9987541344383977
,"{'_type': 'histogram', 'values': [351, 0, 0, 0, 0, 0, 0, 0, 0, 0, 0, 0, 352, 0, 0, 0, 0, 0, 0, 0, 0, 0, 0, 0, 0, 318, 0, 0, 0, 0, 0, 0, 0, 0, 0, 0, 0, 0, 347, 0, 0, 0, 0, 0, 0, 0, 0, 0, 0, 0, 0, 356, 0, 0, 0, 0, 0, 0, 0, 0, 0, 0, 0, 324], 'packedBins': {'count': 64, 'min': 0, 'size': 0.078125}}",0.42164182662963867,0.9961588553026327,1120,1.107421875,2.962601026892662,,,0.9994762059227204,1.2158203125,1.16015625,1.1220703125,0.9986647154689948,,"{'values': [304, 0, 0, 0, 0, 0, 0, 0, 0, 0, 0, 0, 353, 0, 0, 0, 0, 0, 0, 0, 0, 0, 0, 0, 0, 312, 0, 0, 0, 0, 0, 0, 0, 0, 0, 0, 0, 0, 342, 0, 0, 0, 0, 0, 0, 0, 0, 0, 0, 0, 0, 415, 0, 0, 0, 0, 0, 0, 0, 0, 0, 0, 0, 322], 'packedBins': {'count': 64, 'min': 0, 'size': 0.078125}, '_type': 'histogram'}",1.1015625,"{'_type': 'histogram', 'values': [347, 0, 0, 0, 0, 0, 0, 0, 0, 0, 0, 0, 365, 0, 0, 0, 0, 0, 0, 0, 0, 0, 0, 0, 0, 295, 0, 0, 0, 0, 0, 0, 0, 0, 0, 0, 0, 0, 394, 0, 0, 0, 0, 0, 0, 0, 0, 0, 0, 0, 0, 289, 0, 0, 0, 0, 0, 0, 0, 0, 0, 0, 0, 358], 'packedBins': {'min': 0, 'size': 0.078125, 'count': 64}}",,0.9968369491539381,,"{'_type': 'histogram', 'values': [317, 0, 0, 0, 0, 0, 0, 0, 0, 0, 0, 0, 390, 0, 0, 0, 0, 0, 0, 0, 0, 0, 0, 0, 0, 353, 0, 0, 0, 0, 0, 0, 0, 0, 0, 0, 0, 0, 340, 0, 0, 0, 0, 0, 0, 0, 0, 0, 0, 0, 0, 352, 0, 0, 0, 0, 0, 0, 0, 0, 0, 0, 0, 296], 'packedBins': {'min': 0, 'size': 0.078125, 'count': 64}}",1784905861.227629,,,0.9965527245726217,,,,1.1015625,"{'_type': 'histogram', 'values': [321, 0, 0, 0, 0, 0, 0, 0, 0, 0, 0, 0, 344, 0, 0, 0, 0, 0, 0, 0, 0, 0, 0, 0, 0, 352, 0, 0, 0, 0, 0, 0, 0, 0, 0, 0, 0, 0, 303, 0, 0, 0, 0, 0, 0, 0, 0, 0, 0, 0, 0, 376, 0, 0, 0, 0, 0, 0, 0, 0, 0, 0, 0, 352], 'packedBins': {'min': 0, 'size': 0.078125, 'count': 64}}",,11433.672704,,,0.9978029933769514,,1.04296875,,,0.998382021123018,"{'_type': 'histogram', 'values': [323, 0, 0, 0, 0, 0, 0, 0, 0, 0, 0, 0, 303, 0, 0, 0, 0, 0, 0, 0, 0, 0, 0, 0, 0, 340, 0, 0, 0, 0, 0, 0, 0, 0, 0, 0, 0, 0, 396, 0, 0, 0, 0, 0, 0, 0, 0, 0, 0, 0, 0, 328, 0, 0, 0, 0, 0, 0, 0, 0, 0, 0, 0, 358], 'packedBins': {'min': 0, 'size': 0.078125, 'count': 64}}",,,,,1.154296875,"{'_type': 'histogram', 'values': [307, 0, 0, 0, 0, 0, 0, 0, 0, 0, 0, 0, 375, 0, 0, 0, 0, 0, 0, 0, 0, 0, 0, 0, 0, 309, 0, 0, 0, 0, 0, 0, 0, 0, 0, 0, 0, 0, 333, 0, 0, 0, 0, 0, 0, 0, 0, 0, 0, 0, 0, 309, 0, 0, 0, 0, 0, 0, 0, 0, 0, 0, 0, 415], 'packedBins': {'min': 0, 'size': 0.078125, 'count': 64}}",,"{'_type': 'histogram', 'values': [351, 0, 0, 0, 0, 0, 0, 0, 0, 0, 0, 0, 368, 0, 0, 0, 0, 0, 0, 0, 0, 0, 0, 0, 0, 309, 0, 0, 0, 0, 0, 0, 0, 0, 0, 0, 0, 0, 339, 0, 0, 0, 0, 0, 0, 0, 0, 0, 0, 0, 0, 383, 0, 0, 0, 0, 0, 0, 0, 0, 0, 0, 0, 298], 'packedBins': {'min': 0, 'size': 0.078125, 'count': 64}}",,,7805.475328,1.0869140625,"{'_type': 'histogram', 'values': [326, 0, 0, 0, 0, 0, 0, 0, 0, 0, 0, 0, 351, 0, 0, 0, 0, 0, 0, 0, 0, 0, 0, 0, 0, 376, 0, 0, 0, 0, 0, 0, 0, 0, 0, 0, 0, 0, 344, 0, 0, 0, 0, 0, 0, 0, 0, 0, 0, 0, 0, 322, 0, 0, 0, 0, 0, 0, 0, 0, 0, 0, 0, 329], 'packedBins': {'min': 0, 'size': 0.078125, 'count': 64}}",19.348231634325444,0.9972572981484972,0.00014499262115034943,"{'values': [300, 0, 0, 0, 0, 0, 0, 0, 0, 0, 0, 0, 335, 0, 0, 0, 0, 0, 0, 0, 0, 0, 0, 0, 0, 368, 0, 0, 0, 0, 0, 0, 0, 0, 0, 0, 0, 0, 378, 0, 0, 0, 0, 0, 0, 0, 0, 0, 0, 0, 0, 326, 0, 0, 0, 0, 0, 0, 0, 0, 0, 0, 0, 341], 'packedBins': {'count': 64, 'min': 0, 'size': 0.078125}, '_type': 'histogram'}",14395.881911593,,,,,5261.048261436157,,,,0.9978956058809759,0.9577549987938255,,,,73400320.0,,,1.142578125,0.9991870579755291,0.9980359883403808,,,"{'packedBins': {'size': 0.078125, 'count': 64, 'min': 0}, '_type': 'histogram', 'values': [371, 0, 0, 0, 0, 0, 0, 0, 0, 0, 0, 0, 283, 0, 0, 0, 0, 0, 0, 0, 0, 0, 0, 0, 0, 336, 0, 0, 0, 0, 0, 0, 0, 0, 0, 0, 0, 0, 348, 0, 0, 0, 0, 0, 0, 0, 0, 0, 0, 0, 0, 357, 0, 0, 0, 0, 0, 0, 0, 0, 0, 0, 0, 353]}",,,1.2158203125,12.066698926687241,"{'values': [363, 0, 0, 0, 0, 0, 0, 0, 0, 0, 0, 0, 322, 0, 0, 0, 0, 0, 0, 0, 0, 0, 0, 0, 0, 314, 0, 0, 0, 0, 0, 0, 0, 0, 0, 0, 0, 0, 354, 0, 0, 0, 0, 0, 0, 0, 0, 0, 0, 0, 0, 398, 0, 0, 0, 0, 0, 0, 0, 0, 0, 0, 0, 297], 'packedBins': {'min': 0, 'size': 0.078125, 'count': 64}, '_type': 'histogram'}",1.166015625,0.9979377871507686
,"{'_type': 'histogram', 'values': [378, 0, 0, 0, 0, 0, 0, 0, 0, 0, 0, 0, 348, 0, 0, 0, 0, 0, 0, 0, 0, 0, 0, 0, 0, 286, 0, 0, 0, 0, 0, 0, 0, 0, 0, 0, 0, 0, 337, 0, 0, 0, 0, 0, 0, 0, 0, 0, 0, 0, 0, 353, 0, 0, 0, 0, 0, 0, 0, 0, 0, 0, 0, 346], 'packedBins': {'min': 0, 'size': 0.078125, 'count': 64}}",0.43036481738090515,0.9967581752999403,1140,1.1279296875,2.889319765008986,,,0.9980997925008401,1.1689453125,1.1748046875,1.1865234375,0.9978548883145514,,"{'values': [349, 0, 0, 0, 0, 0, 0, 0, 0, 0, 0, 0, 353, 0, 0, 0, 0, 0, 0, 0, 0, 0, 0, 0, 0, 364, 0, 0, 0, 0, 0, 0, 0, 0, 0, 0, 0, 0, 342, 0, 0, 0, 0, 0, 0, 0, 0, 0, 0, 0, 0, 322, 0, 0, 0, 0, 0, 0, 0, 0, 0, 0, 0, 318], 'packedBins': {'count': 64, 'min': 0, 'size': 0.078125}, '_type': 'histogram'}",1.142578125,"{'_type': 'histogram', 'values': [325, 0, 0, 0, 0, 0, 0, 0, 0, 0, 0, 0, 357, 0, 0, 0, 0, 0, 0, 0, 0, 0, 0, 0, 0, 304, 0, 0, 0, 0, 0, 0, 0, 0, 0, 0, 0, 0, 323, 0, 0, 0, 0, 0, 0, 0, 0, 0, 0, 0, 0, 340, 0, 0, 0, 0, 0, 0, 0, 0, 0, 0, 0, 399], 'packedBins': {'min': 0, 'size': 0.078125, 'count': 64}}",,0.9993475996222324,,"{'_type': 'histogram', 'values': [349, 0, 0, 0, 0, 0, 0, 0, 0, 0, 0, 0, 364, 0, 0, 0, 0, 0, 0, 0, 0, 0, 0, 0, 0, 355, 0, 0, 0, 0, 0, 0, 0, 0, 0, 0, 0, 0, 321, 0, 0, 0, 0, 0, 0, 0, 0, 0, 0, 0, 0, 345, 0, 0, 0, 0, 0, 0, 0, 0, 0, 0, 0, 314], 'packedBins': {'size': 0.078125, 'count': 64, 'min': 0}}",1784906108.8129864,,,0.9978214892649678,,,,1.119140625,"{'_type': 'histogram', 'values': [343, 0, 0, 0, 0, 0, 0, 0, 0, 0, 0, 0, 390, 0, 0, 0, 0, 0, 0, 0, 0, 0, 0, 0, 0, 350, 0, 0, 0, 0, 0, 0, 0, 0, 0, 0, 0, 0, 312, 0, 0, 0, 0, 0, 0, 0, 0, 0, 0, 0, 0, 355, 0, 0, 0, 0, 0, 0, 0, 0, 0, 0, 0, 298], 'packedBins': {'min': 0, 'size': 0.078125, 'count': 64}}",,11433.672704,,,0.9973066648711884,,1.107421875,,,0.9985142201499552,"{'packedBins': {'min': 0, 'size': 0.078125, 'count': 64}, '_type': 'histogram', 'values': [316, 0, 0, 0, 0, 0, 0, 0, 0, 0, 0, 0, 401, 0, 0, 0, 0, 0, 0, 0, 0, 0, 0, 0, 0, 329, 0, 0, 0, 0, 0, 0, 0, 0, 0, 0, 0, 0, 340, 0, 0, 0, 0, 0, 0, 0, 0, 0, 0, 0, 0, 350, 0, 0, 0, 0, 0, 0, 0, 0, 0, 0, 0, 312]}",,,,,1.1689453125,"{'values': [375, 0, 0, 0, 0, 0, 0, 0, 0, 0, 0, 0, 309, 0, 0, 0, 0, 0, 0, 0, 0, 0, 0, 0, 0, 350, 0, 0, 0, 0, 0, 0, 0, 0, 0, 0, 0, 0, 399, 0, 0, 0, 0, 0, 0, 0, 0, 0, 0, 0, 0, 295, 0, 0, 0, 0, 0, 0, 0, 0, 0, 0, 0, 320], 'packedBins': {'min': 0, 'size': 0.078125, 'count': 64}, '_type': 'histogram'}",,"{'_type': 'histogram', 'values': [314, 0, 0, 0, 0, 0, 0, 0, 0, 0, 0, 0, 358, 0, 0, 0, 0, 0, 0, 0, 0, 0, 0, 0, 0, 405, 0, 0, 0, 0, 0, 0, 0, 0, 0, 0, 0, 0, 318, 0, 0, 0, 0, 0, 0, 0, 0, 0, 0, 0, 0, 347, 0, 0, 0, 0, 0, 0, 0, 0, 0, 0, 0, 306], 'packedBins': {'min': 0, 'size': 0.078125, 'count': 64}}",,,7805.475328,1.13671875,"{'_type': 'histogram', 'values': [354, 0, 0, 0, 0, 0, 0, 0, 0, 0, 0, 0, 317, 0, 0, 0, 0, 0, 0, 0, 0, 0, 0, 0, 0, 326, 0, 0, 0, 0, 0, 0, 0, 0, 0, 0, 0, 0, 382, 0, 0, 0, 0, 0, 0, 0, 0, 0, 0, 0, 0, 349, 0, 0, 0, 0, 0, 0, 0, 0, 0, 0, 0, 320], 'packedBins': {'min': 0, 'size': 0.078125, 'count': 64}}",17.981074084740325,0.9965853252385498,0.0001431497221776798,"{'values': [342, 0, 0, 0, 0, 0, 0, 0, 0, 0, 0, 0, 340, 0, 0, 0, 0, 0, 0, 0, 0, 0, 0, 0, 0, 385, 0, 0, 0, 0, 0, 0, 0, 0, 0, 0, 0, 0, 344, 0, 0, 0, 0, 0, 0, 0, 0, 0, 0, 0, 0, 299, 0, 0, 0, 0, 0, 0, 0, 0, 0, 0, 0, 338], 'packedBins': {'min': 0, 'size': 0.078125, 'count': 64}, '_type': 'histogram'}",14644.601898095,,,,,5296.796444078236,,,,0.9992221203243947,0.9362826909869909,,,,74711040.0,,,1.06640625,0.9987549993540243,0.9976656713882256,,,"{'values': [388, 0, 0, 0, 0, 0, 0, 0, 0, 0, 0, 0, 332, 0, 0, 0, 0, 0, 0, 0, 0, 0, 0, 0, 0, 295, 0, 0, 0, 0, 0, 0, 0, 0, 0, 0, 0, 0, 342, 0, 0, 0, 0, 0, 0, 0, 0, 0, 0, 0, 0, 372, 0, 0, 0, 0, 0, 0, 0, 0, 0, 0, 0, 319], 'packedBins': {'min': 0, 'size': 0.078125, 'count': 64}, '_type': 'histogram'}",,,1.06640625,12.068815012276172,"{'values': [341, 0, 0, 0, 0, 0, 0, 0, 0, 0, 0, 0, 383, 0, 0, 0, 0, 0, 0, 0, 0, 0, 0, 0, 0, 274, 0, 0, 0, 0, 0, 0, 0, 0, 0, 0, 0, 0, 344, 0, 0, 0, 0, 0, 0, 0, 0, 0, 0, 0, 0, 323, 0, 0, 0, 0, 0, 0, 0, 0, 0, 0, 0, 383], 'packedBins': {'min': 0, 'size': 0.078125, 'count': 64}, '_type': 'histogram'}",1.1220703125,0.9979465693709778
,"{'_type': 'histogram', 'values': [330, 0, 0, 0, 0, 0, 0, 0, 0, 0, 0, 0, 305, 0, 0, 0, 0, 0, 0, 0, 0, 0, 0, 0, 0, 342, 0, 0, 0, 0, 0, 0, 0, 0, 0, 0, 0, 0, 332, 0, 0, 0, 0, 0, 0, 0, 0, 0, 0, 0, 0, 363, 0, 0, 0, 0, 0, 0, 0, 0, 0, 0, 0, 376], 'packedBins': {'min': 0, 'size': 0.078125, 'count': 64}}",0.3986087739467621,0.9989382284029348,1160,1.0693359375,2.899141018278897,,,0.998718340237848,1.1220703125,1.2158203125,1.1015625,0.9987438885148203,,"{'values': [382, 0, 0, 0, 0, 0, 0, 0, 0, 0, 0, 0, 388, 0, 0, 0, 0, 0, 0, 0, 0, 0, 0, 0, 0, 361, 0, 0, 0, 0, 0, 0, 0, 0, 0, 0, 0, 0, 315, 0, 0, 0, 0, 0, 0, 0, 0, 0, 0, 0, 0, 299, 0, 0, 0, 0, 0, 0, 0, 0, 0, 0, 0, 303], 'packedBins': {'count': 64, 'min': 0, 'size': 0.078125}, '_type': 'histogram'}",1.107421875,"{'values': [393, 0, 0, 0, 0, 0, 0, 0, 0, 0, 0, 0, 296, 0, 0, 0, 0, 0, 0, 0, 0, 0, 0, 0, 0, 287, 0, 0, 0, 0, 0, 0, 0, 0, 0, 0, 0, 0, 438, 0, 0, 0, 0, 0, 0, 0, 0, 0, 0, 0, 0, 288, 0, 0, 0, 0, 0, 0, 0, 0, 0, 0, 0, 346], 'packedBins': {'size': 0.078125, 'count': 64, 'min': 0}, '_type': 'histogram'}",,0.9967398124758664,,"{'_type': 'histogram', 'values': [343, 0, 0, 0, 0, 0, 0, 0, 0, 0, 0, 0, 313, 0, 0, 0, 0, 0, 0, 0, 0, 0, 0, 0, 0, 346, 0, 0, 0, 0, 0, 0, 0, 0, 0, 0, 0, 0, 388, 0, 0, 0, 0, 0, 0, 0, 0, 0, 0, 0, 0, 311, 0, 0, 0, 0, 0, 0, 0, 0, 0, 0, 0, 347], 'packedBins': {'count': 64, 'min': 0, 'size': 0.078125}}",1784906357.532971,,,0.9922494366701075,,,,1.154296875,"{'_type': 'histogram', 'values': [343, 0, 0, 0, 0, 0, 0, 0, 0, 0, 0, 0, 337, 0, 0, 0, 0, 0, 0, 0, 0, 0, 0, 0, 0, 352, 0, 0, 0, 0, 0, 0, 0, 0, 0, 0, 0, 0, 378, 0, 0, 0, 0, 0, 0, 0, 0, 0, 0, 0, 0, 301, 0, 0, 0, 0, 0, 0, 0, 0, 0, 0, 0, 337], 'packedBins': {'count': 64, 'min': 0, 'size': 0.078125}}",,11433.672704,,,0.9979492306498291,,1.1015625,,,0.998765045681688,"{'_type': 'histogram', 'values': [358, 0, 0, 0, 0, 0, 0, 0, 0, 0, 0, 0, 311, 0, 0, 0, 0, 0, 0, 0, 0, 0, 0, 0, 0, 287, 0, 0, 0, 0, 0, 0, 0, 0, 0, 0, 0, 0, 415, 0, 0, 0, 0, 0, 0, 0, 0, 0, 0, 0, 0, 351, 0, 0, 0, 0, 0, 0, 0, 0, 0, 0, 0, 326], 'packedBins': {'min': 0, 'size': 0.078125, 'count': 64}}",,,,,1.283203125,"{'values': [383, 0, 0, 0, 0, 0, 0, 0, 0, 0, 0, 0, 346, 0, 0, 0, 0, 0, 0, 0, 0, 0, 0, 0, 0, 328, 0, 0, 0, 0, 0, 0, 0, 0, 0, 0, 0, 0, 337, 0, 0, 0, 0, 0, 0, 0, 0, 0, 0, 0, 0, 314, 0, 0, 0, 0, 0, 0, 0, 0, 0, 0, 0, 340], 'packedBins': {'min': 0, 'size': 0.078125, 'count': 64}, '_type': 'histogram'}",,"{'_type': 'histogram', 'values': [343, 0, 0, 0, 0, 0, 0, 0, 0, 0, 0, 0, 376, 0, 0, 0, 0, 0, 0, 0, 0, 0, 0, 0, 0, 339, 0, 0, 0, 0, 0, 0, 0, 0, 0, 0, 0, 0, 283, 0, 0, 0, 0, 0, 0, 0, 0, 0, 0, 0, 0, 359, 0, 0, 0, 0, 0, 0, 0, 0, 0, 0, 0, 348], 'packedBins': {'count': 64, 'min': 0, 'size': 0.078125}}",,,7805.475328,1.0546875,"{'packedBins': {'min': 0, 'size': 0.078125, 'count': 64}, '_type': 'histogram', 'values': [318, 0, 0, 0, 0, 0, 0, 0, 0, 0, 0, 0, 350, 0, 0, 0, 0, 0, 0, 0, 0, 0, 0, 0, 0, 285, 0, 0, 0, 0, 0, 0, 0, 0, 0, 0, 0, 0, 349, 0, 0, 0, 0, 0, 0, 0, 0, 0, 0, 0, 0, 394, 0, 0, 0, 0, 0, 0, 0, 0, 0, 0, 0, 352]}",18.158540813747575,0.9997463922580963,0.00014129059818522097,"{'values': [303, 0, 0, 0, 0, 0, 0, 0, 0, 0, 0, 0, 361, 0, 0, 0, 0, 0, 0, 0, 0, 0, 0, 0, 0, 327, 0, 0, 0, 0, 0, 0, 0, 0, 0, 0, 0, 0, 365, 0, 0, 0, 0, 0, 0, 0, 0, 0, 0, 0, 0, 332, 0, 0, 0, 0, 0, 0, 0, 0, 0, 0, 0, 360], 'packedBins': {'min': 0, 'size': 0.078125, 'count': 64}, '_type': 'histogram'}",14893.564152391,,,,,5272.58695575456,,,,0.9984369099993256,0.9501470929943026,,,,76021760.0,,,1.13671875,0.9972823141696991,0.9993389504659658,,,"{'_type': 'histogram', 'values': [360, 0, 0, 0, 0, 0, 0, 0, 0, 0, 0, 0, 310, 0, 0, 0, 0, 0, 0, 0, 0, 0, 0, 0, 0, 346, 0, 0, 0, 0, 0, 0, 0, 0, 0, 0, 0, 0, 331, 0, 0, 0, 0, 0, 0, 0, 0, 0, 0, 0, 0, 352, 0, 0, 0, 0, 0, 0, 0, 0, 0, 0, 0, 349], 'packedBins': {'count': 64, 'min': 0, 'size': 0.078125}}",,,1.13671875,12.068971525132657,"{'values': [352, 0, 0, 0, 0, 0, 0, 0, 0, 0, 0, 0, 336, 0, 0, 0, 0, 0, 0, 0, 0, 0, 0, 0, 0, 335, 0, 0, 0, 0, 0, 0, 0, 0, 0, 0, 0, 0, 326, 0, 0, 0, 0, 0, 0, 0, 0, 0, 0, 0, 0, 356, 0, 0, 0, 0, 0, 0, 0, 0, 0, 0, 0, 343], 'packedBins': {'min': 0, 'size': 0.078125, 'count': 64}, '_type': 'histogram'}",1.04296875,0.9961080248765734
,"{'values': [357, 0, 0, 0, 0, 0, 0, 0, 0, 0, 0, 0, 323, 0, 0, 0, 0, 0, 0, 0, 0, 0, 0, 0, 0, 307, 0, 0, 0, 0, 0, 0, 0, 0, 0, 0, 0, 0, 320, 0, 0, 0, 0, 0, 0, 0, 0, 0, 0, 0, 0, 430, 0, 0, 0, 0, 0, 0, 0, 0, 0, 0, 0, 311], 'packedBins': {'size': 0.078125, 'count': 64, 'min': 0}, '_type': 'histogram'}",0.410959929227829,0.9965855248344637,1180,1.1220703125,2.8728866359218954,,,0.9958182116096693,1.1806640625,1.08984375,1.1044921875,0.9974693355409726,,"{'values': [366, 0, 0, 0, 0, 0, 0, 0, 0, 0, 0, 0, 276, 0, 0, 0, 0, 0, 0, 0, 0, 0, 0, 0, 0, 376, 0, 0, 0, 0, 0, 0, 0, 0, 0, 0, 0, 0, 328, 0, 0, 0, 0, 0, 0, 0, 0, 0, 0, 0, 0, 360, 0, 0, 0, 0, 0, 0, 0, 0, 0, 0, 0, 342], 'packedBins': {'count': 64, 'min': 0, 'size': 0.078125}, '_type': 'histogram'}",1.166015625,"{'_type': 'histogram', 'values': [326, 0, 0, 0, 0, 0, 0, 0, 0, 0, 0, 0, 461, 0, 0, 0, 0, 0, 0, 0, 0, 0, 0, 0, 0, 361, 0, 0, 0, 0, 0, 0, 0, 0, 0, 0, 0, 0, 233, 0, 0, 0, 0, 0, 0, 0, 0, 0, 0, 0, 0, 345, 0, 0, 0, 0, 0, 0, 0, 0, 0, 0, 0, 322], 'packedBins': {'size': 0.078125, 'count': 64, 'min': 0}}",,0.9972653485170223,,"{'_type': 'histogram', 'values': [370, 0, 0, 0, 0, 0, 0, 0, 0, 0, 0, 0, 377, 0, 0, 0, 0, 0, 0, 0, 0, 0, 0, 0, 0, 297, 0, 0, 0, 0, 0, 0, 0, 0, 0, 0, 0, 0, 319, 0, 0, 0, 0, 0, 0, 0, 0, 0, 0, 0, 0, 364, 0, 0, 0, 0, 0, 0, 0, 0, 0, 0, 0, 321], 'packedBins': {'size': 0.078125, 'count': 64, 'min': 0}}",1784906606.4953582,,,0.9891718672745198,,,,1.0341796875,"{'_type': 'histogram', 'values': [328, 0, 0, 0, 0, 0, 0, 0, 0, 0, 0, 0, 326, 0, 0, 0, 0, 0, 0, 0, 0, 0, 0, 0, 0, 362, 0, 0, 0, 0, 0, 0, 0, 0, 0, 0, 0, 0, 398, 0, 0, 0, 0, 0, 0, 0, 0, 0, 0, 0, 0, 293, 0, 0, 0, 0, 0, 0, 0, 0, 0, 0, 0, 341], 'packedBins': {'min': 0, 'size': 0.078125, 'count': 64}}",,11433.672704,,,0.99818541914788,,1.259765625,,,0.9982480922648275,"{'_type': 'histogram', 'values': [351, 0, 0, 0, 0, 0, 0, 0, 0, 0, 0, 0, 298, 0, 0, 0, 0, 0, 0, 0, 0, 0, 0, 0, 0, 372, 0, 0, 0, 0, 0, 0, 0, 0, 0, 0, 0, 0, 349, 0, 0, 0, 0, 0, 0, 0, 0, 0, 0, 0, 0, 314, 0, 0, 0, 0, 0, 0, 0, 0, 0, 0, 0, 364], 'packedBins': {'min': 0, 'size': 0.078125, 'count': 64}}",,,,,1.3505859375,"{'_type': 'histogram', 'values': [377, 0, 0, 0, 0, 0, 0, 0, 0, 0, 0, 0, 305, 0, 0, 0, 0, 0, 0, 0, 0, 0, 0, 0, 0, 403, 0, 0, 0, 0, 0, 0, 0, 0, 0, 0, 0, 0, 295, 0, 0, 0, 0, 0, 0, 0, 0, 0, 0, 0, 0, 335, 0, 0, 0, 0, 0, 0, 0, 0, 0, 0, 0, 333], 'packedBins': {'min': 0, 'size': 0.078125, 'count': 64}}",,"{'packedBins': {'min': 0, 'size': 0.078125, 'count': 64}, '_type': 'histogram', 'values': [377, 0, 0, 0, 0, 0, 0, 0, 0, 0, 0, 0, 359, 0, 0, 0, 0, 0, 0, 0, 0, 0, 0, 0, 0, 355, 0, 0, 0, 0, 0, 0, 0, 0, 0, 0, 0, 0, 316, 0, 0, 0, 0, 0, 0, 0, 0, 0, 0, 0, 0, 296, 0, 0, 0, 0, 0, 0, 0, 0, 0, 0, 0, 345]}",,,7805.475328,1.18359375,"{'_type': 'histogram', 'values': [336, 0, 0, 0, 0, 0, 0, 0, 0, 0, 0, 0, 340, 0, 0, 0, 0, 0, 0, 0, 0, 0, 0, 0, 0, 353, 0, 0, 0, 0, 0, 0, 0, 0, 0, 0, 0, 0, 325, 0, 0, 0, 0, 0, 0, 0, 0, 0, 0, 0, 0, 347, 0, 0, 0, 0, 0, 0, 0, 0, 0, 0, 0, 347], 'packedBins': {'min': 0, 'size': 0.078125, 'count': 64}}",17.688003402583405,0.9945600920327283,0.0001394161591149449,"{'values': [317, 0, 0, 0, 0, 0, 0, 0, 0, 0, 0, 0, 348, 0, 0, 0, 0, 0, 0, 0, 0, 0, 0, 0, 0, 366, 0, 0, 0, 0, 0, 0, 0, 0, 0, 0, 0, 0, 306, 0, 0, 0, 0, 0, 0, 0, 0, 0, 0, 0, 0, 383, 0, 0, 0, 0, 0, 0, 0, 0, 0, 0, 0, 328], 'packedBins': {'min': 0, 'size': 0.078125, 'count': 64}, '_type': 'histogram'}",15140.875694488,,,,,5267.441214918966,,,,0.9977960740519382,0.955874681752175,,,,77332480.0,,,1.1044921875,0.9998004162187771,0.996527309359592,,,"{'values': [404, 0, 0, 0, 0, 0, 0, 0, 0, 0, 0, 0, 383, 0, 0, 0, 0, 0, 0, 0, 0, 0, 0, 0, 0, 310, 0, 0, 0, 0, 0, 0, 0, 0, 0, 0, 0, 0, 315, 0, 0, 0, 0, 0, 0, 0, 0, 0, 0, 0, 0, 333, 0, 0, 0, 0, 0, 0, 0, 0, 0, 0, 0, 303], 'packedBins': {'size': 0.078125, 'count': 64, 'min': 0}, '_type': 'histogram'}",,,1.1015625,12.07167607843876,"{'packedBins': {'count': 64, 'min': 0, 'size': 0.078125}, '_type': 'histogram', 'values': [354, 0, 0, 0, 0, 0, 0, 0, 0, 0, 0, 0, 267, 0, 0, 0, 0, 0, 0, 0, 0, 0, 0, 0, 0, 399, 0, 0, 0, 0, 0, 0, 0, 0, 0, 0, 0, 0, 394, 0, 0, 0, 0, 0, 0, 0, 0, 0, 0, 0, 0, 302, 0, 0, 0, 0, 0, 0, 0, 0, 0, 0, 0, 332]}",1.1689453125,0.9982844187211474
,"{'_type': 'histogram', 'values': [356, 0, 0, 0, 0, 0, 0, 0, 0, 0, 0, 0, 327, 0, 0, 0, 0, 0, 0, 0, 0, 0, 0, 0, 0, 341, 0, 0, 0, 0, 0, 0, 0, 0, 0, 0, 0, 0, 355, 0, 0, 0, 0, 0, 0, 0, 0, 0, 0, 0, 0, 332, 0, 0, 0, 0, 0, 0, 0, 0, 0, 0, 0, 337], 'packedBins': {'count': 64, 'min': 0, 'size': 0.078125}}",0.415553480386734,0.9957370426047054,1200,1.171875,2.9189450196921825,,,0.999715920615249,1.1953125,1.11328125,1.107421875,0.9984154867045728,,"{'values': [328, 0, 0, 0, 0, 0, 0, 0, 0, 0, 0, 0, 377, 0, 0, 0, 0, 0, 0, 0, 0, 0, 0, 0, 0, 326, 0, 0, 0, 0, 0, 0, 0, 0, 0, 0, 0, 0, 351, 0, 0, 0, 0, 0, 0, 0, 0, 0, 0, 0, 0, 281, 0, 0, 0, 0, 0, 0, 0, 0, 0, 0, 0, 385], 'packedBins': {'count': 64, 'min': 0, 'size': 0.078125}, '_type': 'histogram'}",1.13671875,"{'_type': 'histogram', 'values': [297, 0, 0, 0, 0, 0, 0, 0, 0, 0, 0, 0, 324, 0, 0, 0, 0, 0, 0, 0, 0, 0, 0, 0, 0, 397, 0, 0, 0, 0, 0, 0, 0, 0, 0, 0, 0, 0, 314, 0, 0, 0, 0, 0, 0, 0, 0, 0, 0, 0, 0, 327, 0, 0, 0, 0, 0, 0, 0, 0, 0, 0, 0, 389], 'packedBins': {'min': 0, 'size': 0.078125, 'count': 64}}",,0.9970270309958905,,"{'_type': 'histogram', 'values': [356, 0, 0, 0, 0, 0, 0, 0, 0, 0, 0, 0, 358, 0, 0, 0, 0, 0, 0, 0, 0, 0, 0, 0, 0, 286, 0, 0, 0, 0, 0, 0, 0, 0, 0, 0, 0, 0, 370, 0, 0, 0, 0, 0, 0, 0, 0, 0, 0, 0, 0, 311, 0, 0, 0, 0, 0, 0, 0, 0, 0, 0, 0, 367], 'packedBins': {'size': 0.078125, 'count': 64, 'min': 0}}",1784906853.806892,,,0.9966250448254051,,,,1.13671875,"{'packedBins': {'min': 0, 'size': 0.078125, 'count': 64}, '_type': 'histogram', 'values': [338, 0, 0, 0, 0, 0, 0, 0, 0, 0, 0, 0, 343, 0, 0, 0, 0, 0, 0, 0, 0, 0, 0, 0, 0, 354, 0, 0, 0, 0, 0, 0, 0, 0, 0, 0, 0, 0, 312, 0, 0, 0, 0, 0, 0, 0, 0, 0, 0, 0, 0, 313, 0, 0, 0, 0, 0, 0, 0, 0, 0, 0, 0, 388]}",,11433.672704,,,0.9985054379297459,,1.04296875,,,0.9973893641114918,"{'values': [380, 0, 0, 0, 0, 0, 0, 0, 0, 0, 0, 0, 342, 0, 0, 0, 0, 0, 0, 0, 0, 0, 0, 0, 0, 321, 0, 0, 0, 0, 0, 0, 0, 0, 0, 0, 0, 0, 315, 0, 0, 0, 0, 0, 0, 0, 0, 0, 0, 0, 0, 338, 0, 0, 0, 0, 0, 0, 0, 0, 0, 0, 0, 352], 'packedBins': {'count': 64, 'min': 0, 'size': 0.078125}, '_type': 'histogram'}",,,,,1.1630859375,"{'_type': 'histogram', 'values': [332, 0, 0, 0, 0, 0, 0, 0, 0, 0, 0, 0, 408, 0, 0, 0, 0, 0, 0, 0, 0, 0, 0, 0, 0, 310, 0, 0, 0, 0, 0, 0, 0, 0, 0, 0, 0, 0, 355, 0, 0, 0, 0, 0, 0, 0, 0, 0, 0, 0, 0, 367, 0, 0, 0, 0, 0, 0, 0, 0, 0, 0, 0, 276], 'packedBins': {'size': 0.078125, 'count': 64, 'min': 0}}",,"{'_type': 'histogram', 'values': [353, 0, 0, 0, 0, 0, 0, 0, 0, 0, 0, 0, 316, 0, 0, 0, 0, 0, 0, 0, 0, 0, 0, 0, 0, 351, 0, 0, 0, 0, 0, 0, 0, 0, 0, 0, 0, 0, 347, 0, 0, 0, 0, 0, 0, 0, 0, 0, 0, 0, 0, 378, 0, 0, 0, 0, 0, 0, 0, 0, 0, 0, 0, 303], 'packedBins': {'min': 0, 'size': 0.078125, 'count': 64}}",,,7805.475328,1.0751953125,"{'_type': 'histogram', 'values': [388, 0, 0, 0, 0, 0, 0, 0, 0, 0, 0, 0, 354, 0, 0, 0, 0, 0, 0, 0, 0, 0, 0, 0, 0, 346, 0, 0, 0, 0, 0, 0, 0, 0, 0, 0, 0, 0, 317, 0, 0, 0, 0, 0, 0, 0, 0, 0, 0, 0, 0, 288, 0, 0, 0, 0, 0, 0, 0, 0, 0, 0, 0, 355], 'packedBins': {'min': 0, 'size': 0.078125, 'count': 64}}",18.521737081040797,0.9995467963442505,0.00013752732240473675,"{'values': [318, 0, 0, 0, 0, 0, 0, 0, 0, 0, 0, 0, 400, 0, 0, 0, 0, 0, 0, 0, 0, 0, 0, 0, 0, 369, 0, 0, 0, 0, 0, 0, 0, 0, 0, 0, 0, 0, 340, 0, 0, 0, 0, 0, 0, 0, 0, 0, 0, 0, 0, 308, 0, 0, 0, 0, 0, 0, 0, 0, 0, 0, 0, 313], 'packedBins': {'min': 0, 'size': 0.078125, 'count': 64}, '_type': 'histogram'}",15387.570438666,,,,,5302.6416128652045,,,,0.9975574904029212,0.951960546290502,,,,78643200.0,,,1.083984375,0.9975803774010422,0.9980536193127705,,,"{'_type': 'histogram', 'values': [367, 0, 0, 0, 0, 0, 0, 0, 0, 0, 0, 0, 359, 0, 0, 0, 0, 0, 0, 0, 0, 0, 0, 0, 0, 362, 0, 0, 0, 0, 0, 0, 0, 0, 0, 0, 0, 0, 330, 0, 0, 0, 0, 0, 0, 0, 0, 0, 0, 0, 0, 345, 0, 0, 0, 0, 0, 0, 0, 0, 0, 0, 0, 285], 'packedBins': {'min': 0, 'size': 0.078125, 'count': 64}}",,,1.1279296875,12.071761551499367,"{'values': [327, 0, 0, 0, 0, 0, 0, 0, 0, 0, 0, 0, 359, 0, 0, 0, 0, 0, 0, 0, 0, 0, 0, 0, 0, 321, 0, 0, 0, 0, 0, 0, 0, 0, 0, 0, 0, 0, 339, 0, 0, 0, 0, 0, 0, 0, 0, 0, 0, 0, 0, 353, 0, 0, 0, 0, 0, 0, 0, 0, 0, 0, 0, 349], 'packedBins': {'min': 0, 'size': 0.078125, 'count': 64}, '_type': 'histogram'}",1.0517578125,0.9989223272617984
,"{'_type': 'histogram', 'values': [372, 0, 0, 0, 0, 0, 0, 0, 0, 0, 0, 0, 345, 0, 0, 0, 0, 0, 0, 0, 0, 0, 0, 0, 0, 341, 0, 0, 0, 0, 0, 0, 0, 0, 0, 0, 0, 0, 306, 0, 0, 0, 0, 0, 0, 0, 0, 0, 0, 0, 0, 371, 0, 0, 0, 0, 0, 0, 0, 0, 0, 0, 0, 313], 'packedBins': {'count': 64, 'min': 0, 'size': 0.078125}}",0.42229169607162476,0.9987689710679936,1220,1.0986328125,2.94470228087157,,,0.9984421660250569,1.0869140625,1.1015625,1.1044921875,0.997394354009338,,"{'values': [335, 0, 0, 0, 0, 0, 0, 0, 0, 0, 0, 0, 320, 0, 0, 0, 0, 0, 0, 0, 0, 0, 0, 0, 0, 361, 0, 0, 0, 0, 0, 0, 0, 0, 0, 0, 0, 0, 354, 0, 0, 0, 0, 0, 0, 0, 0, 0, 0, 0, 0, 314, 0, 0, 0, 0, 0, 0, 0, 0, 0, 0, 0, 364], 'packedBins': {'count': 64, 'min': 0, 'size': 0.078125}, '_type': 'histogram'}",1.11328125,"{'_type': 'histogram', 'values': [360, 0, 0, 0, 0, 0, 0, 0, 0, 0, 0, 0, 376, 0, 0, 0, 0, 0, 0, 0, 0, 0, 0, 0, 0, 308, 0, 0, 0, 0, 0, 0, 0, 0, 0, 0, 0, 0, 332, 0, 0, 0, 0, 0, 0, 0, 0, 0, 0, 0, 0, 341, 0, 0, 0, 0, 0, 0, 0, 0, 0, 0, 0, 331], 'packedBins': {'min': 0, 'size': 0.078125, 'count': 64}}",,0.9990762822433448,,"{'_type': 'histogram', 'values': [321, 0, 0, 0, 0, 0, 0, 0, 0, 0, 0, 0, 329, 0, 0, 0, 0, 0, 0, 0, 0, 0, 0, 0, 0, 390, 0, 0, 0, 0, 0, 0, 0, 0, 0, 0, 0, 0, 335, 0, 0, 0, 0, 0, 0, 0, 0, 0, 0, 0, 0, 340, 0, 0, 0, 0, 0, 0, 0, 0, 0, 0, 0, 333], 'packedBins': {'size': 0.078125, 'count': 64, 'min': 0}}",1784907100.5016422,,,0.9988621158277883,,,,1.0458984375,"{'_type': 'histogram', 'values': [344, 0, 0, 0, 0, 0, 0, 0, 0, 0, 0, 0, 373, 0, 0, 0, 0, 0, 0, 0, 0, 0, 0, 0, 0, 353, 0, 0, 0, 0, 0, 0, 0, 0, 0, 0, 0, 0, 380, 0, 0, 0, 0, 0, 0, 0, 0, 0, 0, 0, 0, 289, 0, 0, 0, 0, 0, 0, 0, 0, 0, 0, 0, 309], 'packedBins': {'size': 0.078125, 'count': 64, 'min': 0}}",,11433.672704,,,0.9975075914244598,,1.08984375,,,0.9984596639335039,"{'_type': 'histogram', 'values': [333, 0, 0, 0, 0, 0, 0, 0, 0, 0, 0, 0, 370, 0, 0, 0, 0, 0, 0, 0, 0, 0, 0, 0, 0, 376, 0, 0, 0, 0, 0, 0, 0, 0, 0, 0, 0, 0, 290, 0, 0, 0, 0, 0, 0, 0, 0, 0, 0, 0, 0, 326, 0, 0, 0, 0, 0, 0, 0, 0, 0, 0, 0, 353], 'packedBins': {'min': 0, 'size': 0.078125, 'count': 64}}",,,,,1.1015625,"{'packedBins': {'min': 0, 'size': 0.078125, 'count': 64}, '_type': 'histogram', 'values': [319, 0, 0, 0, 0, 0, 0, 0, 0, 0, 0, 0, 371, 0, 0, 0, 0, 0, 0, 0, 0, 0, 0, 0, 0, 310, 0, 0, 0, 0, 0, 0, 0, 0, 0, 0, 0, 0, 367, 0, 0, 0, 0, 0, 0, 0, 0, 0, 0, 0, 0, 346, 0, 0, 0, 0, 0, 0, 0, 0, 0, 0, 0, 335]}",,"{'_type': 'histogram', 'values': [359, 0, 0, 0, 0, 0, 0, 0, 0, 0, 0, 0, 377, 0, 0, 0, 0, 0, 0, 0, 0, 0, 0, 0, 0, 314, 0, 0, 0, 0, 0, 0, 0, 0, 0, 0, 0, 0, 291, 0, 0, 0, 0, 0, 0, 0, 0, 0, 0, 0, 0, 376, 0, 0, 0, 0, 0, 0, 0, 0, 0, 0, 0, 331], 'packedBins': {'min': 0, 'size': 0.078125, 'count': 64}}",,,7805.475328,1.1220703125,"{'packedBins': {'count': 64, 'min': 0, 'size': 0.078125}, '_type': 'histogram', 'values': [310, 0, 0, 0, 0, 0, 0, 0, 0, 0, 0, 0, 356, 0, 0, 0, 0, 0, 0, 0, 0, 0, 0, 0, 0, 349, 0, 0, 0, 0, 0, 0, 0, 0, 0, 0, 0, 0, 357, 0, 0, 0, 0, 0, 0, 0, 0, 0, 0, 0, 0, 337, 0, 0, 0, 0, 0, 0, 0, 0, 0, 0, 0, 339]}",19.005003391069256,0.9970915670080339,0.0001356250125393581,"{'_type': 'histogram', 'values': [361, 0, 0, 0, 0, 0, 0, 0, 0, 0, 0, 0, 375, 0, 0, 0, 0, 0, 0, 0, 0, 0, 0, 0, 0, 300, 0, 0, 0, 0, 0, 0, 0, 0, 0, 0, 0, 0, 354, 0, 0, 0, 0, 0, 0, 0, 0, 0, 0, 0, 0, 321, 0, 0, 0, 0, 0, 0, 0, 0, 0, 0, 0, 337], 'packedBins': {'min': 0, 'size': 0.078125, 'count': 64}}",15634.510385173,,,,,5315.900250510806,,,,0.9988218639851627,0.9660859818104655,,,,79953920.0,,,1.142578125,0.9993813313316723,0.9976943466678481,,,"{'_type': 'histogram', 'values': [340, 0, 0, 0, 0, 0, 0, 0, 0, 0, 0, 0, 336, 0, 0, 0, 0, 0, 0, 0, 0, 0, 0, 0, 0, 383, 0, 0, 0, 0, 0, 0, 0, 0, 0, 0, 0, 0, 349, 0, 0, 0, 0, 0, 0, 0, 0, 0, 0, 0, 0, 358, 0, 0, 0, 0, 0, 0, 0, 0, 0, 0, 0, 282], 'packedBins': {'min': 0, 'size': 0.078125, 'count': 64}}",,,1.06640625,12.068108637630939,"{'packedBins': {'min': 0, 'size': 0.078125, 'count': 64}, '_type': 'histogram', 'values': [363, 0, 0, 0, 0, 0, 0, 0, 0, 0, 0, 0, 370, 0, 0, 0, 0, 0, 0, 0, 0, 0, 0, 0, 0, 269, 0, 0, 0, 0, 0, 0, 0, 0, 0, 0, 0, 0, 347, 0, 0, 0, 0, 0, 0, 0, 0, 0, 0, 0, 0, 339, 0, 0, 0, 0, 0, 0, 0, 0, 0, 0, 0, 360]}",1.083984375,0.9979305351658989
,"{'_type': 'histogram', 'values': [272, 0, 0, 0, 0, 0, 0, 0, 0, 0, 0, 0, 368, 0, 0, 0, 0, 0, 0, 0, 0, 0, 0, 0, 0, 388, 0, 0, 0, 0, 0, 0, 0, 0, 0, 0, 0, 0, 361, 0, 0, 0, 0, 0, 0, 0, 0, 0, 0, 0, 0, 302, 0, 0, 0, 0, 0, 0, 0, 0, 0, 0, 0, 357], 'packedBins': {'count': 64, 'min': 0, 'size': 0.078125}}",0.4155404269695282,0.9939340261829654,1240,1.0869140625,2.9129211373627184,,,0.9959362393267235,1.212890625,1.16015625,1.1337890625,0.9995772679870976,,"{'values': [337, 0, 0, 0, 0, 0, 0, 0, 0, 0, 0, 0, 264, 0, 0, 0, 0, 0, 0, 0, 0, 0, 0, 0, 0, 397, 0, 0, 0, 0, 0, 0, 0, 0, 0, 0, 0, 0, 357, 0, 0, 0, 0, 0, 0, 0, 0, 0, 0, 0, 0, 372, 0, 0, 0, 0, 0, 0, 0, 0, 0, 0, 0, 321], 'packedBins': {'count': 64, 'min': 0, 'size': 0.078125}, '_type': 'histogram'}",1.0400390625,"{'_type': 'histogram', 'values': [399, 0, 0, 0, 0, 0, 0, 0, 0, 0, 0, 0, 283, 0, 0, 0, 0, 0, 0, 0, 0, 0, 0, 0, 0, 306, 0, 0, 0, 0, 0, 0, 0, 0, 0, 0, 0, 0, 365, 0, 0, 0, 0, 0, 0, 0, 0, 0, 0, 0, 0, 365, 0, 0, 0, 0, 0, 0, 0, 0, 0, 0, 0, 330], 'packedBins': {'min': 0, 'size': 0.078125, 'count': 64}}",,0.9955967932092431,,"{'_type': 'histogram', 'values': [304, 0, 0, 0, 0, 0, 0, 0, 0, 0, 0, 0, 404, 0, 0, 0, 0, 0, 0, 0, 0, 0, 0, 0, 0, 306, 0, 0, 0, 0, 0, 0, 0, 0, 0, 0, 0, 0, 378, 0, 0, 0, 0, 0, 0, 0, 0, 0, 0, 0, 0, 287, 0, 0, 0, 0, 0, 0, 0, 0, 0, 0, 0, 369], 'packedBins': {'size': 0.078125, 'count': 64, 'min': 0}}",1784907347.4415324,,,0.9962928506927945,,,,1.1513671875,"{'_type': 'histogram', 'values': [355, 0, 0, 0, 0, 0, 0, 0, 0, 0, 0, 0, 345, 0, 0, 0, 0, 0, 0, 0, 0, 0, 0, 0, 0, 314, 0, 0, 0, 0, 0, 0, 0, 0, 0, 0, 0, 0, 339, 0, 0, 0, 0, 0, 0, 0, 0, 0, 0, 0, 0, 350, 0, 0, 0, 0, 0, 0, 0, 0, 0, 0, 0, 345], 'packedBins': {'min': 0, 'size': 0.078125, 'count': 64}}",,11433.672704,,,0.9963508665717523,,1.13671875,,,0.998150755990842,"{'_type': 'histogram', 'values': [241, 0, 0, 0, 0, 0, 0, 0, 0, 0, 0, 0, 334, 0, 0, 0, 0, 0, 0, 0, 0, 0, 0, 0, 0, 373, 0, 0, 0, 0, 0, 0, 0, 0, 0, 0, 0, 0, 396, 0, 0, 0, 0, 0, 0, 0, 0, 0, 0, 0, 0, 338, 0, 0, 0, 0, 0, 0, 0, 0, 0, 0, 0, 366], 'packedBins': {'min': 0, 'size': 0.078125, 'count': 64}}",,,,,1.1689453125,"{'_type': 'histogram', 'values': [285, 0, 0, 0, 0, 0, 0, 0, 0, 0, 0, 0, 344, 0, 0, 0, 0, 0, 0, 0, 0, 0, 0, 0, 0, 334, 0, 0, 0, 0, 0, 0, 0, 0, 0, 0, 0, 0, 414, 0, 0, 0, 0, 0, 0, 0, 0, 0, 0, 0, 0, 278, 0, 0, 0, 0, 0, 0, 0, 0, 0, 0, 0, 393], 'packedBins': {'min': 0, 'size': 0.078125, 'count': 64}}",,"{'_type': 'histogram', 'values': [365, 0, 0, 0, 0, 0, 0, 0, 0, 0, 0, 0, 288, 0, 0, 0, 0, 0, 0, 0, 0, 0, 0, 0, 0, 387, 0, 0, 0, 0, 0, 0, 0, 0, 0, 0, 0, 0, 378, 0, 0, 0, 0, 0, 0, 0, 0, 0, 0, 0, 0, 335, 0, 0, 0, 0, 0, 0, 0, 0, 0, 0, 0, 295], 'packedBins': {'min': 0, 'size': 0.078125, 'count': 64}}",,,7805.475328,1.1953125,"{'_type': 'histogram', 'values': [286, 0, 0, 0, 0, 0, 0, 0, 0, 0, 0, 0, 360, 0, 0, 0, 0, 0, 0, 0, 0, 0, 0, 0, 0, 357, 0, 0, 0, 0, 0, 0, 0, 0, 0, 0, 0, 0, 299, 0, 0, 0, 0, 0, 0, 0, 0, 0, 0, 0, 0, 393, 0, 0, 0, 0, 0, 0, 0, 0, 0, 0, 0, 353], 'packedBins': {'min': 0, 'size': 0.078125, 'count': 64}}",18.41049969316878,0.9962184679489013,0.00013371016059796076,"{'values': [361, 0, 0, 0, 0, 0, 0, 0, 0, 0, 0, 0, 298, 0, 0, 0, 0, 0, 0, 0, 0, 0, 0, 0, 0, 352, 0, 0, 0, 0, 0, 0, 0, 0, 0, 0, 0, 0, 309, 0, 0, 0, 0, 0, 0, 0, 0, 0, 0, 0, 0, 357, 0, 0, 0, 0, 0, 0, 0, 0, 0, 0, 0, 371], 'packedBins': {'min': 0, 'size': 0.078125, 'count': 64}, '_type': 'histogram'}",15765.818629111,,,,,5310.638952996003,,,,0.9953633990539862,0.9467218383681029,,,,81264640.0,,,1.18359375,0.9966563813838789,0.9931499469014081,,,"{'values': [271, 0, 0, 0, 0, 0, 0, 0, 0, 0, 0, 0, 384, 0, 0, 0, 0, 0, 0, 0, 0, 0, 0, 0, 0, 350, 0, 0, 0, 0, 0, 0, 0, 0, 0, 0, 0, 0, 364, 0, 0, 0, 0, 0, 0, 0, 0, 0, 0, 0, 0, 271, 0, 0, 0, 0, 0, 0, 0, 0, 0, 0, 0, 408], 'packedBins': {'min': 0, 'size': 0.078125, 'count': 64}, '_type': 'histogram'}",,,1.1630859375,12.067550453543664,"{'values': [359, 0, 0, 0, 0, 0, 0, 0, 0, 0, 0, 0, 344, 0, 0, 0, 0, 0, 0, 0, 0, 0, 0, 0, 0, 358, 0, 0, 0, 0, 0, 0, 0, 0, 0, 0, 0, 0, 367, 0, 0, 0, 0, 0, 0, 0, 0, 0, 0, 0, 0, 363, 0, 0, 0, 0, 0, 0, 0, 0, 0, 0, 0, 257], 'packedBins': {'min': 0, 'size': 0.078125, 'count': 64}, '_type': 'histogram'}",1.0751953125,0.9937313697984408
"{'packedBins': {'min': 0, 'size': 0.078125, 'count': 64}, '_type': 'histogram', 'values': [15303, 0, 0, 0, 0, 0, 0, 0, 0, 0, 0, 0, 16150, 0, 0, 0, 0, 0, 0, 0, 0, 0, 0, 0, 0, 15859, 0, 0, 0, 0, 0, 0, 0, 0, 0, 0, 0, 0, 20414, 0, 0, 0, 0, 0, 0, 0, 0, 0, 0, 0, 0, 17398, 0, 0, 0, 0, 0, 0, 0, 0, 0, 0, 0, 17276]}",,,,1250,,,0.9965374222192268,1.196132779121399,,,,,,1.0788280963897705,,,,"{'_type': 'histogram', 'values': [17331, 0, 0, 0, 0, 0, 0, 0, 0, 0, 0, 0, 16175, 0, 0, 0, 0, 0, 0, 0, 0, 0, 0, 0, 0, 15024, 0, 0, 0, 0, 0, 0, 0, 0, 0, 0, 0, 0, 18249, 0, 0, 0, 0, 0, 0, 0, 0, 0, 0, 0, 0, 17552, 0, 0, 0, 0, 0, 0, 0, 0, 0, 0, 0, 18069], 'packedBins': {'count': 64, 'min': 0, 'size': 0.078125}}",,0.9991774108396932,,1784907478.7497551,1.1164451837539673,"{'_type': 'histogram', 'values': [16918, 0, 0, 0, 0, 0, 0, 0, 0, 0, 0, 0, 18086, 0, 0, 0, 0, 0, 0, 0, 0, 0, 0, 0, 0, 16935, 0, 0, 0, 0, 0, 0, 0, 0, 0, 0, 0, 0, 16486, 0, 0, 0, 0, 0, 0, 0, 0, 0, 0, 0, 0, 17302, 0, 0, 0, 0, 0, 0, 0, 0, 0, 0, 0, 16673], 'packedBins': {'size': 0.078125, 'count': 64, 'min': 0}}",,1.0417382717132568,1.6118045518880846,42.80456637016512,,,"{'values': [16440, 0, 0, 0, 0, 0, 0, 0, 0, 0, 0, 0, 21500, 0, 0, 0, 0, 0, 0, 0, 0, 0, 0, 0, 0, 17964, 0, 0, 0, 0, 0, 0, 0, 0, 0, 0, 0, 0, 14942, 0, 0, 0, 0, 0, 0, 0, 0, 0, 0, 0, 0, 15182, 0, 0, 0, 0, 0, 0, 0, 0, 0, 0, 0, 16372], 'packedBins': {'min': 0, 'size': 0.078125, 'count': 64}, '_type': 'histogram'}",,0.9974032692934897,0.9985576655272023,,1.0597264766693115,,0.9975157748569274,"{'_type': 'histogram', 'values': [15550, 0, 0, 0, 0, 0, 0, 0, 0, 0, 0, 0, 15826, 0, 0, 0, 0, 0, 0, 0, 0, 0, 0, 0, 0, 17534, 0, 0, 0, 0, 0, 0, 0, 0, 0, 0, 0, 0, 18931, 0, 0, 0, 0, 0, 0, 0, 0, 0, 0, 0, 0, 20645, 0, 0, 0, 0, 0, 0, 0, 0, 0, 0, 0, 13914], 'packedBins': {'min': 0, 'size': 0.078125, 'count': 64}}",,,0.9996041469034955,"{'values': [18309, 0, 0, 0, 0, 0, 0, 0, 0, 0, 0, 0, 17398, 0, 0, 0, 0, 0, 0, 0, 0, 0, 0, 0, 0, 16597, 0, 0, 0, 0, 0, 0, 0, 0, 0, 0, 0, 0, 15258, 0, 0, 0, 0, 0, 0, 0, 0, 0, 0, 0, 0, 18765, 0, 0, 0, 0, 0, 0, 0, 0, 0, 0, 0, 16073], 'packedBins': {'count': 64, 'min': 0, 'size': 0.078125}, '_type': 'histogram'}",0.3170703125,1.099511742591858,,,0.9987522715432018,,1.2096679210662842,"{'_type': 'histogram', 'values': [17083, 0, 0, 0, 0, 0, 0, 0, 0, 0, 0, 0, 19875, 0, 0, 0, 0, 0, 0, 0, 0, 0, 0, 0, 0, 14729, 0, 0, 0, 0, 0, 0, 0, 0, 0, 0, 0, 0, 15826, 0, 0, 0, 0, 0, 0, 0, 0, 0, 0, 0, 0, 16949, 0, 0, 0, 0, 0, 0, 0, 0, 0, 0, 0, 17938], 'packedBins': {'size': 0.078125, 'count': 64, 'min': 0}}",,,,,,,,15922.941048915,"{'values': [18254, 0, 0, 0, 0, 0, 0, 0, 0, 0, 0, 0, 19802, 0, 0, 0, 0, 0, 0, 0, 0, 0, 0, 0, 0, 17423, 0, 0, 0, 0, 0, 0, 0, 0, 0, 0, 0, 0, 15102, 0, 0, 0, 0, 0, 0, 0, 0, 0, 0, 0, 0, 14196, 0, 0, 0, 0, 0, 0, 0, 0, 0, 0, 0, 17623], 'packedBins': {'size': 0.078125, 'count': 64, 'min': 0}, '_type': 'histogram'}",0.995188952225285,0.9980570789752771,1.069277286529541,,0.9954928037381295,0.9992912470425567,3.756644787788391,,,"{'_type': 'histogram', 'values': [14826, 0, 0, 0, 0, 0, 0, 0, 0, 0, 0, 0, 16835, 0, 0, 0, 0, 0, 0, 0, 0, 0, 0, 0, 0, 18098, 0, 0, 0, 0, 0, 0, 0, 0, 0, 0, 0, 0, 17750, 0, 0, 0, 0, 0, 0, 0, 0, 0, 0, 0, 0, 19054, 0, 0, 0, 0, 0, 0, 0, 0, 0, 0, 0, 15837], 'packedBins': {'size': 0.078125, 'count': 64, 'min': 0}}","{'packedBins': {'count': 64, 'min': 0, 'size': 0.078125}, '_type': 'histogram', 'values': [17557, 0, 0, 0, 0, 0, 0, 0, 0, 0, 0, 0, 17253, 0, 0, 0, 0, 0, 0, 0, 0, 0, 0, 0, 0, 17091, 0, 0, 0, 0, 0, 0, 0, 0, 0, 0, 0, 0, 17779, 0, 0, 0, 0, 0, 0, 0, 0, 0, 0, 0, 0, 16936, 0, 0, 0, 0, 0, 0, 0, 0, 0, 0, 0, 15784]}","{'values': [16099, 0, 0, 0, 0, 0, 0, 0, 0, 0, 0, 0, 16207, 0, 0, 0, 0, 0, 0, 0, 0, 0, 0, 0, 0, 18412, 0, 0, 0, 0, 0, 0, 0, 0, 0, 0, 0, 0, 17141, 0, 0, 0, 0, 0, 0, 0, 0, 0, 0, 0, 0, 18168, 0, 0, 0, 0, 0, 0, 0, 0, 0, 0, 0, 16373], 'packedBins': {'count': 64, 'min': 0, 'size': 0.078125}, '_type': 'histogram'}",,"{'values': [17953, 0, 0, 0, 0, 0, 0, 0, 0, 0, 0, 0, 17648, 0, 0, 0, 0, 0, 0, 0, 0, 0, 0, 0, 0, 16210, 0, 0, 0, 0, 0, 0, 0, 0, 0, 0, 0, 0, 17902, 0, 0, 0, 0, 0, 0, 0, 0, 0, 0, 0, 0, 15710, 0, 0, 0, 0, 0, 0, 0, 0, 0, 0, 0, 16977], 'packedBins': {'size': 0.078125, 'count': 64, 'min': 0}, '_type': 'histogram'}",1.0519335269927979,,,,1.16455078125,0.999742799531647,,1.1602734327316284,1.259765625,,,,,
,"{'_type': 'histogram', 'values': [359, 0, 0, 0, 0, 0, 0, 0, 0, 0, 0, 0, 309, 0, 0, 0, 0, 0, 0, 0, 0, 0, 0, 0, 0, 379, 0, 0, 0, 0, 0, 0, 0, 0, 0, 0, 0, 0, 367, 0, 0, 0, 0, 0, 0, 0, 0, 0, 0, 0, 0, 347, 0, 0, 0, 0, 0, 0, 0, 0, 0, 0, 0, 287], 'packedBins': {'min': 0, 'size': 0.078125, 'count': 64}}",0.4226236343383789,0.9965678273301027,1260,1.166015625,3.0001282917335628,,,0.9973838419578754,1.1748046875,1.171875,1.0517578125,0.9986221350073744,,"{'values': [346, 0, 0, 0, 0, 0, 0, 0, 0, 0, 0, 0, 365, 0, 0, 0, 0, 0, 0, 0, 0, 0, 0, 0, 0, 331, 0, 0, 0, 0, 0, 0, 0, 0, 0, 0, 0, 0, 372, 0, 0, 0, 0, 0, 0, 0, 0, 0, 0, 0, 0, 341, 0, 0, 0, 0, 0, 0, 0, 0, 0, 0, 0, 293], 'packedBins': {'count': 64, 'min': 0, 'size': 0.078125}, '_type': 'histogram'}",1.0869140625,"{'_type': 'histogram', 'values': [261, 0, 0, 0, 0, 0, 0, 0, 0, 0, 0, 0, 327, 0, 0, 0, 0, 0, 0, 0, 0, 0, 0, 0, 0, 349, 0, 0, 0, 0, 0, 0, 0, 0, 0, 0, 0, 0, 361, 0, 0, 0, 0, 0, 0, 0, 0, 0, 0, 0, 0, 364, 0, 0, 0, 0, 0, 0, 0, 0, 0, 0, 0, 386], 'packedBins': {'size': 0.078125, 'count': 64, 'min': 0}}",,0.9983850150617256,,"{'_type': 'histogram', 'values': [327, 0, 0, 0, 0, 0, 0, 0, 0, 0, 0, 0, 288, 0, 0, 0, 0, 0, 0, 0, 0, 0, 0, 0, 0, 365, 0, 0, 0, 0, 0, 0, 0, 0, 0, 0, 0, 0, 365, 0, 0, 0, 0, 0, 0, 0, 0, 0, 0, 0, 0, 349, 0, 0, 0, 0, 0, 0, 0, 0, 0, 0, 0, 354], 'packedBins': {'size': 0.078125, 'count': 64, 'min': 0}}",1784907635.8723056,,,0.9959715012715029,,,,1.142578125,"{'_type': 'histogram', 'values': [345, 0, 0, 0, 0, 0, 0, 0, 0, 0, 0, 0, 330, 0, 0, 0, 0, 0, 0, 0, 0, 0, 0, 0, 0, 349, 0, 0, 0, 0, 0, 0, 0, 0, 0, 0, 0, 0, 371, 0, 0, 0, 0, 0, 0, 0, 0, 0, 0, 0, 0, 296, 0, 0, 0, 0, 0, 0, 0, 0, 0, 0, 0, 357], 'packedBins': {'min': 0, 'size': 0.078125, 'count': 64}}",,11433.672704,,,0.9982895416829362,,1.1103515625,,,0.9976587520632123,"{'_type': 'histogram', 'values': [315, 0, 0, 0, 0, 0, 0, 0, 0, 0, 0, 0, 400, 0, 0, 0, 0, 0, 0, 0, 0, 0, 0, 0, 0, 356, 0, 0, 0, 0, 0, 0, 0, 0, 0, 0, 0, 0, 313, 0, 0, 0, 0, 0, 0, 0, 0, 0, 0, 0, 0, 338, 0, 0, 0, 0, 0, 0, 0, 0, 0, 0, 0, 326], 'packedBins': {'min': 0, 'size': 0.078125, 'count': 64}}",,,,,1.130859375,"{'_type': 'histogram', 'values': [401, 0, 0, 0, 0, 0, 0, 0, 0, 0, 0, 0, 380, 0, 0, 0, 0, 0, 0, 0, 0, 0, 0, 0, 0, 321, 0, 0, 0, 0, 0, 0, 0, 0, 0, 0, 0, 0, 334, 0, 0, 0, 0, 0, 0, 0, 0, 0, 0, 0, 0, 324, 0, 0, 0, 0, 0, 0, 0, 0, 0, 0, 0, 288], 'packedBins': {'min': 0, 'size': 0.078125, 'count': 64}}",,"{'_type': 'histogram', 'values': [353, 0, 0, 0, 0, 0, 0, 0, 0, 0, 0, 0, 359, 0, 0, 0, 0, 0, 0, 0, 0, 0, 0, 0, 0, 284, 0, 0, 0, 0, 0, 0, 0, 0, 0, 0, 0, 0, 350, 0, 0, 0, 0, 0, 0, 0, 0, 0, 0, 0, 0, 344, 0, 0, 0, 0, 0, 0, 0, 0, 0, 0, 0, 358], 'packedBins': {'size': 0.078125, 'count': 64, 'min': 0}}",,,7805.475328,1.107421875,"{'packedBins': {'count': 64, 'min': 0, 'size': 0.078125}, '_type': 'histogram', 'values': [337, 0, 0, 0, 0, 0, 0, 0, 0, 0, 0, 0, 390, 0, 0, 0, 0, 0, 0, 0, 0, 0, 0, 0, 0, 277, 0, 0, 0, 0, 0, 0, 0, 0, 0, 0, 0, 0, 315, 0, 0, 0, 0, 0, 0, 0, 0, 0, 0, 0, 0, 370, 0, 0, 0, 0, 0, 0, 0, 0, 0, 0, 0, 359]}",20.088113896837758,0.9990268489886823,0.00013178370379837354,"{'values': [298, 0, 0, 0, 0, 0, 0, 0, 0, 0, 0, 0, 353, 0, 0, 0, 0, 0, 0, 0, 0, 0, 0, 0, 0, 398, 0, 0, 0, 0, 0, 0, 0, 0, 0, 0, 0, 0, 315, 0, 0, 0, 0, 0, 0, 0, 0, 0, 0, 0, 0, 344, 0, 0, 0, 0, 0, 0, 0, 0, 0, 0, 0, 340], 'packedBins': {'min': 0, 'size': 0.078125, 'count': 64}, '_type': 'histogram'}",16169.506560105,,,,,4546.356915317472,,,,0.9981934029844337,0.9762012695893645,,,,82575360.0,,,1.0693359375,0.9965960368859262,0.9986959854954973,,,"{'packedBins': {'min': 0, 'size': 0.078125, 'count': 64}, '_type': 'histogram', 'values': [342, 0, 0, 0, 0, 0, 0, 0, 0, 0, 0, 0, 378, 0, 0, 0, 0, 0, 0, 0, 0, 0, 0, 0, 0, 350, 0, 0, 0, 0, 0, 0, 0, 0, 0, 0, 0, 0, 301, 0, 0, 0, 0, 0, 0, 0, 0, 0, 0, 0, 0, 348, 0, 0, 0, 0, 0, 0, 0, 0, 0, 0, 0, 329]}",,,1.08984375,12.06823523491621,"{'values': [350, 0, 0, 0, 0, 0, 0, 0, 0, 0, 0, 0, 319, 0, 0, 0, 0, 0, 0, 0, 0, 0, 0, 0, 0, 378, 0, 0, 0, 0, 0, 0, 0, 0, 0, 0, 0, 0, 349, 0, 0, 0, 0, 0, 0, 0, 0, 0, 0, 0, 0, 323, 0, 0, 0, 0, 0, 0, 0, 0, 0, 0, 0, 329], 'packedBins': {'count': 64, 'min': 0, 'size': 0.078125}, '_type': 'histogram'}",1.107421875,0.9979002631189656
,"{'_type': 'histogram', 'values': [393, 0, 0, 0, 0, 0, 0, 0, 0, 0, 0, 0, 344, 0, 0, 0, 0, 0, 0, 0, 0, 0, 0, 0, 0, 378, 0, 0, 0, 0, 0, 0, 0, 0, 0, 0, 0, 0, 285, 0, 0, 0, 0, 0, 0, 0, 0, 0, 0, 0, 0, 329, 0, 0, 0, 0, 0, 0, 0, 0, 0, 0, 0, 319], 'packedBins': {'min': 0, 'size': 0.078125, 'count': 64}}",0.42529791593551636,0.9967979614187669,1280,1.0869140625,2.875966350361705,,,0.9968551789140693,1.0986328125,1.130859375,1.16015625,0.9971167160931785,,"{'values': [351, 0, 0, 0, 0, 0, 0, 0, 0, 0, 0, 0, 344, 0, 0, 0, 0, 0, 0, 0, 0, 0, 0, 0, 0, 345, 0, 0, 0, 0, 0, 0, 0, 0, 0, 0, 0, 0, 335, 0, 0, 0, 0, 0, 0, 0, 0, 0, 0, 0, 0, 339, 0, 0, 0, 0, 0, 0, 0, 0, 0, 0, 0, 334], 'packedBins': {'count': 64, 'min': 0, 'size': 0.078125}, '_type': 'histogram'}",1.1396484375,"{'_type': 'histogram', 'values': [323, 0, 0, 0, 0, 0, 0, 0, 0, 0, 0, 0, 348, 0, 0, 0, 0, 0, 0, 0, 0, 0, 0, 0, 0, 375, 0, 0, 0, 0, 0, 0, 0, 0, 0, 0, 0, 0, 293, 0, 0, 0, 0, 0, 0, 0, 0, 0, 0, 0, 0, 354, 0, 0, 0, 0, 0, 0, 0, 0, 0, 0, 0, 355], 'packedBins': {'min': 0, 'size': 0.078125, 'count': 64}}",,0.9999149842733246,,"{'_type': 'histogram', 'values': [347, 0, 0, 0, 0, 0, 0, 0, 0, 0, 0, 0, 319, 0, 0, 0, 0, 0, 0, 0, 0, 0, 0, 0, 0, 360, 0, 0, 0, 0, 0, 0, 0, 0, 0, 0, 0, 0, 307, 0, 0, 0, 0, 0, 0, 0, 0, 0, 0, 0, 0, 395, 0, 0, 0, 0, 0, 0, 0, 0, 0, 0, 0, 320], 'packedBins': {'size': 0.078125, 'count': 64, 'min': 0}}",1784907882.437866,,,0.9982906727264479,,,,1.0810546875,"{'_type': 'histogram', 'values': [326, 0, 0, 0, 0, 0, 0, 0, 0, 0, 0, 0, 356, 0, 0, 0, 0, 0, 0, 0, 0, 0, 0, 0, 0, 308, 0, 0, 0, 0, 0, 0, 0, 0, 0, 0, 0, 0, 389, 0, 0, 0, 0, 0, 0, 0, 0, 0, 0, 0, 0, 375, 0, 0, 0, 0, 0, 0, 0, 0, 0, 0, 0, 294], 'packedBins': {'min': 0, 'size': 0.078125, 'count': 64}}",,11433.672704,,,0.9969267673151686,,1.1513671875,,,0.9971124580470164,"{'_type': 'histogram', 'values': [340, 0, 0, 0, 0, 0, 0, 0, 0, 0, 0, 0, 386, 0, 0, 0, 0, 0, 0, 0, 0, 0, 0, 0, 0, 357, 0, 0, 0, 0, 0, 0, 0, 0, 0, 0, 0, 0, 328, 0, 0, 0, 0, 0, 0, 0, 0, 0, 0, 0, 0, 307, 0, 0, 0, 0, 0, 0, 0, 0, 0, 0, 0, 330], 'packedBins': {'min': 0, 'size': 0.078125, 'count': 64}}",,,,,1.0986328125,"{'_type': 'histogram', 'values': [375, 0, 0, 0, 0, 0, 0, 0, 0, 0, 0, 0, 325, 0, 0, 0, 0, 0, 0, 0, 0, 0, 0, 0, 0, 375, 0, 0, 0, 0, 0, 0, 0, 0, 0, 0, 0, 0, 374, 0, 0, 0, 0, 0, 0, 0, 0, 0, 0, 0, 0, 319, 0, 0, 0, 0, 0, 0, 0, 0, 0, 0, 0, 280], 'packedBins': {'size': 0.078125, 'count': 64, 'min': 0}}",,"{'packedBins': {'count': 64, 'min': 0, 'size': 0.078125}, '_type': 'histogram', 'values': [346, 0, 0, 0, 0, 0, 0, 0, 0, 0, 0, 0, 280, 0, 0, 0, 0, 0, 0, 0, 0, 0, 0, 0, 0, 326, 0, 0, 0, 0, 0, 0, 0, 0, 0, 0, 0, 0, 335, 0, 0, 0, 0, 0, 0, 0, 0, 0, 0, 0, 0, 365, 0, 0, 0, 0, 0, 0, 0, 0, 0, 0, 0, 396]}",,,7805.475328,1.1484375,"{'_type': 'histogram', 'values': [312, 0, 0, 0, 0, 0, 0, 0, 0, 0, 0, 0, 353, 0, 0, 0, 0, 0, 0, 0, 0, 0, 0, 0, 0, 369, 0, 0, 0, 0, 0, 0, 0, 0, 0, 0, 0, 0, 324, 0, 0, 0, 0, 0, 0, 0, 0, 0, 0, 0, 0, 368, 0, 0, 0, 0, 0, 0, 0, 0, 0, 0, 0, 322], 'packedBins': {'min': 0, 'size': 0.078125, 'count': 64}}",17.74256137043255,0.9949904208229797,0.0001298465850383839,"{'packedBins': {'min': 0, 'size': 0.078125, 'count': 64}, '_type': 'histogram', 'values': [371, 0, 0, 0, 0, 0, 0, 0, 0, 0, 0, 0, 364, 0, 0, 0, 0, 0, 0, 0, 0, 0, 0, 0, 0, 369, 0, 0, 0, 0, 0, 0, 0, 0, 0, 0, 0, 0, 275, 0, 0, 0, 0, 0, 0, 0, 0, 0, 0, 0, 0, 322, 0, 0, 0, 0, 0, 0, 0, 0, 0, 0, 0, 347]}",16416.384018273,,,,,5318.693461554939,,,,0.9978804365915236,0.9400002659764141,,,,83886080.0,,,1.1572265625,0.9987439550467916,0.9960061644285407,,,"{'values': [316, 0, 0, 0, 0, 0, 0, 0, 0, 0, 0, 0, 392, 0, 0, 0, 0, 0, 0, 0, 0, 0, 0, 0, 0, 301, 0, 0, 0, 0, 0, 0, 0, 0, 0, 0, 0, 0, 383, 0, 0, 0, 0, 0, 0, 0, 0, 0, 0, 0, 0, 367, 0, 0, 0, 0, 0, 0, 0, 0, 0, 0, 0, 289], 'packedBins': {'size': 0.078125, 'count': 64, 'min': 0}, '_type': 'histogram'}",,,1.0283203125,12.063331346213818,"{'packedBins': {'min': 0, 'size': 0.078125, 'count': 64}, '_type': 'histogram', 'values': [363, 0, 0, 0, 0, 0, 0, 0, 0, 0, 0, 0, 393, 0, 0, 0, 0, 0, 0, 0, 0, 0, 0, 0, 0, 372, 0, 0, 0, 0, 0, 0, 0, 0, 0, 0, 0, 0, 311, 0, 0, 0, 0, 0, 0, 0, 0, 0, 0, 0, 0, 258, 0, 0, 0, 0, 0, 0, 0, 0, 0, 0, 0, 351]}",1.1513671875,0.9985280587999817
,"{'_type': 'histogram', 'values': [293, 0, 0, 0, 0, 0, 0, 0, 0, 0, 0, 0, 383, 0, 0, 0, 0, 0, 0, 0, 0, 0, 0, 0, 0, 418, 0, 0, 0, 0, 0, 0, 0, 0, 0, 0, 0, 0, 322, 0, 0, 0, 0, 0, 0, 0, 0, 0, 0, 0, 0, 344, 0, 0, 0, 0, 0, 0, 0, 0, 0, 0, 0, 288], 'packedBins': {'size': 0.078125, 'count': 64, 'min': 0}}",0.44341209530830383,0.9989742221993982,1300,1.0751953125,2.8828683979809284,,,0.9948107845005186,1.119140625,1.1865234375,1.1337890625,0.9974775855054117,,"{'values': [326, 0, 0, 0, 0, 0, 0, 0, 0, 0, 0, 0, 362, 0, 0, 0, 0, 0, 0, 0, 0, 0, 0, 0, 0, 382, 0, 0, 0, 0, 0, 0, 0, 0, 0, 0, 0, 0, 308, 0, 0, 0, 0, 0, 0, 0, 0, 0, 0, 0, 0, 346, 0, 0, 0, 0, 0, 0, 0, 0, 0, 0, 0, 324], 'packedBins': {'count': 64, 'min': 0, 'size': 0.078125}, '_type': 'histogram'}",1.095703125,"{'_type': 'histogram', 'values': [358, 0, 0, 0, 0, 0, 0, 0, 0, 0, 0, 0, 372, 0, 0, 0, 0, 0, 0, 0, 0, 0, 0, 0, 0, 286, 0, 0, 0, 0, 0, 0, 0, 0, 0, 0, 0, 0, 383, 0, 0, 0, 0, 0, 0, 0, 0, 0, 0, 0, 0, 367, 0, 0, 0, 0, 0, 0, 0, 0, 0, 0, 0, 282], 'packedBins': {'count': 64, 'min': 0, 'size': 0.078125}}",,0.9985127564465869,,"{'_type': 'histogram', 'values': [329, 0, 0, 0, 0, 0, 0, 0, 0, 0, 0, 0, 322, 0, 0, 0, 0, 0, 0, 0, 0, 0, 0, 0, 0, 366, 0, 0, 0, 0, 0, 0, 0, 0, 0, 0, 0, 0, 342, 0, 0, 0, 0, 0, 0, 0, 0, 0, 0, 0, 0, 362, 0, 0, 0, 0, 0, 0, 0, 0, 0, 0, 0, 327], 'packedBins': {'size': 0.078125, 'count': 64, 'min': 0}}",1784908129.3147566,,,0.9958142196913924,,,,1.18359375,"{'_type': 'histogram', 'values': [372, 0, 0, 0, 0, 0, 0, 0, 0, 0, 0, 0, 368, 0, 0, 0, 0, 0, 0, 0, 0, 0, 0, 0, 0, 374, 0, 0, 0, 0, 0, 0, 0, 0, 0, 0, 0, 0, 317, 0, 0, 0, 0, 0, 0, 0, 0, 0, 0, 0, 0, 328, 0, 0, 0, 0, 0, 0, 0, 0, 0, 0, 0, 289], 'packedBins': {'min': 0, 'size': 0.078125, 'count': 64}}",,11433.672704,,,0.9982145601513014,,1.224609375,,,0.9973944205413092,"{'_type': 'histogram', 'values': [328, 0, 0, 0, 0, 0, 0, 0, 0, 0, 0, 0, 353, 0, 0, 0, 0, 0, 0, 0, 0, 0, 0, 0, 0, 275, 0, 0, 0, 0, 0, 0, 0, 0, 0, 0, 0, 0, 331, 0, 0, 0, 0, 0, 0, 0, 0, 0, 0, 0, 0, 405, 0, 0, 0, 0, 0, 0, 0, 0, 0, 0, 0, 356], 'packedBins': {'size': 0.078125, 'count': 64, 'min': 0}}",,,,,1.1220703125,"{'packedBins': {'size': 0.078125, 'count': 64, 'min': 0}, '_type': 'histogram', 'values': [344, 0, 0, 0, 0, 0, 0, 0, 0, 0, 0, 0, 340, 0, 0, 0, 0, 0, 0, 0, 0, 0, 0, 0, 0, 312, 0, 0, 0, 0, 0, 0, 0, 0, 0, 0, 0, 0, 382, 0, 0, 0, 0, 0, 0, 0, 0, 0, 0, 0, 0, 336, 0, 0, 0, 0, 0, 0, 0, 0, 0, 0, 0, 334]}",,"{'_type': 'histogram', 'values': [319, 0, 0, 0, 0, 0, 0, 0, 0, 0, 0, 0, 367, 0, 0, 0, 0, 0, 0, 0, 0, 0, 0, 0, 0, 315, 0, 0, 0, 0, 0, 0, 0, 0, 0, 0, 0, 0, 317, 0, 0, 0, 0, 0, 0, 0, 0, 0, 0, 0, 0, 387, 0, 0, 0, 0, 0, 0, 0, 0, 0, 0, 0, 343], 'packedBins': {'min': 0, 'size': 0.078125, 'count': 64}}",,,7805.475328,1.142578125,"{'packedBins': {'count': 64, 'min': 0, 'size': 0.078125}, '_type': 'histogram', 'values': [404, 0, 0, 0, 0, 0, 0, 0, 0, 0, 0, 0, 293, 0, 0, 0, 0, 0, 0, 0, 0, 0, 0, 0, 0, 353, 0, 0, 0, 0, 0, 0, 0, 0, 0, 0, 0, 0, 365, 0, 0, 0, 0, 0, 0, 0, 0, 0, 0, 0, 0, 310, 0, 0, 0, 0, 0, 0, 0, 0, 0, 0, 0, 323]}",17.865444960262924,0.9971157181136092,0.00012789975243423984,"{'values': [272, 0, 0, 0, 0, 0, 0, 0, 0, 0, 0, 0, 367, 0, 0, 0, 0, 0, 0, 0, 0, 0, 0, 0, 0, 345, 0, 0, 0, 0, 0, 0, 0, 0, 0, 0, 0, 0, 355, 0, 0, 0, 0, 0, 0, 0, 0, 0, 0, 0, 0, 364, 0, 0, 0, 0, 0, 0, 0, 0, 0, 0, 0, 345], 'packedBins': {'count': 64, 'min': 0, 'size': 0.078125}, '_type': 'histogram'}",16664.323954009,,,,,5311.910695279504,,,,0.9992987651553115,0.9259735104627907,,,,85196800.0,,,1.072265625,0.9967269052734378,0.9972568324246982,,,"{'values': [352, 0, 0, 0, 0, 0, 0, 0, 0, 0, 0, 0, 368, 0, 0, 0, 0, 0, 0, 0, 0, 0, 0, 0, 0, 290, 0, 0, 0, 0, 0, 0, 0, 0, 0, 0, 0, 0, 338, 0, 0, 0, 0, 0, 0, 0, 0, 0, 0, 0, 0, 390, 0, 0, 0, 0, 0, 0, 0, 0, 0, 0, 0, 310], 'packedBins': {'size': 0.078125, 'count': 64, 'min': 0}, '_type': 'histogram'}",,,1.119140625,12.071609532833099,"{'_type': 'histogram', 'values': [383, 0, 0, 0, 0, 0, 0, 0, 0, 0, 0, 0, 380, 0, 0, 0, 0, 0, 0, 0, 0, 0, 0, 0, 0, 312, 0, 0, 0, 0, 0, 0, 0, 0, 0, 0, 0, 0, 332, 0, 0, 0, 0, 0, 0, 0, 0, 0, 0, 0, 0, 288, 0, 0, 0, 0, 0, 0, 0, 0, 0, 0, 0, 353], 'packedBins': {'count': 64, 'min': 0, 'size': 0.078125}}",1.1220703125,0.9963379593693237
,"{'_type': 'histogram', 'values': [343, 0, 0, 0, 0, 0, 0, 0, 0, 0, 0, 0, 336, 0, 0, 0, 0, 0, 0, 0, 0, 0, 0, 0, 0, 312, 0, 0, 0, 0, 0, 0, 0, 0, 0, 0, 0, 0, 423, 0, 0, 0, 0, 0, 0, 0, 0, 0, 0, 0, 0, 318, 0, 0, 0, 0, 0, 0, 0, 0, 0, 0, 0, 316], 'packedBins': {'count': 64, 'min': 0, 'size': 0.078125}}",0.3970297574996948,0.9994515890933461,1320,1.095703125,2.8711524199694396,,,0.9966761413793497,1.0751953125,1.2392578125,1.107421875,0.9982065097827763,,"{'values': [364, 0, 0, 0, 0, 0, 0, 0, 0, 0, 0, 0, 267, 0, 0, 0, 0, 0, 0, 0, 0, 0, 0, 0, 0, 355, 0, 0, 0, 0, 0, 0, 0, 0, 0, 0, 0, 0, 386, 0, 0, 0, 0, 0, 0, 0, 0, 0, 0, 0, 0, 324, 0, 0, 0, 0, 0, 0, 0, 0, 0, 0, 0, 352], 'packedBins': {'min': 0, 'size': 0.078125, 'count': 64}, '_type': 'histogram'}",1.1455078125,"{'_type': 'histogram', 'values': [366, 0, 0, 0, 0, 0, 0, 0, 0, 0, 0, 0, 332, 0, 0, 0, 0, 0, 0, 0, 0, 0, 0, 0, 0, 383, 0, 0, 0, 0, 0, 0, 0, 0, 0, 0, 0, 0, 335, 0, 0, 0, 0, 0, 0, 0, 0, 0, 0, 0, 0, 328, 0, 0, 0, 0, 0, 0, 0, 0, 0, 0, 0, 304], 'packedBins': {'count': 64, 'min': 0, 'size': 0.078125}}",,0.9964090155146528,,"{'_type': 'histogram', 'values': [321, 0, 0, 0, 0, 0, 0, 0, 0, 0, 0, 0, 310, 0, 0, 0, 0, 0, 0, 0, 0, 0, 0, 0, 0, 357, 0, 0, 0, 0, 0, 0, 0, 0, 0, 0, 0, 0, 331, 0, 0, 0, 0, 0, 0, 0, 0, 0, 0, 0, 0, 386, 0, 0, 0, 0, 0, 0, 0, 0, 0, 0, 0, 343], 'packedBins': {'min': 0, 'size': 0.078125, 'count': 64}}",1784908377.2549918,,,0.9983953275172743,,,,1.1748046875,"{'_type': 'histogram', 'values': [307, 0, 0, 0, 0, 0, 0, 0, 0, 0, 0, 0, 317, 0, 0, 0, 0, 0, 0, 0, 0, 0, 0, 0, 0, 391, 0, 0, 0, 0, 0, 0, 0, 0, 0, 0, 0, 0, 348, 0, 0, 0, 0, 0, 0, 0, 0, 0, 0, 0, 0, 354, 0, 0, 0, 0, 0, 0, 0, 0, 0, 0, 0, 331], 'packedBins': {'min': 0, 'size': 0.078125, 'count': 64}}",,11433.672704,,,0.9975626133647099,,1.2392578125,,,0.9985619235733643,"{'_type': 'histogram', 'values': [423, 0, 0, 0, 0, 0, 0, 0, 0, 0, 0, 0, 296, 0, 0, 0, 0, 0, 0, 0, 0, 0, 0, 0, 0, 331, 0, 0, 0, 0, 0, 0, 0, 0, 0, 0, 0, 0, 319, 0, 0, 0, 0, 0, 0, 0, 0, 0, 0, 0, 0, 315, 0, 0, 0, 0, 0, 0, 0, 0, 0, 0, 0, 364], 'packedBins': {'size': 0.078125, 'count': 64, 'min': 0}}",,,,,1.1220703125,"{'_type': 'histogram', 'values': [367, 0, 0, 0, 0, 0, 0, 0, 0, 0, 0, 0, 356, 0, 0, 0, 0, 0, 0, 0, 0, 0, 0, 0, 0, 329, 0, 0, 0, 0, 0, 0, 0, 0, 0, 0, 0, 0, 324, 0, 0, 0, 0, 0, 0, 0, 0, 0, 0, 0, 0, 335, 0, 0, 0, 0, 0, 0, 0, 0, 0, 0, 0, 337], 'packedBins': {'min': 0, 'size': 0.078125, 'count': 64}}",,"{'packedBins': {'min': 0, 'size': 0.078125, 'count': 64}, '_type': 'histogram', 'values': [290, 0, 0, 0, 0, 0, 0, 0, 0, 0, 0, 0, 376, 0, 0, 0, 0, 0, 0, 0, 0, 0, 0, 0, 0, 351, 0, 0, 0, 0, 0, 0, 0, 0, 0, 0, 0, 0, 314, 0, 0, 0, 0, 0, 0, 0, 0, 0, 0, 0, 0, 378, 0, 0, 0, 0, 0, 0, 0, 0, 0, 0, 0, 339]}",,,7805.475328,1.095703125,"{'_type': 'histogram', 'values': [301, 0, 0, 0, 0, 0, 0, 0, 0, 0, 0, 0, 361, 0, 0, 0, 0, 0, 0, 0, 0, 0, 0, 0, 0, 318, 0, 0, 0, 0, 0, 0, 0, 0, 0, 0, 0, 0, 327, 0, 0, 0, 0, 0, 0, 0, 0, 0, 0, 0, 0, 401, 0, 0, 0, 0, 0, 0, 0, 0, 0, 0, 0, 340], 'packedBins': {'min': 0, 'size': 0.078125, 'count': 64}}",17.65735516792551,0.9991266469456052,0.00012594415885659768,"{'values': [320, 0, 0, 0, 0, 0, 0, 0, 0, 0, 0, 0, 374, 0, 0, 0, 0, 0, 0, 0, 0, 0, 0, 0, 0, 304, 0, 0, 0, 0, 0, 0, 0, 0, 0, 0, 0, 0, 344, 0, 0, 0, 0, 0, 0, 0, 0, 0, 0, 0, 0, 339, 0, 0, 0, 0, 0, 0, 0, 0, 0, 0, 0, 367], 'packedBins': {'min': 0, 'size': 0.078125, 'count': 64}, '_type': 'histogram'}",16915.76494341,,,,,5289.209827308929,,,,0.9985226031783366,0.9345238413661718,,,,86507520.0,,,1.130859375,0.9975205651588597,0.9961531335531025,,,"{'values': [320, 0, 0, 0, 0, 0, 0, 0, 0, 0, 0, 0, 263, 0, 0, 0, 0, 0, 0, 0, 0, 0, 0, 0, 0, 365, 0, 0, 0, 0, 0, 0, 0, 0, 0, 0, 0, 0, 364, 0, 0, 0, 0, 0, 0, 0, 0, 0, 0, 0, 0, 362, 0, 0, 0, 0, 0, 0, 0, 0, 0, 0, 0, 374], 'packedBins': {'size': 0.078125, 'count': 64, 'min': 0}, '_type': 'histogram'}",,,1.130859375,12.069732512533665,"{'_type': 'histogram', 'values': [347, 0, 0, 0, 0, 0, 0, 0, 0, 0, 0, 0, 325, 0, 0, 0, 0, 0, 0, 0, 0, 0, 0, 0, 0, 350, 0, 0, 0, 0, 0, 0, 0, 0, 0, 0, 0, 0, 364, 0, 0, 0, 0, 0, 0, 0, 0, 0, 0, 0, 0, 308, 0, 0, 0, 0, 0, 0, 0, 0, 0, 0, 0, 354], 'packedBins': {'count': 64, 'min': 0, 'size': 0.078125}}",1.06640625,0.9959367715824937
,"{'_type': 'histogram', 'values': [369, 0, 0, 0, 0, 0, 0, 0, 0, 0, 0, 0, 369, 0, 0, 0, 0, 0, 0, 0, 0, 0, 0, 0, 0, 347, 0, 0, 0, 0, 0, 0, 0, 0, 0, 0, 0, 0, 307, 0, 0, 0, 0, 0, 0, 0, 0, 0, 0, 0, 0, 288, 0, 0, 0, 0, 0, 0, 0, 0, 0, 0, 0, 368], 'packedBins': {'count': 64, 'min': 0, 'size': 0.078125}}",0.39927759766578674,0.998926718371903,1340,1.0576171875,2.8695503450930118,,,0.997428351846663,1.107421875,1.04296875,1.0576171875,0.9961713633132337,,"{'values': [361, 0, 0, 0, 0, 0, 0, 0, 0, 0, 0, 0, 366, 0, 0, 0, 0, 0, 0, 0, 0, 0, 0, 0, 0, 333, 0, 0, 0, 0, 0, 0, 0, 0, 0, 0, 0, 0, 357, 0, 0, 0, 0, 0, 0, 0, 0, 0, 0, 0, 0, 291, 0, 0, 0, 0, 0, 0, 0, 0, 0, 0, 0, 340], 'packedBins': {'size': 0.078125, 'count': 64, 'min': 0}, '_type': 'histogram'}",1.20703125,"{'_type': 'histogram', 'values': [323, 0, 0, 0, 0, 0, 0, 0, 0, 0, 0, 0, 340, 0, 0, 0, 0, 0, 0, 0, 0, 0, 0, 0, 0, 366, 0, 0, 0, 0, 0, 0, 0, 0, 0, 0, 0, 0, 369, 0, 0, 0, 0, 0, 0, 0, 0, 0, 0, 0, 0, 320, 0, 0, 0, 0, 0, 0, 0, 0, 0, 0, 0, 330], 'packedBins': {'min': 0, 'size': 0.078125, 'count': 64}}",,0.9984209423262179,,"{'_type': 'histogram', 'values': [334, 0, 0, 0, 0, 0, 0, 0, 0, 0, 0, 0, 325, 0, 0, 0, 0, 0, 0, 0, 0, 0, 0, 0, 0, 385, 0, 0, 0, 0, 0, 0, 0, 0, 0, 0, 0, 0, 327, 0, 0, 0, 0, 0, 0, 0, 0, 0, 0, 0, 0, 309, 0, 0, 0, 0, 0, 0, 0, 0, 0, 0, 0, 368], 'packedBins': {'count': 64, 'min': 0, 'size': 0.078125}}",1784908628.6959243,,,0.9990903204892853,,,,1.166015625,"{'_type': 'histogram', 'values': [301, 0, 0, 0, 0, 0, 0, 0, 0, 0, 0, 0, 291, 0, 0, 0, 0, 0, 0, 0, 0, 0, 0, 0, 0, 362, 0, 0, 0, 0, 0, 0, 0, 0, 0, 0, 0, 0, 349, 0, 0, 0, 0, 0, 0, 0, 0, 0, 0, 0, 0, 412, 0, 0, 0, 0, 0, 0, 0, 0, 0, 0, 0, 333], 'packedBins': {'min': 0, 'size': 0.078125, 'count': 64}}",,11433.672704,,,0.9997646220182275,,1.0810546875,,,0.9992547209903229,"{'values': [344, 0, 0, 0, 0, 0, 0, 0, 0, 0, 0, 0, 302, 0, 0, 0, 0, 0, 0, 0, 0, 0, 0, 0, 0, 339, 0, 0, 0, 0, 0, 0, 0, 0, 0, 0, 0, 0, 356, 0, 0, 0, 0, 0, 0, 0, 0, 0, 0, 0, 0, 351, 0, 0, 0, 0, 0, 0, 0, 0, 0, 0, 0, 356], 'packedBins': {'min': 0, 'size': 0.078125, 'count': 64}, '_type': 'histogram'}",,,,,1.0810546875,"{'_type': 'histogram', 'values': [331, 0, 0, 0, 0, 0, 0, 0, 0, 0, 0, 0, 329, 0, 0, 0, 0, 0, 0, 0, 0, 0, 0, 0, 0, 341, 0, 0, 0, 0, 0, 0, 0, 0, 0, 0, 0, 0, 312, 0, 0, 0, 0, 0, 0, 0, 0, 0, 0, 0, 0, 378, 0, 0, 0, 0, 0, 0, 0, 0, 0, 0, 0, 357], 'packedBins': {'min': 0, 'size': 0.078125, 'count': 64}}",,"{'_type': 'histogram', 'values': [330, 0, 0, 0, 0, 0, 0, 0, 0, 0, 0, 0, 346, 0, 0, 0, 0, 0, 0, 0, 0, 0, 0, 0, 0, 337, 0, 0, 0, 0, 0, 0, 0, 0, 0, 0, 0, 0, 336, 0, 0, 0, 0, 0, 0, 0, 0, 0, 0, 0, 0, 338, 0, 0, 0, 0, 0, 0, 0, 0, 0, 0, 0, 361], 'packedBins': {'min': 0, 'size': 0.078125, 'count': 64}}",,,7805.475328,1.1279296875,"{'_type': 'histogram', 'values': [311, 0, 0, 0, 0, 0, 0, 0, 0, 0, 0, 0, 361, 0, 0, 0, 0, 0, 0, 0, 0, 0, 0, 0, 0, 329, 0, 0, 0, 0, 0, 0, 0, 0, 0, 0, 0, 0, 337, 0, 0, 0, 0, 0, 0, 0, 0, 0, 0, 0, 0, 398, 0, 0, 0, 0, 0, 0, 0, 0, 0, 0, 0, 312], 'packedBins': {'min': 0, 'size': 0.078125, 'count': 64}}",17.629089410802163,0.9968219129284284,0.00012398076146414276,"{'values': [335, 0, 0, 0, 0, 0, 0, 0, 0, 0, 0, 0, 356, 0, 0, 0, 0, 0, 0, 0, 0, 0, 0, 0, 0, 350, 0, 0, 0, 0, 0, 0, 0, 0, 0, 0, 0, 0, 338, 0, 0, 0, 0, 0, 0, 0, 0, 0, 0, 0, 0, 361, 0, 0, 0, 0, 0, 0, 0, 0, 0, 0, 0, 308], 'packedBins': {'min': 0, 'size': 0.078125, 'count': 64}, '_type': 'histogram'}",17167.435589322,,,,,5215.535197496459,,,,0.9983484224775206,0.9380138951353729,,,,87818240.0,,,1.1279296875,0.997830737208976,0.9971046072744052,,,"{'values': [354, 0, 0, 0, 0, 0, 0, 0, 0, 0, 0, 0, 273, 0, 0, 0, 0, 0, 0, 0, 0, 0, 0, 0, 0, 385, 0, 0, 0, 0, 0, 0, 0, 0, 0, 0, 0, 0, 344, 0, 0, 0, 0, 0, 0, 0, 0, 0, 0, 0, 0, 356, 0, 0, 0, 0, 0, 0, 0, 0, 0, 0, 0, 336], 'packedBins': {'min': 0, 'size': 0.078125, 'count': 64}, '_type': 'histogram'}",,,1.072265625,12.069788028299808,"{'_type': 'histogram', 'values': [359, 0, 0, 0, 0, 0, 0, 0, 0, 0, 0, 0, 359, 0, 0, 0, 0, 0, 0, 0, 0, 0, 0, 0, 0, 365, 0, 0, 0, 0, 0, 0, 0, 0, 0, 0, 0, 0, 368, 0, 0, 0, 0, 0, 0, 0, 0, 0, 0, 0, 0, 267, 0, 0, 0, 0, 0, 0, 0, 0, 0, 0, 0, 330], 'packedBins': {'count': 64, 'min': 0, 'size': 0.078125}}",1.078125,0.999145941217277
,"{'values': [319, 0, 0, 0, 0, 0, 0, 0, 0, 0, 0, 0, 319, 0, 0, 0, 0, 0, 0, 0, 0, 0, 0, 0, 0, 341, 0, 0, 0, 0, 0, 0, 0, 0, 0, 0, 0, 0, 334, 0, 0, 0, 0, 0, 0, 0, 0, 0, 0, 0, 0, 331, 0, 0, 0, 0, 0, 0, 0, 0, 0, 0, 0, 404], 'packedBins': {'min': 0, 'size': 0.078125, 'count': 64}, '_type': 'histogram'}",0.42212092876434326,0.9967690865432305,1360,1.154296875,2.9167702734470367,,,0.9980484963509817,1.171875,1.107421875,1.166015625,0.998700642733487,,"{'values': [343, 0, 0, 0, 0, 0, 0, 0, 0, 0, 0, 0, 331, 0, 0, 0, 0, 0, 0, 0, 0, 0, 0, 0, 0, 347, 0, 0, 0, 0, 0, 0, 0, 0, 0, 0, 0, 0, 307, 0, 0, 0, 0, 0, 0, 0, 0, 0, 0, 0, 0, 379, 0, 0, 0, 0, 0, 0, 0, 0, 0, 0, 0, 341], 'packedBins': {'count': 64, 'min': 0, 'size': 0.078125}, '_type': 'histogram'}",1.0810546875,"{'_type': 'histogram', 'values': [334, 0, 0, 0, 0, 0, 0, 0, 0, 0, 0, 0, 309, 0, 0, 0, 0, 0, 0, 0, 0, 0, 0, 0, 0, 338, 0, 0, 0, 0, 0, 0, 0, 0, 0, 0, 0, 0, 363, 0, 0, 0, 0, 0, 0, 0, 0, 0, 0, 0, 0, 371, 0, 0, 0, 0, 0, 0, 0, 0, 0, 0, 0, 333], 'packedBins': {'min': 0, 'size': 0.078125, 'count': 64}}",,0.9989092204634559,,"{'_type': 'histogram', 'values': [388, 0, 0, 0, 0, 0, 0, 0, 0, 0, 0, 0, 346, 0, 0, 0, 0, 0, 0, 0, 0, 0, 0, 0, 0, 261, 0, 0, 0, 0, 0, 0, 0, 0, 0, 0, 0, 0, 364, 0, 0, 0, 0, 0, 0, 0, 0, 0, 0, 0, 0, 320, 0, 0, 0, 0, 0, 0, 0, 0, 0, 0, 0, 369], 'packedBins': {'size': 0.078125, 'count': 64, 'min': 0}}",1784908880.3665712,,,0.9989896576167357,,,,1.048828125,"{'_type': 'histogram', 'values': [331, 0, 0, 0, 0, 0, 0, 0, 0, 0, 0, 0, 353, 0, 0, 0, 0, 0, 0, 0, 0, 0, 0, 0, 0, 369, 0, 0, 0, 0, 0, 0, 0, 0, 0, 0, 0, 0, 329, 0, 0, 0, 0, 0, 0, 0, 0, 0, 0, 0, 0, 364, 0, 0, 0, 0, 0, 0, 0, 0, 0, 0, 0, 302], 'packedBins': {'count': 64, 'min': 0, 'size': 0.078125}}",,11433.672704,,,0.9982679187922695,,1.18359375,,,0.9965891840928842,"{'_type': 'histogram', 'values': [311, 0, 0, 0, 0, 0, 0, 0, 0, 0, 0, 0, 319, 0, 0, 0, 0, 0, 0, 0, 0, 0, 0, 0, 0, 351, 0, 0, 0, 0, 0, 0, 0, 0, 0, 0, 0, 0, 378, 0, 0, 0, 0, 0, 0, 0, 0, 0, 0, 0, 0, 344, 0, 0, 0, 0, 0, 0, 0, 0, 0, 0, 0, 345], 'packedBins': {'count': 64, 'min': 0, 'size': 0.078125}}",,,,,1.0869140625,"{'_type': 'histogram', 'values': [299, 0, 0, 0, 0, 0, 0, 0, 0, 0, 0, 0, 326, 0, 0, 0, 0, 0, 0, 0, 0, 0, 0, 0, 0, 319, 0, 0, 0, 0, 0, 0, 0, 0, 0, 0, 0, 0, 320, 0, 0, 0, 0, 0, 0, 0, 0, 0, 0, 0, 0, 384, 0, 0, 0, 0, 0, 0, 0, 0, 0, 0, 0, 400], 'packedBins': {'min': 0, 'size': 0.078125, 'count': 64}}",,"{'_type': 'histogram', 'values': [398, 0, 0, 0, 0, 0, 0, 0, 0, 0, 0, 0, 324, 0, 0, 0, 0, 0, 0, 0, 0, 0, 0, 0, 0, 318, 0, 0, 0, 0, 0, 0, 0, 0, 0, 0, 0, 0, 323, 0, 0, 0, 0, 0, 0, 0, 0, 0, 0, 0, 0, 349, 0, 0, 0, 0, 0, 0, 0, 0, 0, 0, 0, 336], 'packedBins': {'min': 0, 'size': 0.078125, 'count': 64}}",,,7805.475328,1.107421875,"{'values': [341, 0, 0, 0, 0, 0, 0, 0, 0, 0, 0, 0, 358, 0, 0, 0, 0, 0, 0, 0, 0, 0, 0, 0, 0, 338, 0, 0, 0, 0, 0, 0, 0, 0, 0, 0, 0, 0, 295, 0, 0, 0, 0, 0, 0, 0, 0, 0, 0, 0, 0, 358, 0, 0, 0, 0, 0, 0, 0, 0, 0, 0, 0, 358], 'packedBins': {'count': 64, 'min': 0, 'size': 0.078125}, '_type': 'histogram'}",18.481500770610943,0.9963780116160353,0.00012201052123511116,"{'values': [374, 0, 0, 0, 0, 0, 0, 0, 0, 0, 0, 0, 348, 0, 0, 0, 0, 0, 0, 0, 0, 0, 0, 0, 0, 282, 0, 0, 0, 0, 0, 0, 0, 0, 0, 0, 0, 0, 394, 0, 0, 0, 0, 0, 0, 0, 0, 0, 0, 0, 0, 341, 0, 0, 0, 0, 0, 0, 0, 0, 0, 0, 0, 309], 'packedBins': {'count': 64, 'min': 0, 'size': 0.078125}, '_type': 'histogram'}",17419.611017047,,,,,5210.77341718941,,,,0.9956692465259691,0.9544566578697413,,,,89128960.0,,,1.13671875,0.9987695698557352,0.9987760899889208,,,"{'_type': 'histogram', 'values': [378, 0, 0, 0, 0, 0, 0, 0, 0, 0, 0, 0, 349, 0, 0, 0, 0, 0, 0, 0, 0, 0, 0, 0, 0, 318, 0, 0, 0, 0, 0, 0, 0, 0, 0, 0, 0, 0, 349, 0, 0, 0, 0, 0, 0, 0, 0, 0, 0, 0, 0, 309, 0, 0, 0, 0, 0, 0, 0, 0, 0, 0, 0, 345], 'packedBins': {'min': 0, 'size': 0.078125, 'count': 64}}",,,1.1103515625,12.065721951425076,"{'packedBins': {'min': 0, 'size': 0.078125, 'count': 64}, '_type': 'histogram', 'values': [388, 0, 0, 0, 0, 0, 0, 0, 0, 0, 0, 0, 297, 0, 0, 0, 0, 0, 0, 0, 0, 0, 0, 0, 0, 312, 0, 0, 0, 0, 0, 0, 0, 0, 0, 0, 0, 0, 317, 0, 0, 0, 0, 0, 0, 0, 0, 0, 0, 0, 0, 401, 0, 0, 0, 0, 0, 0, 0, 0, 0, 0, 0, 333]}",1.1748046875,0.9988541319912344
,"{'_type': 'histogram', 'values': [300, 0, 0, 0, 0, 0, 0, 0, 0, 0, 0, 0, 322, 0, 0, 0, 0, 0, 0, 0, 0, 0, 0, 0, 0, 335, 0, 0, 0, 0, 0, 0, 0, 0, 0, 0, 0, 0, 356, 0, 0, 0, 0, 0, 0, 0, 0, 0, 0, 0, 0, 366, 0, 0, 0, 0, 0, 0, 0, 0, 0, 0, 0, 369], 'packedBins': {'min': 0, 'size': 0.078125, 'count': 64}}",0.4052738845348358,0.9986013770323344,1380,1.3359375,2.8879501007497312,,,0.9985009137556987,1.078125,1.2275390625,1.095703125,0.9958182116096693,,"{'values': [328, 0, 0, 0, 0, 0, 0, 0, 0, 0, 0, 0, 397, 0, 0, 0, 0, 0, 0, 0, 0, 0, 0, 0, 0, 323, 0, 0, 0, 0, 0, 0, 0, 0, 0, 0, 0, 0, 355, 0, 0, 0, 0, 0, 0, 0, 0, 0, 0, 0, 0, 296, 0, 0, 0, 0, 0, 0, 0, 0, 0, 0, 0, 349], 'packedBins': {'count': 64, 'min': 0, 'size': 0.078125}, '_type': 'histogram'}",1.1865234375,"{'_type': 'histogram', 'values': [383, 0, 0, 0, 0, 0, 0, 0, 0, 0, 0, 0, 350, 0, 0, 0, 0, 0, 0, 0, 0, 0, 0, 0, 0, 298, 0, 0, 0, 0, 0, 0, 0, 0, 0, 0, 0, 0, 328, 0, 0, 0, 0, 0, 0, 0, 0, 0, 0, 0, 0, 325, 0, 0, 0, 0, 0, 0, 0, 0, 0, 0, 0, 364], 'packedBins': {'min': 0, 'size': 0.078125, 'count': 64}}",,0.9976604818944655,,"{'_type': 'histogram', 'values': [380, 0, 0, 0, 0, 0, 0, 0, 0, 0, 0, 0, 323, 0, 0, 0, 0, 0, 0, 0, 0, 0, 0, 0, 0, 343, 0, 0, 0, 0, 0, 0, 0, 0, 0, 0, 0, 0, 317, 0, 0, 0, 0, 0, 0, 0, 0, 0, 0, 0, 0, 355, 0, 0, 0, 0, 0, 0, 0, 0, 0, 0, 0, 330], 'packedBins': {'size': 0.078125, 'count': 64, 'min': 0}}",1784909132.5420556,,,0.9981395120876954,,,,1.13671875,"{'_type': 'histogram', 'values': [372, 0, 0, 0, 0, 0, 0, 0, 0, 0, 0, 0, 362, 0, 0, 0, 0, 0, 0, 0, 0, 0, 0, 0, 0, 324, 0, 0, 0, 0, 0, 0, 0, 0, 0, 0, 0, 0, 293, 0, 0, 0, 0, 0, 0, 0, 0, 0, 0, 0, 0, 405, 0, 0, 0, 0, 0, 0, 0, 0, 0, 0, 0, 292], 'packedBins': {'size': 0.078125, 'count': 64, 'min': 0}}",,11433.672704,,,0.9984349140401871,,1.0810546875,,,0.9917014793546295,"{'_type': 'histogram', 'values': [283, 0, 0, 0, 0, 0, 0, 0, 0, 0, 0, 0, 364, 0, 0, 0, 0, 0, 0, 0, 0, 0, 0, 0, 0, 419, 0, 0, 0, 0, 0, 0, 0, 0, 0, 0, 0, 0, 329, 0, 0, 0, 0, 0, 0, 0, 0, 0, 0, 0, 0, 345, 0, 0, 0, 0, 0, 0, 0, 0, 0, 0, 0, 308], 'packedBins': {'min': 0, 'size': 0.078125, 'count': 64}}",,,,,1.1220703125,"{'packedBins': {'min': 0, 'size': 0.078125, 'count': 64}, '_type': 'histogram', 'values': [368, 0, 0, 0, 0, 0, 0, 0, 0, 0, 0, 0, 334, 0, 0, 0, 0, 0, 0, 0, 0, 0, 0, 0, 0, 316, 0, 0, 0, 0, 0, 0, 0, 0, 0, 0, 0, 0, 368, 0, 0, 0, 0, 0, 0, 0, 0, 0, 0, 0, 0, 355, 0, 0, 0, 0, 0, 0, 0, 0, 0, 0, 0, 307]}",,"{'_type': 'histogram', 'values': [355, 0, 0, 0, 0, 0, 0, 0, 0, 0, 0, 0, 374, 0, 0, 0, 0, 0, 0, 0, 0, 0, 0, 0, 0, 337, 0, 0, 0, 0, 0, 0, 0, 0, 0, 0, 0, 0, 312, 0, 0, 0, 0, 0, 0, 0, 0, 0, 0, 0, 0, 306, 0, 0, 0, 0, 0, 0, 0, 0, 0, 0, 0, 364], 'packedBins': {'min': 0, 'size': 0.078125, 'count': 64}}",,,7805.475328,1.1103515625,"{'_type': 'histogram', 'values': [343, 0, 0, 0, 0, 0, 0, 0, 0, 0, 0, 0, 273, 0, 0, 0, 0, 0, 0, 0, 0, 0, 0, 0, 0, 352, 0, 0, 0, 0, 0, 0, 0, 0, 0, 0, 0, 0, 388, 0, 0, 0, 0, 0, 0, 0, 0, 0, 0, 0, 0, 347, 0, 0, 0, 0, 0, 0, 0, 0, 0, 0, 0, 345], 'packedBins': {'min': 0, 'size': 0.078125, 'count': 64}}",17.956462908595125,0.997417507135344,0.00012003440249694233,"{'packedBins': {'min': 0, 'size': 0.078125, 'count': 64}, '_type': 'histogram', 'values': [456, 0, 0, 0, 0, 0, 0, 0, 0, 0, 0, 0, 291, 0, 0, 0, 0, 0, 0, 0, 0, 0, 0, 0, 0, 311, 0, 0, 0, 0, 0, 0, 0, 0, 0, 0, 0, 0, 352, 0, 0, 0, 0, 0, 0, 0, 0, 0, 0, 0, 0, 363, 0, 0, 0, 0, 0, 0, 0, 0, 0, 0, 0, 275]}",17671.944294975,,,,,5200.312449894609,,,,0.9989191337271769,0.9445201580878347,,,,90439680.0,,,1.11328125,0.9971010810799272,0.9970506498456956,,,"{'values': [277, 0, 0, 0, 0, 0, 0, 0, 0, 0, 0, 0, 379, 0, 0, 0, 0, 0, 0, 0, 0, 0, 0, 0, 0, 338, 0, 0, 0, 0, 0, 0, 0, 0, 0, 0, 0, 0, 379, 0, 0, 0, 0, 0, 0, 0, 0, 0, 0, 0, 0, 328, 0, 0, 0, 0, 0, 0, 0, 0, 0, 0, 0, 347], 'packedBins': {'min': 0, 'size': 0.078125, 'count': 64}, '_type': 'histogram'}",,,1.1630859375,12.066682280600071,"{'values': [373, 0, 0, 0, 0, 0, 0, 0, 0, 0, 0, 0, 375, 0, 0, 0, 0, 0, 0, 0, 0, 0, 0, 0, 0, 301, 0, 0, 0, 0, 0, 0, 0, 0, 0, 0, 0, 0, 323, 0, 0, 0, 0, 0, 0, 0, 0, 0, 0, 0, 0, 372, 0, 0, 0, 0, 0, 0, 0, 0, 0, 0, 0, 304], 'packedBins': {'min': 0, 'size': 0.078125, 'count': 64}, '_type': 'histogram'}",1.0986328125,0.9955869464774935
,"{'_type': 'histogram', 'values': [364, 0, 0, 0, 0, 0, 0, 0, 0, 0, 0, 0, 358, 0, 0, 0, 0, 0, 0, 0, 0, 0, 0, 0, 0, 305, 0, 0, 0, 0, 0, 0, 0, 0, 0, 0, 0, 0, 389, 0, 0, 0, 0, 0, 0, 0, 0, 0, 0, 0, 0, 250, 0, 0, 0, 0, 0, 0, 0, 0, 0, 0, 0, 382], 'packedBins': {'min': 0, 'size': 0.078125, 'count': 64}}",0.43193596601486206,0.9997901702951997,1400,1.142578125,2.824087752588093,,,0.9939660280611521,1.03125,1.1044921875,1.06640625,0.9980373189798064,,"{'values': [351, 0, 0, 0, 0, 0, 0, 0, 0, 0, 0, 0, 337, 0, 0, 0, 0, 0, 0, 0, 0, 0, 0, 0, 0, 320, 0, 0, 0, 0, 0, 0, 0, 0, 0, 0, 0, 0, 353, 0, 0, 0, 0, 0, 0, 0, 0, 0, 0, 0, 0, 326, 0, 0, 0, 0, 0, 0, 0, 0, 0, 0, 0, 361], 'packedBins': {'count': 64, 'min': 0, 'size': 0.078125}, '_type': 'histogram'}",1.0927734375,"{'packedBins': {'count': 64, 'min': 0, 'size': 0.078125}, '_type': 'histogram', 'values': [370, 0, 0, 0, 0, 0, 0, 0, 0, 0, 0, 0, 331, 0, 0, 0, 0, 0, 0, 0, 0, 0, 0, 0, 0, 332, 0, 0, 0, 0, 0, 0, 0, 0, 0, 0, 0, 0, 286, 0, 0, 0, 0, 0, 0, 0, 0, 0, 0, 0, 0, 353, 0, 0, 0, 0, 0, 0, 0, 0, 0, 0, 0, 376]}",,0.9994693531296783,,"{'_type': 'histogram', 'values': [272, 0, 0, 0, 0, 0, 0, 0, 0, 0, 0, 0, 374, 0, 0, 0, 0, 0, 0, 0, 0, 0, 0, 0, 0, 347, 0, 0, 0, 0, 0, 0, 0, 0, 0, 0, 0, 0, 333, 0, 0, 0, 0, 0, 0, 0, 0, 0, 0, 0, 0, 331, 0, 0, 0, 0, 0, 0, 0, 0, 0, 0, 0, 391], 'packedBins': {'size': 0.078125, 'count': 64, 'min': 0}}",1784909384.8753414,,,0.9977903523024079,,,,1.08984375,"{'_type': 'histogram', 'values': [364, 0, 0, 0, 0, 0, 0, 0, 0, 0, 0, 0, 316, 0, 0, 0, 0, 0, 0, 0, 0, 0, 0, 0, 0, 373, 0, 0, 0, 0, 0, 0, 0, 0, 0, 0, 0, 0, 336, 0, 0, 0, 0, 0, 0, 0, 0, 0, 0, 0, 0, 364, 0, 0, 0, 0, 0, 0, 0, 0, 0, 0, 0, 295], 'packedBins': {'count': 64, 'min': 0, 'size': 0.078125}}",,11433.672704,,,0.9994173251281359,,1.1396484375,,,0.9980428411334228,"{'_type': 'histogram', 'values': [283, 0, 0, 0, 0, 0, 0, 0, 0, 0, 0, 0, 341, 0, 0, 0, 0, 0, 0, 0, 0, 0, 0, 0, 0, 371, 0, 0, 0, 0, 0, 0, 0, 0, 0, 0, 0, 0, 343, 0, 0, 0, 0, 0, 0, 0, 0, 0, 0, 0, 0, 333, 0, 0, 0, 0, 0, 0, 0, 0, 0, 0, 0, 377], 'packedBins': {'min': 0, 'size': 0.078125, 'count': 64}}",,,,,1.1015625,"{'_type': 'histogram', 'values': [326, 0, 0, 0, 0, 0, 0, 0, 0, 0, 0, 0, 340, 0, 0, 0, 0, 0, 0, 0, 0, 0, 0, 0, 0, 352, 0, 0, 0, 0, 0, 0, 0, 0, 0, 0, 0, 0, 348, 0, 0, 0, 0, 0, 0, 0, 0, 0, 0, 0, 0, 333, 0, 0, 0, 0, 0, 0, 0, 0, 0, 0, 0, 349], 'packedBins': {'min': 0, 'size': 0.078125, 'count': 64}}",,"{'_type': 'histogram', 'values': [344, 0, 0, 0, 0, 0, 0, 0, 0, 0, 0, 0, 364, 0, 0, 0, 0, 0, 0, 0, 0, 0, 0, 0, 0, 336, 0, 0, 0, 0, 0, 0, 0, 0, 0, 0, 0, 0, 353, 0, 0, 0, 0, 0, 0, 0, 0, 0, 0, 0, 0, 337, 0, 0, 0, 0, 0, 0, 0, 0, 0, 0, 0, 314], 'packedBins': {'min': 0, 'size': 0.078125, 'count': 64}}",,,7805.475328,1.142578125,"{'_type': 'histogram', 'values': [350, 0, 0, 0, 0, 0, 0, 0, 0, 0, 0, 0, 314, 0, 0, 0, 0, 0, 0, 0, 0, 0, 0, 0, 0, 308, 0, 0, 0, 0, 0, 0, 0, 0, 0, 0, 0, 0, 339, 0, 0, 0, 0, 0, 0, 0, 0, 0, 0, 0, 0, 365, 0, 0, 0, 0, 0, 0, 0, 0, 0, 0, 0, 372], 'packedBins': {'count': 64, 'min': 0, 'size': 0.078125}}",16.8455706463302,0.998002323162912,0.00011805337245429217,"{'_type': 'histogram', 'values': [307, 0, 0, 0, 0, 0, 0, 0, 0, 0, 0, 0, 390, 0, 0, 0, 0, 0, 0, 0, 0, 0, 0, 0, 0, 350, 0, 0, 0, 0, 0, 0, 0, 0, 0, 0, 0, 0, 308, 0, 0, 0, 0, 0, 0, 0, 0, 0, 0, 0, 0, 355, 0, 0, 0, 0, 0, 0, 0, 0, 0, 0, 0, 338], 'packedBins': {'size': 0.078125, 'count': 64, 'min': 0}}",17925.050949142,,,,,5197.074447261126,,,,0.9964991663357398,0.9357053518295289,,,,91750400.0,,,1.1455078125,0.9986196067924656,0.9985913972366421,,,"{'values': [321, 0, 0, 0, 0, 0, 0, 0, 0, 0, 0, 0, 356, 0, 0, 0, 0, 0, 0, 0, 0, 0, 0, 0, 0, 326, 0, 0, 0, 0, 0, 0, 0, 0, 0, 0, 0, 0, 390, 0, 0, 0, 0, 0, 0, 0, 0, 0, 0, 0, 0, 329, 0, 0, 0, 0, 0, 0, 0, 0, 0, 0, 0, 326], 'packedBins': {'min': 0, 'size': 0.078125, 'count': 64}, '_type': 'histogram'}",,,1.0576171875,12.067931459844113,"{'values': [321, 0, 0, 0, 0, 0, 0, 0, 0, 0, 0, 0, 303, 0, 0, 0, 0, 0, 0, 0, 0, 0, 0, 0, 0, 320, 0, 0, 0, 0, 0, 0, 0, 0, 0, 0, 0, 0, 356, 0, 0, 0, 0, 0, 0, 0, 0, 0, 0, 0, 0, 387, 0, 0, 0, 0, 0, 0, 0, 0, 0, 0, 0, 361], 'packedBins': {'min': 0, 'size': 0.078125, 'count': 64}, '_type': 'histogram'}",1.1337890625,0.997695278115446
,"{'_type': 'histogram', 'values': [389, 0, 0, 0, 0, 0, 0, 0, 0, 0, 0, 0, 327, 0, 0, 0, 0, 0, 0, 0, 0, 0, 0, 0, 0, 328, 0, 0, 0, 0, 0, 0, 0, 0, 0, 0, 0, 0, 341, 0, 0, 0, 0, 0, 0, 0, 0, 0, 0, 0, 0, 362, 0, 0, 0, 0, 0, 0, 0, 0, 0, 0, 0, 301], 'packedBins': {'min': 0, 'size': 0.078125, 'count': 64}}",0.42433255910873413,0.997446515074823,1420,1.095703125,2.8747162334620953,,,0.9981335907422513,1.130859375,1.2216796875,1.0810546875,0.9987722311345864,,"{'values': [365, 0, 0, 0, 0, 0, 0, 0, 0, 0, 0, 0, 382, 0, 0, 0, 0, 0, 0, 0, 0, 0, 0, 0, 0, 421, 0, 0, 0, 0, 0, 0, 0, 0, 0, 0, 0, 0, 220, 0, 0, 0, 0, 0, 0, 0, 0, 0, 0, 0, 0, 342, 0, 0, 0, 0, 0, 0, 0, 0, 0, 0, 0, 318], 'packedBins': {'size': 0.078125, 'count': 64, 'min': 0}, '_type': 'histogram'}",1.107421875,"{'_type': 'histogram', 'values': [342, 0, 0, 0, 0, 0, 0, 0, 0, 0, 0, 0, 336, 0, 0, 0, 0, 0, 0, 0, 0, 0, 0, 0, 0, 385, 0, 0, 0, 0, 0, 0, 0, 0, 0, 0, 0, 0, 293, 0, 0, 0, 0, 0, 0, 0, 0, 0, 0, 0, 0, 334, 0, 0, 0, 0, 0, 0, 0, 0, 0, 0, 0, 358], 'packedBins': {'min': 0, 'size': 0.078125, 'count': 64}}",,0.9898349249003154,,"{'packedBins': {'size': 0.078125, 'count': 64, 'min': 0}, '_type': 'histogram', 'values': [341, 0, 0, 0, 0, 0, 0, 0, 0, 0, 0, 0, 346, 0, 0, 0, 0, 0, 0, 0, 0, 0, 0, 0, 0, 351, 0, 0, 0, 0, 0, 0, 0, 0, 0, 0, 0, 0, 320, 0, 0, 0, 0, 0, 0, 0, 0, 0, 0, 0, 0, 290, 0, 0, 0, 0, 0, 0, 0, 0, 0, 0, 0, 400]}",1784909637.9819407,,,0.9981470967324215,,,,1.1337890625,"{'_type': 'histogram', 'values': [303, 0, 0, 0, 0, 0, 0, 0, 0, 0, 0, 0, 332, 0, 0, 0, 0, 0, 0, 0, 0, 0, 0, 0, 0, 350, 0, 0, 0, 0, 0, 0, 0, 0, 0, 0, 0, 0, 336, 0, 0, 0, 0, 0, 0, 0, 0, 0, 0, 0, 0, 378, 0, 0, 0, 0, 0, 0, 0, 0, 0, 0, 0, 349], 'packedBins': {'min': 0, 'size': 0.078125, 'count': 64}}",,11433.672704,,,0.9990864616349509,,1.1396484375,,,0.997677580611085,"{'_type': 'histogram', 'values': [288, 0, 0, 0, 0, 0, 0, 0, 0, 0, 0, 0, 325, 0, 0, 0, 0, 0, 0, 0, 0, 0, 0, 0, 0, 338, 0, 0, 0, 0, 0, 0, 0, 0, 0, 0, 0, 0, 355, 0, 0, 0, 0, 0, 0, 0, 0, 0, 0, 0, 0, 325, 0, 0, 0, 0, 0, 0, 0, 0, 0, 0, 0, 417], 'packedBins': {'size': 0.078125, 'count': 64, 'min': 0}}",,,,,1.1279296875,"{'_type': 'histogram', 'values': [336, 0, 0, 0, 0, 0, 0, 0, 0, 0, 0, 0, 336, 0, 0, 0, 0, 0, 0, 0, 0, 0, 0, 0, 0, 377, 0, 0, 0, 0, 0, 0, 0, 0, 0, 0, 0, 0, 324, 0, 0, 0, 0, 0, 0, 0, 0, 0, 0, 0, 0, 289, 0, 0, 0, 0, 0, 0, 0, 0, 0, 0, 0, 386], 'packedBins': {'min': 0, 'size': 0.078125, 'count': 64}}",,"{'packedBins': {'min': 0, 'size': 0.078125, 'count': 64}, '_type': 'histogram', 'values': [325, 0, 0, 0, 0, 0, 0, 0, 0, 0, 0, 0, 312, 0, 0, 0, 0, 0, 0, 0, 0, 0, 0, 0, 0, 361, 0, 0, 0, 0, 0, 0, 0, 0, 0, 0, 0, 0, 369, 0, 0, 0, 0, 0, 0, 0, 0, 0, 0, 0, 0, 342, 0, 0, 0, 0, 0, 0, 0, 0, 0, 0, 0, 339]}",,,7805.475328,1.1484375,"{'_type': 'histogram', 'values': [334, 0, 0, 0, 0, 0, 0, 0, 0, 0, 0, 0, 297, 0, 0, 0, 0, 0, 0, 0, 0, 0, 0, 0, 0, 387, 0, 0, 0, 0, 0, 0, 0, 0, 0, 0, 0, 0, 347, 0, 0, 0, 0, 0, 0, 0, 0, 0, 0, 0, 0, 365, 0, 0, 0, 0, 0, 0, 0, 0, 0, 0, 0, 318], 'packedBins': {'size': 0.078125, 'count': 64, 'min': 0}}",17.720394952814434,0.9981729111372789,0.00011606840071563805,"{'packedBins': {'count': 64, 'min': 0, 'size': 0.078125}, '_type': 'histogram', 'values': [350, 0, 0, 0, 0, 0, 0, 0, 0, 0, 0, 0, 341, 0, 0, 0, 0, 0, 0, 0, 0, 0, 0, 0, 0, 372, 0, 0, 0, 0, 0, 0, 0, 0, 0, 0, 0, 0, 283, 0, 0, 0, 0, 0, 0, 0, 0, 0, 0, 0, 0, 328, 0, 0, 0, 0, 0, 0, 0, 0, 0, 0, 0, 374]}",18178.057101745,,,,,5181.252414545296,,,,0.9973584267448456,0.9362705026753246,,,,93061120.0,,,1.171875,0.9979059848684959,0.997379983103541,,,"{'values': [316, 0, 0, 0, 0, 0, 0, 0, 0, 0, 0, 0, 392, 0, 0, 0, 0, 0, 0, 0, 0, 0, 0, 0, 0, 379, 0, 0, 0, 0, 0, 0, 0, 0, 0, 0, 0, 0, 340, 0, 0, 0, 0, 0, 0, 0, 0, 0, 0, 0, 0, 318, 0, 0, 0, 0, 0, 0, 0, 0, 0, 0, 0, 303], 'packedBins': {'min': 0, 'size': 0.078125, 'count': 64}, '_type': 'histogram'}",,,1.2333984375,12.062932492792607,"{'values': [349, 0, 0, 0, 0, 0, 0, 0, 0, 0, 0, 0, 362, 0, 0, 0, 0, 0, 0, 0, 0, 0, 0, 0, 0, 336, 0, 0, 0, 0, 0, 0, 0, 0, 0, 0, 0, 0, 384, 0, 0, 0, 0, 0, 0, 0, 0, 0, 0, 0, 0, 302, 0, 0, 0, 0, 0, 0, 0, 0, 0, 0, 0, 315], 'packedBins': {'min': 0, 'size': 0.078125, 'count': 64}, '_type': 'histogram'}",1.125,0.9963725559943902
,"{'_type': 'histogram', 'values': [365, 0, 0, 0, 0, 0, 0, 0, 0, 0, 0, 0, 330, 0, 0, 0, 0, 0, 0, 0, 0, 0, 0, 0, 0, 288, 0, 0, 0, 0, 0, 0, 0, 0, 0, 0, 0, 0, 387, 0, 0, 0, 0, 0, 0, 0, 0, 0, 0, 0, 0, 328, 0, 0, 0, 0, 0, 0, 0, 0, 0, 0, 0, 350], 'packedBins': {'count': 64, 'min': 0, 'size': 0.078125}}",0.3915035128593445,0.9980646636200032,1440,1.18359375,2.8175917960703374,,,0.9976305425073887,1.177734375,1.0986328125,1.06640625,0.994025707239392,,"{'values': [343, 0, 0, 0, 0, 0, 0, 0, 0, 0, 0, 0, 337, 0, 0, 0, 0, 0, 0, 0, 0, 0, 0, 0, 0, 329, 0, 0, 0, 0, 0, 0, 0, 0, 0, 0, 0, 0, 370, 0, 0, 0, 0, 0, 0, 0, 0, 0, 0, 0, 0, 295, 0, 0, 0, 0, 0, 0, 0, 0, 0, 0, 0, 374], 'packedBins': {'count': 64, 'min': 0, 'size': 0.078125}, '_type': 'histogram'}",1.23046875,"{'values': [374, 0, 0, 0, 0, 0, 0, 0, 0, 0, 0, 0, 359, 0, 0, 0, 0, 0, 0, 0, 0, 0, 0, 0, 0, 292, 0, 0, 0, 0, 0, 0, 0, 0, 0, 0, 0, 0, 387, 0, 0, 0, 0, 0, 0, 0, 0, 0, 0, 0, 0, 282, 0, 0, 0, 0, 0, 0, 0, 0, 0, 0, 0, 354], 'packedBins': {'min': 0, 'size': 0.078125, 'count': 64}, '_type': 'histogram'}",,0.9982990557548295,,"{'_type': 'histogram', 'values': [334, 0, 0, 0, 0, 0, 0, 0, 0, 0, 0, 0, 372, 0, 0, 0, 0, 0, 0, 0, 0, 0, 0, 0, 0, 248, 0, 0, 0, 0, 0, 0, 0, 0, 0, 0, 0, 0, 358, 0, 0, 0, 0, 0, 0, 0, 0, 0, 0, 0, 0, 335, 0, 0, 0, 0, 0, 0, 0, 0, 0, 0, 0, 401], 'packedBins': {'size': 0.078125, 'count': 64, 'min': 0}}",1784909890.988073,,,0.9960868011777344,,,,1.16015625,"{'values': [290, 0, 0, 0, 0, 0, 0, 0, 0, 0, 0, 0, 349, 0, 0, 0, 0, 0, 0, 0, 0, 0, 0, 0, 0, 374, 0, 0, 0, 0, 0, 0, 0, 0, 0, 0, 0, 0, 271, 0, 0, 0, 0, 0, 0, 0, 0, 0, 0, 0, 0, 344, 0, 0, 0, 0, 0, 0, 0, 0, 0, 0, 0, 420], 'packedBins': {'min': 0, 'size': 0.078125, 'count': 64}, '_type': 'histogram'}",,11435.769856,,,0.9984975871571347,,1.1337890625,,,0.9961225288463128,"{'_type': 'histogram', 'values': [375, 0, 0, 0, 0, 0, 0, 0, 0, 0, 0, 0, 324, 0, 0, 0, 0, 0, 0, 0, 0, 0, 0, 0, 0, 332, 0, 0, 0, 0, 0, 0, 0, 0, 0, 0, 0, 0, 351, 0, 0, 0, 0, 0, 0, 0, 0, 0, 0, 0, 0, 364, 0, 0, 0, 0, 0, 0, 0, 0, 0, 0, 0, 302], 'packedBins': {'min': 0, 'size': 0.078125, 'count': 64}}",,,,,1.1337890625,"{'_type': 'histogram', 'values': [336, 0, 0, 0, 0, 0, 0, 0, 0, 0, 0, 0, 402, 0, 0, 0, 0, 0, 0, 0, 0, 0, 0, 0, 0, 346, 0, 0, 0, 0, 0, 0, 0, 0, 0, 0, 0, 0, 317, 0, 0, 0, 0, 0, 0, 0, 0, 0, 0, 0, 0, 329, 0, 0, 0, 0, 0, 0, 0, 0, 0, 0, 0, 318], 'packedBins': {'min': 0, 'size': 0.078125, 'count': 64}}",,"{'_type': 'histogram', 'values': [295, 0, 0, 0, 0, 0, 0, 0, 0, 0, 0, 0, 364, 0, 0, 0, 0, 0, 0, 0, 0, 0, 0, 0, 0, 363, 0, 0, 0, 0, 0, 0, 0, 0, 0, 0, 0, 0, 330, 0, 0, 0, 0, 0, 0, 0, 0, 0, 0, 0, 0, 361, 0, 0, 0, 0, 0, 0, 0, 0, 0, 0, 0, 335], 'packedBins': {'min': 0, 'size': 0.078125, 'count': 64}}",,,7805.475328,1.166015625,"{'_type': 'histogram', 'values': [390, 0, 0, 0, 0, 0, 0, 0, 0, 0, 0, 0, 288, 0, 0, 0, 0, 0, 0, 0, 0, 0, 0, 0, 0, 322, 0, 0, 0, 0, 0, 0, 0, 0, 0, 0, 0, 0, 361, 0, 0, 0, 0, 0, 0, 0, 0, 0, 0, 0, 0, 291, 0, 0, 0, 0, 0, 0, 0, 0, 0, 0, 0, 396], 'packedBins': {'min': 0, 'size': 0.078125, 'count': 64}}",16.73649720361691,0.9977724552021331,0.00011408045881870713,"{'values': [303, 0, 0, 0, 0, 0, 0, 0, 0, 0, 0, 0, 351, 0, 0, 0, 0, 0, 0, 0, 0, 0, 0, 0, 0, 280, 0, 0, 0, 0, 0, 0, 0, 0, 0, 0, 0, 0, 353, 0, 0, 0, 0, 0, 0, 0, 0, 0, 0, 0, 0, 357, 0, 0, 0, 0, 0, 0, 0, 0, 0, 0, 0, 404], 'packedBins': {'min': 0, 'size': 0.078125, 'count': 64}, '_type': 'histogram'}",18430.847452066,,,,,5183.261479660524,,,,0.9942971576822222,0.931309613166377,,,,94371840.0,,,1.1748046875,0.9953942033566897,0.9979046542290703,,,"{'values': [323, 0, 0, 0, 0, 0, 0, 0, 0, 0, 0, 0, 398, 0, 0, 0, 0, 0, 0, 0, 0, 0, 0, 0, 0, 364, 0, 0, 0, 0, 0, 0, 0, 0, 0, 0, 0, 0, 328, 0, 0, 0, 0, 0, 0, 0, 0, 0, 0, 0, 0, 320, 0, 0, 0, 0, 0, 0, 0, 0, 0, 0, 0, 315], 'packedBins': {'min': 0, 'size': 0.078125, 'count': 64}, '_type': 'histogram'}",,,1.095703125,12.06575499624014,"{'values': [370, 0, 0, 0, 0, 0, 0, 0, 0, 0, 0, 0, 350, 0, 0, 0, 0, 0, 0, 0, 0, 0, 0, 0, 0, 309, 0, 0, 0, 0, 0, 0, 0, 0, 0, 0, 0, 0, 304, 0, 0, 0, 0, 0, 0, 0, 0, 0, 0, 0, 0, 387, 0, 0, 0, 0, 0, 0, 0, 0, 0, 0, 0, 328], 'packedBins': {'min': 0, 'size': 0.078125, 'count': 64}, '_type': 'histogram'}",1.1337890625,0.9985241334136762
,"{'_type': 'histogram', 'values': [435, 0, 0, 0, 0, 0, 0, 0, 0, 0, 0, 0, 285, 0, 0, 0, 0, 0, 0, 0, 0, 0, 0, 0, 0, 297, 0, 0, 0, 0, 0, 0, 0, 0, 0, 0, 0, 0, 271, 0, 0, 0, 0, 0, 0, 0, 0, 0, 0, 0, 0, 358, 0, 0, 0, 0, 0, 0, 0, 0, 0, 0, 0, 402], 'packedBins': {'min': 0, 'size': 0.078125, 'count': 64}}",0.4142119586467743,0.9802469359869073,1460,1.306640625,2.8030204590409995,,,0.9909918493489366,1.353515625,1.1015625,1.3828125,0.9943324196270016,,"{'packedBins': {'count': 64, 'min': 0, 'size': 0.078125}, '_type': 'histogram', 'values': [318, 0, 0, 0, 0, 0, 0, 0, 0, 0, 0, 0, 261, 0, 0, 0, 0, 0, 0, 0, 0, 0, 0, 0, 0, 316, 0, 0, 0, 0, 0, 0, 0, 0, 0, 0, 0, 0, 291, 0, 0, 0, 0, 0, 0, 0, 0, 0, 0, 0, 0, 436, 0, 0, 0, 0, 0, 0, 0, 0, 0, 0, 0, 426]}",1.201171875,"{'_type': 'histogram', 'values': [270, 0, 0, 0, 0, 0, 0, 0, 0, 0, 0, 0, 369, 0, 0, 0, 0, 0, 0, 0, 0, 0, 0, 0, 0, 355, 0, 0, 0, 0, 0, 0, 0, 0, 0, 0, 0, 0, 407, 0, 0, 0, 0, 0, 0, 0, 0, 0, 0, 0, 0, 248, 0, 0, 0, 0, 0, 0, 0, 0, 0, 0, 0, 399], 'packedBins': {'min': 0, 'size': 0.078125, 'count': 64}}",,0.9897069839195403,,"{'_type': 'histogram', 'values': [538, 0, 0, 0, 0, 0, 0, 0, 0, 0, 0, 0, 457, 0, 0, 0, 0, 0, 0, 0, 0, 0, 0, 0, 0, 328, 0, 0, 0, 0, 0, 0, 0, 0, 0, 0, 0, 0, 268, 0, 0, 0, 0, 0, 0, 0, 0, 0, 0, 0, 0, 217, 0, 0, 0, 0, 0, 0, 0, 0, 0, 0, 0, 240], 'packedBins': {'count': 64, 'min': 0, 'size': 0.078125}}",1784910143.7779083,,,0.9907137457089782,,,,1.119140625,"{'_type': 'histogram', 'values': [317, 0, 0, 0, 0, 0, 0, 0, 0, 0, 0, 0, 388, 0, 0, 0, 0, 0, 0, 0, 0, 0, 0, 0, 0, 299, 0, 0, 0, 0, 0, 0, 0, 0, 0, 0, 0, 0, 274, 0, 0, 0, 0, 0, 0, 0, 0, 0, 0, 0, 0, 360, 0, 0, 0, 0, 0, 0, 0, 0, 0, 0, 0, 410], 'packedBins': {'min': 0, 'size': 0.078125, 'count': 64}}",,11435.769856,,,0.9814842975888083,,1.2744140625,,,0.9885732125969251,"{'packedBins': {'min': 0, 'size': 0.078125, 'count': 64}, '_type': 'histogram', 'values': [344, 0, 0, 0, 0, 0, 0, 0, 0, 0, 0, 0, 324, 0, 0, 0, 0, 0, 0, 0, 0, 0, 0, 0, 0, 376, 0, 0, 0, 0, 0, 0, 0, 0, 0, 0, 0, 0, 344, 0, 0, 0, 0, 0, 0, 0, 0, 0, 0, 0, 0, 309, 0, 0, 0, 0, 0, 0, 0, 0, 0, 0, 0, 351]}",,,,,1.1923828125,"{'_type': 'histogram', 'values': [232, 0, 0, 0, 0, 0, 0, 0, 0, 0, 0, 0, 370, 0, 0, 0, 0, 0, 0, 0, 0, 0, 0, 0, 0, 445, 0, 0, 0, 0, 0, 0, 0, 0, 0, 0, 0, 0, 248, 0, 0, 0, 0, 0, 0, 0, 0, 0, 0, 0, 0, 291, 0, 0, 0, 0, 0, 0, 0, 0, 0, 0, 0, 462], 'packedBins': {'min': 0, 'size': 0.078125, 'count': 64}}",,"{'_type': 'histogram', 'values': [430, 0, 0, 0, 0, 0, 0, 0, 0, 0, 0, 0, 352, 0, 0, 0, 0, 0, 0, 0, 0, 0, 0, 0, 0, 314, 0, 0, 0, 0, 0, 0, 0, 0, 0, 0, 0, 0, 472, 0, 0, 0, 0, 0, 0, 0, 0, 0, 0, 0, 0, 235, 0, 0, 0, 0, 0, 0, 0, 0, 0, 0, 0, 245], 'packedBins': {'min': 0, 'size': 0.078125, 'count': 64}}",,,7805.475328,1.4970703125,"{'_type': 'histogram', 'values': [352, 0, 0, 0, 0, 0, 0, 0, 0, 0, 0, 0, 326, 0, 0, 0, 0, 0, 0, 0, 0, 0, 0, 0, 0, 307, 0, 0, 0, 0, 0, 0, 0, 0, 0, 0, 0, 0, 382, 0, 0, 0, 0, 0, 0, 0, 0, 0, 0, 0, 0, 306, 0, 0, 0, 0, 0, 0, 0, 0, 0, 0, 0, 375], 'packedBins': {'size': 0.078125, 'count': 64, 'min': 0}}",16.494392242372378,0.9920077925504115,0.00011209051975496051,"{'values': [410, 0, 0, 0, 0, 0, 0, 0, 0, 0, 0, 0, 268, 0, 0, 0, 0, 0, 0, 0, 0, 0, 0, 0, 0, 300, 0, 0, 0, 0, 0, 0, 0, 0, 0, 0, 0, 0, 446, 0, 0, 0, 0, 0, 0, 0, 0, 0, 0, 0, 0, 359, 0, 0, 0, 0, 0, 0, 0, 0, 0, 0, 0, 265], 'packedBins': {'min': 0, 'size': 0.078125, 'count': 64}, '_type': 'histogram'}",18683.728992709,,,,,5187.708927110354,,,,0.9679969363705384,0.9230966991279275,,,,95682560.0,,,1.576171875,0.9977823684658541,0.9743410259601542,,,"{'values': [258, 0, 0, 0, 0, 0, 0, 0, 0, 0, 0, 0, 187, 0, 0, 0, 0, 0, 0, 0, 0, 0, 0, 0, 0, 511, 0, 0, 0, 0, 0, 0, 0, 0, 0, 0, 0, 0, 396, 0, 0, 0, 0, 0, 0, 0, 0, 0, 0, 0, 0, 336, 0, 0, 0, 0, 0, 0, 0, 0, 0, 0, 0, 360], 'packedBins': {'min': 0, 'size': 0.078125, 'count': 64}, '_type': 'histogram'}",,,1.27734375,12.063536182045937,"{'values': [333, 0, 0, 0, 0, 0, 0, 0, 0, 0, 0, 0, 349, 0, 0, 0, 0, 0, 0, 0, 0, 0, 0, 0, 0, 407, 0, 0, 0, 0, 0, 0, 0, 0, 0, 0, 0, 0, 330, 0, 0, 0, 0, 0, 0, 0, 0, 0, 0, 0, 0, 395, 0, 0, 0, 0, 0, 0, 0, 0, 0, 0, 0, 234], 'packedBins': {'count': 64, 'min': 0, 'size': 0.078125}, '_type': 'histogram'}",1.1923828125,0.9989399582341881
,"{'_type': 'histogram', 'values': [358, 0, 0, 0, 0, 0, 0, 0, 0, 0, 0, 0, 376, 0, 0, 0, 0, 0, 0, 0, 0, 0, 0, 0, 0, 380, 0, 0, 0, 0, 0, 0, 0, 0, 0, 0, 0, 0, 309, 0, 0, 0, 0, 0, 0, 0, 0, 0, 0, 0, 0, 316, 0, 0, 0, 0, 0, 0, 0, 0, 0, 0, 0, 309], 'packedBins': {'min': 0, 'size': 0.078125, 'count': 64}}",0.4275810718536377,0.9981815602935455,1480,1.0810546875,2.848123616911471,,,0.9977260158861783,1.1220703125,1.037109375,1.125,0.9999118572706743,,"{'_type': 'histogram', 'values': [334, 0, 0, 0, 0, 0, 0, 0, 0, 0, 0, 0, 344, 0, 0, 0, 0, 0, 0, 0, 0, 0, 0, 0, 0, 355, 0, 0, 0, 0, 0, 0, 0, 0, 0, 0, 0, 0, 342, 0, 0, 0, 0, 0, 0, 0, 0, 0, 0, 0, 0, 332, 0, 0, 0, 0, 0, 0, 0, 0, 0, 0, 0, 341], 'packedBins': {'min': 0, 'size': 0.078125, 'count': 64}}",1.01953125,"{'_type': 'histogram', 'values': [325, 0, 0, 0, 0, 0, 0, 0, 0, 0, 0, 0, 352, 0, 0, 0, 0, 0, 0, 0, 0, 0, 0, 0, 0, 304, 0, 0, 0, 0, 0, 0, 0, 0, 0, 0, 0, 0, 354, 0, 0, 0, 0, 0, 0, 0, 0, 0, 0, 0, 0, 304, 0, 0, 0, 0, 0, 0, 0, 0, 0, 0, 0, 409], 'packedBins': {'min': 0, 'size': 0.078125, 'count': 64}}",,0.9998666155302026,,"{'_type': 'histogram', 'values': [326, 0, 0, 0, 0, 0, 0, 0, 0, 0, 0, 0, 359, 0, 0, 0, 0, 0, 0, 0, 0, 0, 0, 0, 0, 320, 0, 0, 0, 0, 0, 0, 0, 0, 0, 0, 0, 0, 361, 0, 0, 0, 0, 0, 0, 0, 0, 0, 0, 0, 0, 319, 0, 0, 0, 0, 0, 0, 0, 0, 0, 0, 0, 363], 'packedBins': {'count': 64, 'min': 0, 'size': 0.078125}}",1784910396.659968,,,0.9969100677903768,,,,1.1103515625,"{'values': [344, 0, 0, 0, 0, 0, 0, 0, 0, 0, 0, 0, 329, 0, 0, 0, 0, 0, 0, 0, 0, 0, 0, 0, 0, 348, 0, 0, 0, 0, 0, 0, 0, 0, 0, 0, 0, 0, 342, 0, 0, 0, 0, 0, 0, 0, 0, 0, 0, 0, 0, 340, 0, 0, 0, 0, 0, 0, 0, 0, 0, 0, 0, 345], 'packedBins': {'count': 64, 'min': 0, 'size': 0.078125}, '_type': 'histogram'}",,11435.769856,,,0.9981264052893528,,1.11328125,,,0.9995169900211162,"{'_type': 'histogram', 'values': [349, 0, 0, 0, 0, 0, 0, 0, 0, 0, 0, 0, 322, 0, 0, 0, 0, 0, 0, 0, 0, 0, 0, 0, 0, 352, 0, 0, 0, 0, 0, 0, 0, 0, 0, 0, 0, 0, 354, 0, 0, 0, 0, 0, 0, 0, 0, 0, 0, 0, 0, 330, 0, 0, 0, 0, 0, 0, 0, 0, 0, 0, 0, 341], 'packedBins': {'min': 0, 'size': 0.078125, 'count': 64}}",,,,,1.1982421875,"{'_type': 'histogram', 'values': [337, 0, 0, 0, 0, 0, 0, 0, 0, 0, 0, 0, 383, 0, 0, 0, 0, 0, 0, 0, 0, 0, 0, 0, 0, 371, 0, 0, 0, 0, 0, 0, 0, 0, 0, 0, 0, 0, 325, 0, 0, 0, 0, 0, 0, 0, 0, 0, 0, 0, 0, 330, 0, 0, 0, 0, 0, 0, 0, 0, 0, 0, 0, 302], 'packedBins': {'count': 64, 'min': 0, 'size': 0.078125}}",,"{'_type': 'histogram', 'values': [357, 0, 0, 0, 0, 0, 0, 0, 0, 0, 0, 0, 333, 0, 0, 0, 0, 0, 0, 0, 0, 0, 0, 0, 0, 335, 0, 0, 0, 0, 0, 0, 0, 0, 0, 0, 0, 0, 384, 0, 0, 0, 0, 0, 0, 0, 0, 0, 0, 0, 0, 347, 0, 0, 0, 0, 0, 0, 0, 0, 0, 0, 0, 292], 'packedBins': {'min': 0, 'size': 0.078125, 'count': 64}}",,,7805.475328,1.1015625,"{'_type': 'histogram', 'values': [379, 0, 0, 0, 0, 0, 0, 0, 0, 0, 0, 0, 344, 0, 0, 0, 0, 0, 0, 0, 0, 0, 0, 0, 0, 367, 0, 0, 0, 0, 0, 0, 0, 0, 0, 0, 0, 0, 322, 0, 0, 0, 0, 0, 0, 0, 0, 0, 0, 0, 0, 322, 0, 0, 0, 0, 0, 0, 0, 0, 0, 0, 0, 314], 'packedBins': {'count': 64, 'min': 0, 'size': 0.078125}}",17.25537375358556,0.9988832064626847,0.0001100995574933659,"{'values': [327, 0, 0, 0, 0, 0, 0, 0, 0, 0, 0, 0, 349, 0, 0, 0, 0, 0, 0, 0, 0, 0, 0, 0, 0, 369, 0, 0, 0, 0, 0, 0, 0, 0, 0, 0, 0, 0, 332, 0, 0, 0, 0, 0, 0, 0, 0, 0, 0, 0, 0, 340, 0, 0, 0, 0, 0, 0, 0, 0, 0, 0, 0, 331], 'packedBins': {'min': 0, 'size': 0.078125, 'count': 64}, '_type': 'histogram'}",18936.67046334,,,,,5185.851484362857,,,,0.9990579194192709,0.9294486951082945,,,,96993280.0,,,1.0634765625,0.9985832138041745,0.9987539348424839,,,"{'values': [376, 0, 0, 0, 0, 0, 0, 0, 0, 0, 0, 0, 313, 0, 0, 0, 0, 0, 0, 0, 0, 0, 0, 0, 0, 361, 0, 0, 0, 0, 0, 0, 0, 0, 0, 0, 0, 0, 349, 0, 0, 0, 0, 0, 0, 0, 0, 0, 0, 0, 0, 332, 0, 0, 0, 0, 0, 0, 0, 0, 0, 0, 0, 317], 'packedBins': {'min': 0, 'size': 0.078125, 'count': 64}, '_type': 'histogram'}",,,1.0400390625,12.063349696993829,"{'values': [347, 0, 0, 0, 0, 0, 0, 0, 0, 0, 0, 0, 314, 0, 0, 0, 0, 0, 0, 0, 0, 0, 0, 0, 0, 335, 0, 0, 0, 0, 0, 0, 0, 0, 0, 0, 0, 0, 384, 0, 0, 0, 0, 0, 0, 0, 0, 0, 0, 0, 0, 341, 0, 0, 0, 0, 0, 0, 0, 0, 0, 0, 0, 327], 'packedBins': {'min': 0, 'size': 0.078125, 'count': 64}, '_type': 'histogram'}",1.125,0.9996644914014482
"{'_type': 'histogram', 'values': [13669, 0, 0, 0, 0, 0, 0, 0, 0, 0, 0, 0, 17538, 0, 0, 0, 0, 0, 0, 0, 0, 0, 0, 0, 0, 16884, 0, 0, 0, 0, 0, 0, 0, 0, 0, 0, 0, 0, 18079, 0, 0, 0, 0, 0, 0, 0, 0, 0, 0, 0, 0, 17320, 0, 0, 0, 0, 0, 0, 0, 0, 0, 0, 0, 18910], 'packedBins': {'min': 0, 'size': 0.078125, 'count': 64}}","{'_type': 'histogram', 'values': [377, 0, 0, 0, 0, 0, 0, 0, 0, 0, 0, 0, 283, 0, 0, 0, 0, 0, 0, 0, 0, 0, 0, 0, 0, 323, 0, 0, 0, 0, 0, 0, 0, 0, 0, 0, 0, 0, 345, 0, 0, 0, 0, 0, 0, 0, 0, 0, 0, 0, 0, 373, 0, 0, 0, 0, 0, 0, 0, 0, 0, 0, 0, 347], 'packedBins': {'min': 0, 'size': 0.078125, 'count': 64}}",0.4137120246887207,0.995306713814454,1500,1.1044921875,2.8277732684276997,0.9971082000008544,1.108007788658142,0.9975226276499695,1.1923828125,1.083984375,1.1455078125,0.9988460816227094,1.0989258289337158,"{'packedBins': {'count': 64, 'min': 0, 'size': 0.078125}, '_type': 'histogram', 'values': [348, 0, 0, 0, 0, 0, 0, 0, 0, 0, 0, 0, 328, 0, 0, 0, 0, 0, 0, 0, 0, 0, 0, 0, 0, 329, 0, 0, 0, 0, 0, 0, 0, 0, 0, 0, 0, 0, 291, 0, 0, 0, 0, 0, 0, 0, 0, 0, 0, 0, 0, 337, 0, 0, 0, 0, 0, 0, 0, 0, 0, 0, 0, 415]}",1.0927734375,"{'_type': 'histogram', 'values': [256, 0, 0, 0, 0, 0, 0, 0, 0, 0, 0, 0, 402, 0, 0, 0, 0, 0, 0, 0, 0, 0, 0, 0, 0, 394, 0, 0, 0, 0, 0, 0, 0, 0, 0, 0, 0, 0, 304, 0, 0, 0, 0, 0, 0, 0, 0, 0, 0, 0, 0, 326, 0, 0, 0, 0, 0, 0, 0, 0, 0, 0, 0, 366], 'packedBins': {'size': 0.078125, 'count': 64, 'min': 0}}","{'_type': 'histogram', 'values': [16874, 0, 0, 0, 0, 0, 0, 0, 0, 0, 0, 0, 16717, 0, 0, 0, 0, 0, 0, 0, 0, 0, 0, 0, 0, 16313, 0, 0, 0, 0, 0, 0, 0, 0, 0, 0, 0, 0, 18168, 0, 0, 0, 0, 0, 0, 0, 0, 0, 0, 0, 0, 15923, 0, 0, 0, 0, 0, 0, 0, 0, 0, 0, 0, 18405], 'packedBins': {'count': 64, 'min': 0, 'size': 0.078125}}",0.9967510563790131,0.999443538724821,"{'_type': 'histogram', 'values': [358, 0, 0, 0, 0, 0, 0, 0, 0, 0, 0, 0, 415, 0, 0, 0, 0, 0, 0, 0, 0, 0, 0, 0, 0, 347, 0, 0, 0, 0, 0, 0, 0, 0, 0, 0, 0, 0, 328, 0, 0, 0, 0, 0, 0, 0, 0, 0, 0, 0, 0, 250, 0, 0, 0, 0, 0, 0, 0, 0, 0, 0, 0, 350], 'packedBins': {'size': 0.078125, 'count': 64, 'min': 0}}",1784910657.8658075,1.0942968130111694,"{'_type': 'histogram', 'values': [19820, 0, 0, 0, 0, 0, 0, 0, 0, 0, 0, 0, 15774, 0, 0, 0, 0, 0, 0, 0, 0, 0, 0, 0, 0, 16186, 0, 0, 0, 0, 0, 0, 0, 0, 0, 0, 0, 0, 16331, 0, 0, 0, 0, 0, 0, 0, 0, 0, 0, 0, 0, 18113, 0, 0, 0, 0, 0, 0, 0, 0, 0, 0, 0, 16176], 'packedBins': {'min': 0, 'size': 0.078125, 'count': 64}}",0.9934612499950362,1.0536913871765137,1.5915499354185039,40.83082061268139,1.0517578125,"{'packedBins': {'min': 0, 'size': 0.078125, 'count': 64}, '_type': 'histogram', 'values': [310, 0, 0, 0, 0, 0, 0, 0, 0, 0, 0, 0, 366, 0, 0, 0, 0, 0, 0, 0, 0, 0, 0, 0, 0, 328, 0, 0, 0, 0, 0, 0, 0, 0, 0, 0, 0, 0, 341, 0, 0, 0, 0, 0, 0, 0, 0, 0, 0, 0, 0, 330, 0, 0, 0, 0, 0, 0, 0, 0, 0, 0, 0, 373]}","{'packedBins': {'count': 64, 'min': 0, 'size': 0.078125}, '_type': 'histogram', 'values': [19656, 0, 0, 0, 0, 0, 0, 0, 0, 0, 0, 0, 20771, 0, 0, 0, 0, 0, 0, 0, 0, 0, 0, 0, 0, 17245, 0, 0, 0, 0, 0, 0, 0, 0, 0, 0, 0, 0, 14074, 0, 0, 0, 0, 0, 0, 0, 0, 0, 0, 0, 0, 15868, 0, 0, 0, 0, 0, 0, 0, 0, 0, 0, 0, 14786]}",11435.769856,0.9972852415764356,0.9997321544162419,0.9982394431085608,1.1613280773162842,1.1044921875,0.998354876078735,"{'_type': 'histogram', 'values': [15478, 0, 0, 0, 0, 0, 0, 0, 0, 0, 0, 0, 14856, 0, 0, 0, 0, 0, 0, 0, 0, 0, 0, 0, 0, 17841, 0, 0, 0, 0, 0, 0, 0, 0, 0, 0, 0, 0, 18732, 0, 0, 0, 0, 0, 0, 0, 0, 0, 0, 0, 0, 20639, 0, 0, 0, 0, 0, 0, 0, 0, 0, 0, 0, 14854], 'packedBins': {'min': 0, 'size': 0.078125, 'count': 64}}",0.9975181700078936,"{'_type': 'histogram', 'values': [343, 0, 0, 0, 0, 0, 0, 0, 0, 0, 0, 0, 311, 0, 0, 0, 0, 0, 0, 0, 0, 0, 0, 0, 0, 370, 0, 0, 0, 0, 0, 0, 0, 0, 0, 0, 0, 0, 348, 0, 0, 0, 0, 0, 0, 0, 0, 0, 0, 0, 0, 337, 0, 0, 0, 0, 0, 0, 0, 0, 0, 0, 0, 339], 'packedBins': {'min': 0, 'size': 0.078125, 'count': 64}}",0.9996062759265765,"{'values': [16537, 0, 0, 0, 0, 0, 0, 0, 0, 0, 0, 0, 16769, 0, 0, 0, 0, 0, 0, 0, 0, 0, 0, 0, 0, 17142, 0, 0, 0, 0, 0, 0, 0, 0, 0, 0, 0, 0, 16846, 0, 0, 0, 0, 0, 0, 0, 0, 0, 0, 0, 0, 18187, 0, 0, 0, 0, 0, 0, 0, 0, 0, 0, 0, 16919], 'packedBins': {'min': 0, 'size': 0.078125, 'count': 64}, '_type': 'histogram'}",0.32046875,1.0656445026397705,1.177734375,"{'packedBins': {'min': 0, 'size': 0.078125, 'count': 64}, '_type': 'histogram', 'values': [315, 0, 0, 0, 0, 0, 0, 0, 0, 0, 0, 0, 407, 0, 0, 0, 0, 0, 0, 0, 0, 0, 0, 0, 0, 365, 0, 0, 0, 0, 0, 0, 0, 0, 0, 0, 0, 0, 358, 0, 0, 0, 0, 0, 0, 0, 0, 0, 0, 0, 0, 266, 0, 0, 0, 0, 0, 0, 0, 0, 0, 0, 0, 337]}",0.9992001647738716,"{'_type': 'histogram', 'values': [313, 0, 0, 0, 0, 0, 0, 0, 0, 0, 0, 0, 308, 0, 0, 0, 0, 0, 0, 0, 0, 0, 0, 0, 0, 391, 0, 0, 0, 0, 0, 0, 0, 0, 0, 0, 0, 0, 343, 0, 0, 0, 0, 0, 0, 0, 0, 0, 0, 0, 0, 343, 0, 0, 0, 0, 0, 0, 0, 0, 0, 0, 0, 350], 'packedBins': {'min': 0, 'size': 0.078125, 'count': 64}}",1.2093164920806885,"{'_type': 'histogram', 'values': [18738, 0, 0, 0, 0, 0, 0, 0, 0, 0, 0, 0, 18403, 0, 0, 0, 0, 0, 0, 0, 0, 0, 0, 0, 0, 15290, 0, 0, 0, 0, 0, 0, 0, 0, 0, 0, 0, 0, 15676, 0, 0, 0, 0, 0, 0, 0, 0, 0, 0, 0, 0, 17687, 0, 0, 0, 0, 0, 0, 0, 0, 0, 0, 0, 16606], 'packedBins': {'min': 0, 'size': 0.078125, 'count': 64}}",7805.475328,1.0869140625,"{'values': [334, 0, 0, 0, 0, 0, 0, 0, 0, 0, 0, 0, 335, 0, 0, 0, 0, 0, 0, 0, 0, 0, 0, 0, 0, 359, 0, 0, 0, 0, 0, 0, 0, 0, 0, 0, 0, 0, 351, 0, 0, 0, 0, 0, 0, 0, 0, 0, 0, 0, 0, 333, 0, 0, 0, 0, 0, 0, 0, 0, 0, 0, 0, 336], 'packedBins': {'min': 0, 'size': 0.078125, 'count': 64}, '_type': 'histogram'}",16.907769811374056,0.9992613741874511,0.00010810854650369171,"{'values': [349, 0, 0, 0, 0, 0, 0, 0, 0, 0, 0, 0, 352, 0, 0, 0, 0, 0, 0, 0, 0, 0, 0, 0, 0, 351, 0, 0, 0, 0, 0, 0, 0, 0, 0, 0, 0, 0, 275, 0, 0, 0, 0, 0, 0, 0, 0, 0, 0, 0, 0, 377, 0, 0, 0, 0, 0, 0, 0, 0, 0, 0, 0, 344], 'packedBins': {'size': 0.078125, 'count': 64, 'min': 0}, '_type': 'histogram'}",19232.015337431,"{'values': [17783, 0, 0, 0, 0, 0, 0, 0, 0, 0, 0, 0, 18342, 0, 0, 0, 0, 0, 0, 0, 0, 0, 0, 0, 0, 19495, 0, 0, 0, 0, 0, 0, 0, 0, 0, 0, 0, 0, 16460, 0, 0, 0, 0, 0, 0, 0, 0, 0, 0, 0, 0, 14117, 0, 0, 0, 0, 0, 0, 0, 0, 0, 0, 0, 16203], 'packedBins': {'min': 0, 'size': 0.078125, 'count': 64}, '_type': 'histogram'}",0.9955173540355325,0.9991166006179416,1.0784178972244263,5184.568858727358,0.9942998854930447,0.9992629709547618,3.7094372034072878,0.9940766041974226,0.9311847520526498,"{'_type': 'histogram', 'values': [16274, 0, 0, 0, 0, 0, 0, 0, 0, 0, 0, 0, 15725, 0, 0, 0, 0, 0, 0, 0, 0, 0, 0, 0, 0, 18676, 0, 0, 0, 0, 0, 0, 0, 0, 0, 0, 0, 0, 17522, 0, 0, 0, 0, 0, 0, 0, 0, 0, 0, 0, 0, 17505, 0, 0, 0, 0, 0, 0, 0, 0, 0, 0, 0, 16698], 'packedBins': {'size': 0.078125, 'count': 64, 'min': 0}}","{'packedBins': {'min': 0, 'size': 0.078125, 'count': 64}, '_type': 'histogram', 'values': [17035, 0, 0, 0, 0, 0, 0, 0, 0, 0, 0, 0, 17983, 0, 0, 0, 0, 0, 0, 0, 0, 0, 0, 0, 0, 16350, 0, 0, 0, 0, 0, 0, 0, 0, 0, 0, 0, 0, 17045, 0, 0, 0, 0, 0, 0, 0, 0, 0, 0, 0, 0, 16251, 0, 0, 0, 0, 0, 0, 0, 0, 0, 0, 0, 17736]}","{'_type': 'histogram', 'values': [16650, 0, 0, 0, 0, 0, 0, 0, 0, 0, 0, 0, 16672, 0, 0, 0, 0, 0, 0, 0, 0, 0, 0, 0, 0, 16478, 0, 0, 0, 0, 0, 0, 0, 0, 0, 0, 0, 0, 16925, 0, 0, 0, 0, 0, 0, 0, 0, 0, 0, 0, 0, 18755, 0, 0, 0, 0, 0, 0, 0, 0, 0, 0, 0, 16920], 'packedBins': {'count': 64, 'min': 0, 'size': 0.078125}}",98304000.0,"{'_type': 'histogram', 'values': [15785, 0, 0, 0, 0, 0, 0, 0, 0, 0, 0, 0, 17092, 0, 0, 0, 0, 0, 0, 0, 0, 0, 0, 0, 0, 16410, 0, 0, 0, 0, 0, 0, 0, 0, 0, 0, 0, 0, 17243, 0, 0, 0, 0, 0, 0, 0, 0, 0, 0, 0, 0, 17218, 0, 0, 0, 0, 0, 0, 0, 0, 0, 0, 0, 18652], 'packedBins': {'min': 0, 'size': 0.078125, 'count': 64}}",1.0928906202316284,1.2158203125,0.9997634244427444,0.998594191579436,1.0979297161102295,0.9980620023411519,"{'values': [318, 0, 0, 0, 0, 0, 0, 0, 0, 0, 0, 0, 359, 0, 0, 0, 0, 0, 0, 0, 0, 0, 0, 0, 0, 324, 0, 0, 0, 0, 0, 0, 0, 0, 0, 0, 0, 0, 371, 0, 0, 0, 0, 0, 0, 0, 0, 0, 0, 0, 0, 365, 0, 0, 0, 0, 0, 0, 0, 0, 0, 0, 0, 311], 'packedBins': {'min': 0, 'size': 0.078125, 'count': 64}, '_type': 'histogram'}",1.1422851085662842,1.2170507907867432,1.2158203125,12.068594725430012,"{'values': [329, 0, 0, 0, 0, 0, 0, 0, 0, 0, 0, 0, 365, 0, 0, 0, 0, 0, 0, 0, 0, 0, 0, 0, 0, 328, 0, 0, 0, 0, 0, 0, 0, 0, 0, 0, 0, 0, 361, 0, 0, 0, 0, 0, 0, 0, 0, 0, 0, 0, 0, 318, 0, 0, 0, 0, 0, 0, 0, 0, 0, 0, 0, 347], 'packedBins': {'min': 0, 'size': 0.078125, 'count': 64}, '_type': 'histogram'}",1.0693359375,0.999273616070167
,"{'_type': 'histogram', 'values': [319, 0, 0, 0, 0, 0, 0, 0, 0, 0, 0, 0, 323, 0, 0, 0, 0, 0, 0, 0, 0, 0, 0, 0, 0, 347, 0, 0, 0, 0, 0, 0, 0, 0, 0, 0, 0, 0, 431, 0, 0, 0, 0, 0, 0, 0, 0, 0, 0, 0, 0, 315, 0, 0, 0, 0, 0, 0, 0, 0, 0, 0, 0, 313], 'packedBins': {'size': 0.078125, 'count': 64, 'min': 0}}",0.412690669298172,0.9988928535985205,1520,1.0810546875,2.8196763253770767,,,0.9960726298678514,1.107421875,1.0751953125,1.1103515625,0.9964200598218855,,"{'values': [396, 0, 0, 0, 0, 0, 0, 0, 0, 0, 0, 0, 255, 0, 0, 0, 0, 0, 0, 0, 0, 0, 0, 0, 0, 329, 0, 0, 0, 0, 0, 0, 0, 0, 0, 0, 0, 0, 342, 0, 0, 0, 0, 0, 0, 0, 0, 0, 0, 0, 0, 336, 0, 0, 0, 0, 0, 0, 0, 0, 0, 0, 0, 390], 'packedBins': {'count': 64, 'min': 0, 'size': 0.078125}, '_type': 'histogram'}",1.236328125,"{'_type': 'histogram', 'values': [317, 0, 0, 0, 0, 0, 0, 0, 0, 0, 0, 0, 340, 0, 0, 0, 0, 0, 0, 0, 0, 0, 0, 0, 0, 333, 0, 0, 0, 0, 0, 0, 0, 0, 0, 0, 0, 0, 339, 0, 0, 0, 0, 0, 0, 0, 0, 0, 0, 0, 0, 352, 0, 0, 0, 0, 0, 0, 0, 0, 0, 0, 0, 367], 'packedBins': {'size': 0.078125, 'count': 64, 'min': 0}}",,0.9946258256203548,,"{'_type': 'histogram', 'values': [385, 0, 0, 0, 0, 0, 0, 0, 0, 0, 0, 0, 323, 0, 0, 0, 0, 0, 0, 0, 0, 0, 0, 0, 0, 291, 0, 0, 0, 0, 0, 0, 0, 0, 0, 0, 0, 0, 322, 0, 0, 0, 0, 0, 0, 0, 0, 0, 0, 0, 0, 363, 0, 0, 0, 0, 0, 0, 0, 0, 0, 0, 0, 364], 'packedBins': {'size': 0.078125, 'count': 64, 'min': 0}}",1784910944.946275,,,0.9994254420286323,,,,1.0810546875,"{'values': [295, 0, 0, 0, 0, 0, 0, 0, 0, 0, 0, 0, 320, 0, 0, 0, 0, 0, 0, 0, 0, 0, 0, 0, 0, 336, 0, 0, 0, 0, 0, 0, 0, 0, 0, 0, 0, 0, 346, 0, 0, 0, 0, 0, 0, 0, 0, 0, 0, 0, 0, 329, 0, 0, 0, 0, 0, 0, 0, 0, 0, 0, 0, 422], 'packedBins': {'min': 0, 'size': 0.078125, 'count': 64}, '_type': 'histogram'}",,11435.769856,,,0.9971388712396154,,1.2626953125,,,0.9990625101252893,"{'_type': 'histogram', 'values': [346, 0, 0, 0, 0, 0, 0, 0, 0, 0, 0, 0, 340, 0, 0, 0, 0, 0, 0, 0, 0, 0, 0, 0, 0, 338, 0, 0, 0, 0, 0, 0, 0, 0, 0, 0, 0, 0, 345, 0, 0, 0, 0, 0, 0, 0, 0, 0, 0, 0, 0, 312, 0, 0, 0, 0, 0, 0, 0, 0, 0, 0, 0, 367], 'packedBins': {'size': 0.078125, 'count': 64, 'min': 0}}",,,,,1.0751953125,"{'values': [325, 0, 0, 0, 0, 0, 0, 0, 0, 0, 0, 0, 339, 0, 0, 0, 0, 0, 0, 0, 0, 0, 0, 0, 0, 360, 0, 0, 0, 0, 0, 0, 0, 0, 0, 0, 0, 0, 332, 0, 0, 0, 0, 0, 0, 0, 0, 0, 0, 0, 0, 378, 0, 0, 0, 0, 0, 0, 0, 0, 0, 0, 0, 314], 'packedBins': {'min': 0, 'size': 0.078125, 'count': 64}, '_type': 'histogram'}",,"{'_type': 'histogram', 'values': [374, 0, 0, 0, 0, 0, 0, 0, 0, 0, 0, 0, 313, 0, 0, 0, 0, 0, 0, 0, 0, 0, 0, 0, 0, 368, 0, 0, 0, 0, 0, 0, 0, 0, 0, 0, 0, 0, 288, 0, 0, 0, 0, 0, 0, 0, 0, 0, 0, 0, 0, 379, 0, 0, 0, 0, 0, 0, 0, 0, 0, 0, 0, 326], 'packedBins': {'count': 64, 'min': 0, 'size': 0.078125}}",,,7805.475328,1.1748046875,"{'_type': 'histogram', 'values': [361, 0, 0, 0, 0, 0, 0, 0, 0, 0, 0, 0, 328, 0, 0, 0, 0, 0, 0, 0, 0, 0, 0, 0, 0, 335, 0, 0, 0, 0, 0, 0, 0, 0, 0, 0, 0, 0, 300, 0, 0, 0, 0, 0, 0, 0, 0, 0, 0, 0, 0, 355, 0, 0, 0, 0, 0, 0, 0, 0, 0, 0, 0, 369], 'packedBins': {'size': 0.078125, 'count': 64, 'min': 0}}",16.771421310045493,0.997346450990015,0.00010611846127955618,"{'values': [309, 0, 0, 0, 0, 0, 0, 0, 0, 0, 0, 0, 330, 0, 0, 0, 0, 0, 0, 0, 0, 0, 0, 0, 0, 334, 0, 0, 0, 0, 0, 0, 0, 0, 0, 0, 0, 0, 347, 0, 0, 0, 0, 0, 0, 0, 0, 0, 0, 0, 0, 359, 0, 0, 0, 0, 0, 0, 0, 0, 0, 0, 0, 369], 'packedBins': {'min': 0, 'size': 0.078125, 'count': 64}, '_type': 'histogram'}",19484.864323627,,,,,4439.875795725548,,,,0.9975312768062361,0.9187862223945558,,,,99614720.0,,,1.1279296875,0.9986779553312799,0.9963307739164252,,,"{'values': [291, 0, 0, 0, 0, 0, 0, 0, 0, 0, 0, 0, 367, 0, 0, 0, 0, 0, 0, 0, 0, 0, 0, 0, 0, 337, 0, 0, 0, 0, 0, 0, 0, 0, 0, 0, 0, 0, 295, 0, 0, 0, 0, 0, 0, 0, 0, 0, 0, 0, 0, 357, 0, 0, 0, 0, 0, 0, 0, 0, 0, 0, 0, 401], 'packedBins': {'size': 0.078125, 'count': 64, 'min': 0}, '_type': 'histogram'}",,,1.16015625,12.063109783828258,"{'_type': 'histogram', 'values': [345, 0, 0, 0, 0, 0, 0, 0, 0, 0, 0, 0, 404, 0, 0, 0, 0, 0, 0, 0, 0, 0, 0, 0, 0, 344, 0, 0, 0, 0, 0, 0, 0, 0, 0, 0, 0, 0, 342, 0, 0, 0, 0, 0, 0, 0, 0, 0, 0, 0, 0, 320, 0, 0, 0, 0, 0, 0, 0, 0, 0, 0, 0, 293], 'packedBins': {'size': 0.078125, 'count': 64, 'min': 0}}",1.18359375,0.9993704200883821
,"{'_type': 'histogram', 'values': [357, 0, 0, 0, 0, 0, 0, 0, 0, 0, 0, 0, 286, 0, 0, 0, 0, 0, 0, 0, 0, 0, 0, 0, 0, 396, 0, 0, 0, 0, 0, 0, 0, 0, 0, 0, 0, 0, 381, 0, 0, 0, 0, 0, 0, 0, 0, 0, 0, 0, 0, 330, 0, 0, 0, 0, 0, 0, 0, 0, 0, 0, 0, 298], 'packedBins': {'min': 0, 'size': 0.078125, 'count': 64}}",0.43442389369010925,0.9983512168203145,1540,1.0986328125,2.7979621791280804,,,0.9960349062401346,1.1455078125,1.0751953125,1.1162109375,0.9994738107717542,,"{'values': [317, 0, 0, 0, 0, 0, 0, 0, 0, 0, 0, 0, 334, 0, 0, 0, 0, 0, 0, 0, 0, 0, 0, 0, 0, 341, 0, 0, 0, 0, 0, 0, 0, 0, 0, 0, 0, 0, 375, 0, 0, 0, 0, 0, 0, 0, 0, 0, 0, 0, 0, 332, 0, 0, 0, 0, 0, 0, 0, 0, 0, 0, 0, 349], 'packedBins': {'count': 64, 'min': 0, 'size': 0.078125}, '_type': 'histogram'}",1.060546875,"{'_type': 'histogram', 'values': [340, 0, 0, 0, 0, 0, 0, 0, 0, 0, 0, 0, 356, 0, 0, 0, 0, 0, 0, 0, 0, 0, 0, 0, 0, 346, 0, 0, 0, 0, 0, 0, 0, 0, 0, 0, 0, 0, 349, 0, 0, 0, 0, 0, 0, 0, 0, 0, 0, 0, 0, 343, 0, 0, 0, 0, 0, 0, 0, 0, 0, 0, 0, 314], 'packedBins': {'min': 0, 'size': 0.078125, 'count': 64}}",,0.9992395517008705,,"{'_type': 'histogram', 'values': [306, 0, 0, 0, 0, 0, 0, 0, 0, 0, 0, 0, 315, 0, 0, 0, 0, 0, 0, 0, 0, 0, 0, 0, 0, 364, 0, 0, 0, 0, 0, 0, 0, 0, 0, 0, 0, 0, 339, 0, 0, 0, 0, 0, 0, 0, 0, 0, 0, 0, 0, 338, 0, 0, 0, 0, 0, 0, 0, 0, 0, 0, 0, 386], 'packedBins': {'size': 0.078125, 'count': 64, 'min': 0}}",1784911197.79531,,,0.999575005900074,,,,1.0810546875,"{'_type': 'histogram', 'values': [356, 0, 0, 0, 0, 0, 0, 0, 0, 0, 0, 0, 330, 0, 0, 0, 0, 0, 0, 0, 0, 0, 0, 0, 0, 362, 0, 0, 0, 0, 0, 0, 0, 0, 0, 0, 0, 0, 341, 0, 0, 0, 0, 0, 0, 0, 0, 0, 0, 0, 0, 318, 0, 0, 0, 0, 0, 0, 0, 0, 0, 0, 0, 341], 'packedBins': {'min': 0, 'size': 0.078125, 'count': 64}}",,11435.769856,,,0.9983324548044129,,1.16015625,,,0.9975922200919304,"{'_type': 'histogram', 'values': [340, 0, 0, 0, 0, 0, 0, 0, 0, 0, 0, 0, 355, 0, 0, 0, 0, 0, 0, 0, 0, 0, 0, 0, 0, 367, 0, 0, 0, 0, 0, 0, 0, 0, 0, 0, 0, 0, 353, 0, 0, 0, 0, 0, 0, 0, 0, 0, 0, 0, 0, 326, 0, 0, 0, 0, 0, 0, 0, 0, 0, 0, 0, 307], 'packedBins': {'min': 0, 'size': 0.078125, 'count': 64}}",,,,,1.04296875,"{'values': [329, 0, 0, 0, 0, 0, 0, 0, 0, 0, 0, 0, 315, 0, 0, 0, 0, 0, 0, 0, 0, 0, 0, 0, 0, 321, 0, 0, 0, 0, 0, 0, 0, 0, 0, 0, 0, 0, 331, 0, 0, 0, 0, 0, 0, 0, 0, 0, 0, 0, 0, 391, 0, 0, 0, 0, 0, 0, 0, 0, 0, 0, 0, 361], 'packedBins': {'count': 64, 'min': 0, 'size': 0.078125}, '_type': 'histogram'}",,"{'_type': 'histogram', 'values': [351, 0, 0, 0, 0, 0, 0, 0, 0, 0, 0, 0, 314, 0, 0, 0, 0, 0, 0, 0, 0, 0, 0, 0, 0, 381, 0, 0, 0, 0, 0, 0, 0, 0, 0, 0, 0, 0, 341, 0, 0, 0, 0, 0, 0, 0, 0, 0, 0, 0, 0, 303, 0, 0, 0, 0, 0, 0, 0, 0, 0, 0, 0, 358], 'packedBins': {'count': 64, 'min': 0, 'size': 0.078125}}",,,7805.475328,1.154296875,"{'packedBins': {'min': 0, 'size': 0.078125, 'count': 64}, '_type': 'histogram', 'values': [295, 0, 0, 0, 0, 0, 0, 0, 0, 0, 0, 0, 369, 0, 0, 0, 0, 0, 0, 0, 0, 0, 0, 0, 0, 336, 0, 0, 0, 0, 0, 0, 0, 0, 0, 0, 0, 0, 349, 0, 0, 0, 0, 0, 0, 0, 0, 0, 0, 0, 0, 342, 0, 0, 0, 0, 0, 0, 0, 0, 0, 0, 0, 357]}",16.41116964845027,0.9981878142988461,0.00010413027586146471,"{'values': [359, 0, 0, 0, 0, 0, 0, 0, 0, 0, 0, 0, 363, 0, 0, 0, 0, 0, 0, 0, 0, 0, 0, 0, 0, 355, 0, 0, 0, 0, 0, 0, 0, 0, 0, 0, 0, 0, 375, 0, 0, 0, 0, 0, 0, 0, 0, 0, 0, 0, 0, 303, 0, 0, 0, 0, 0, 0, 0, 0, 0, 0, 0, 293], 'packedBins': {'min': 0, 'size': 0.078125, 'count': 64}, '_type': 'histogram'}",19737.777576732,,,,,5186.484313385354,,,,0.9982281326734429,0.9193246473092586,,,,100925440.0,,,1.130859375,0.998672300113721,0.9977308061881106,,,"{'packedBins': {'min': 0, 'size': 0.078125, 'count': 64}, '_type': 'histogram', 'values': [350, 0, 0, 0, 0, 0, 0, 0, 0, 0, 0, 0, 323, 0, 0, 0, 0, 0, 0, 0, 0, 0, 0, 0, 0, 320, 0, 0, 0, 0, 0, 0, 0, 0, 0, 0, 0, 0, 300, 0, 0, 0, 0, 0, 0, 0, 0, 0, 0, 0, 0, 394, 0, 0, 0, 0, 0, 0, 0, 0, 0, 0, 0, 361]}",,,1.0986328125,12.066758447885514,"{'values': [359, 0, 0, 0, 0, 0, 0, 0, 0, 0, 0, 0, 387, 0, 0, 0, 0, 0, 0, 0, 0, 0, 0, 0, 0, 318, 0, 0, 0, 0, 0, 0, 0, 0, 0, 0, 0, 0, 355, 0, 0, 0, 0, 0, 0, 0, 0, 0, 0, 0, 0, 312, 0, 0, 0, 0, 0, 0, 0, 0, 0, 0, 0, 317], 'packedBins': {'min': 0, 'size': 0.078125, 'count': 64}, '_type': 'histogram'}",1.1337890625,0.9990328368660977
,"{'_type': 'histogram', 'values': [309, 0, 0, 0, 0, 0, 0, 0, 0, 0, 0, 0, 349, 0, 0, 0, 0, 0, 0, 0, 0, 0, 0, 0, 0, 339, 0, 0, 0, 0, 0, 0, 0, 0, 0, 0, 0, 0, 326, 0, 0, 0, 0, 0, 0, 0, 0, 0, 0, 0, 0, 349, 0, 0, 0, 0, 0, 0, 0, 0, 0, 0, 0, 376], 'packedBins': {'size': 0.078125, 'count': 64, 'min': 0}}",0.41569259762763977,0.9982556103775824,1560,1.0693359375,2.8685363615863024,,,0.9989605166133142,1.107421875,1.0927734375,1.0546875,0.99741418053678,,"{'packedBins': {'size': 0.078125, 'count': 64, 'min': 0}, '_type': 'histogram', 'values': [334, 0, 0, 0, 0, 0, 0, 0, 0, 0, 0, 0, 321, 0, 0, 0, 0, 0, 0, 0, 0, 0, 0, 0, 0, 342, 0, 0, 0, 0, 0, 0, 0, 0, 0, 0, 0, 0, 365, 0, 0, 0, 0, 0, 0, 0, 0, 0, 0, 0, 0, 374, 0, 0, 0, 0, 0, 0, 0, 0, 0, 0, 0, 312]}",1.1044921875,"{'_type': 'histogram', 'values': [310, 0, 0, 0, 0, 0, 0, 0, 0, 0, 0, 0, 364, 0, 0, 0, 0, 0, 0, 0, 0, 0, 0, 0, 0, 313, 0, 0, 0, 0, 0, 0, 0, 0, 0, 0, 0, 0, 387, 0, 0, 0, 0, 0, 0, 0, 0, 0, 0, 0, 0, 319, 0, 0, 0, 0, 0, 0, 0, 0, 0, 0, 0, 355], 'packedBins': {'min': 0, 'size': 0.078125, 'count': 64}}",,0.9988243922000715,,"{'_type': 'histogram', 'values': [331, 0, 0, 0, 0, 0, 0, 0, 0, 0, 0, 0, 318, 0, 0, 0, 0, 0, 0, 0, 0, 0, 0, 0, 0, 365, 0, 0, 0, 0, 0, 0, 0, 0, 0, 0, 0, 0, 338, 0, 0, 0, 0, 0, 0, 0, 0, 0, 0, 0, 0, 332, 0, 0, 0, 0, 0, 0, 0, 0, 0, 0, 0, 364], 'packedBins': {'min': 0, 'size': 0.078125, 'count': 64}}",1784911450.7085898,,,0.9979902808761101,,,,1.0693359375,"{'_type': 'histogram', 'values': [326, 0, 0, 0, 0, 0, 0, 0, 0, 0, 0, 0, 377, 0, 0, 0, 0, 0, 0, 0, 0, 0, 0, 0, 0, 376, 0, 0, 0, 0, 0, 0, 0, 0, 0, 0, 0, 0, 287, 0, 0, 0, 0, 0, 0, 0, 0, 0, 0, 0, 0, 360, 0, 0, 0, 0, 0, 0, 0, 0, 0, 0, 0, 322], 'packedBins': {'min': 0, 'size': 0.078125, 'count': 64}}",,11435.769856,,,0.9992777410523864,,1.1015625,,,0.9990271816485387,"{'_type': 'histogram', 'values': [355, 0, 0, 0, 0, 0, 0, 0, 0, 0, 0, 0, 361, 0, 0, 0, 0, 0, 0, 0, 0, 0, 0, 0, 0, 313, 0, 0, 0, 0, 0, 0, 0, 0, 0, 0, 0, 0, 325, 0, 0, 0, 0, 0, 0, 0, 0, 0, 0, 0, 0, 373, 0, 0, 0, 0, 0, 0, 0, 0, 0, 0, 0, 321], 'packedBins': {'min': 0, 'size': 0.078125, 'count': 64}}",,,,,1.1337890625,"{'values': [370, 0, 0, 0, 0, 0, 0, 0, 0, 0, 0, 0, 342, 0, 0, 0, 0, 0, 0, 0, 0, 0, 0, 0, 0, 337, 0, 0, 0, 0, 0, 0, 0, 0, 0, 0, 0, 0, 378, 0, 0, 0, 0, 0, 0, 0, 0, 0, 0, 0, 0, 322, 0, 0, 0, 0, 0, 0, 0, 0, 0, 0, 0, 299], 'packedBins': {'min': 0, 'size': 0.078125, 'count': 64}, '_type': 'histogram'}",,"{'_type': 'histogram', 'values': [359, 0, 0, 0, 0, 0, 0, 0, 0, 0, 0, 0, 360, 0, 0, 0, 0, 0, 0, 0, 0, 0, 0, 0, 0, 318, 0, 0, 0, 0, 0, 0, 0, 0, 0, 0, 0, 0, 319, 0, 0, 0, 0, 0, 0, 0, 0, 0, 0, 0, 0, 351, 0, 0, 0, 0, 0, 0, 0, 0, 0, 0, 0, 341], 'packedBins': {'min': 0, 'size': 0.078125, 'count': 64}}",,,7805.475328,1.11328125,"{'_type': 'histogram', 'values': [346, 0, 0, 0, 0, 0, 0, 0, 0, 0, 0, 0, 343, 0, 0, 0, 0, 0, 0, 0, 0, 0, 0, 0, 0, 306, 0, 0, 0, 0, 0, 0, 0, 0, 0, 0, 0, 0, 365, 0, 0, 0, 0, 0, 0, 0, 0, 0, 0, 0, 0, 364, 0, 0, 0, 0, 0, 0, 0, 0, 0, 0, 0, 324], 'packedBins': {'count': 64, 'min': 0, 'size': 0.078125}}",17.611222864623688,0.9985088310602813,0.00010214496336006901,"{'values': [321, 0, 0, 0, 0, 0, 0, 0, 0, 0, 0, 0, 361, 0, 0, 0, 0, 0, 0, 0, 0, 0, 0, 0, 0, 365, 0, 0, 0, 0, 0, 0, 0, 0, 0, 0, 0, 0, 341, 0, 0, 0, 0, 0, 0, 0, 0, 0, 0, 0, 0, 310, 0, 0, 0, 0, 0, 0, 0, 0, 0, 0, 0, 350], 'packedBins': {'count': 64, 'min': 0, 'size': 0.078125}, '_type': 'histogram'}",19990.100782687,,,,,5185.146693600711,,,,0.9992756120293054,0.9419876107946038,,,,102236160.0,,,1.0693359375,0.998932373589462,0.9990633085089448,,,"{'values': [346, 0, 0, 0, 0, 0, 0, 0, 0, 0, 0, 0, 380, 0, 0, 0, 0, 0, 0, 0, 0, 0, 0, 0, 0, 332, 0, 0, 0, 0, 0, 0, 0, 0, 0, 0, 0, 0, 344, 0, 0, 0, 0, 0, 0, 0, 0, 0, 0, 0, 0, 316, 0, 0, 0, 0, 0, 0, 0, 0, 0, 0, 0, 330], 'packedBins': {'min': 0, 'size': 0.078125, 'count': 64}, '_type': 'histogram'}",,,1.095703125,12.064776718616486,"{'values': [360, 0, 0, 0, 0, 0, 0, 0, 0, 0, 0, 0, 365, 0, 0, 0, 0, 0, 0, 0, 0, 0, 0, 0, 0, 352, 0, 0, 0, 0, 0, 0, 0, 0, 0, 0, 0, 0, 354, 0, 0, 0, 0, 0, 0, 0, 0, 0, 0, 0, 0, 296, 0, 0, 0, 0, 0, 0, 0, 0, 0, 0, 0, 321], 'packedBins': {'count': 64, 'min': 0, 'size': 0.078125}, '_type': 'histogram'}",1.0693359375,0.9987800819071977
,"{'_type': 'histogram', 'values': [356, 0, 0, 0, 0, 0, 0, 0, 0, 0, 0, 0, 315, 0, 0, 0, 0, 0, 0, 0, 0, 0, 0, 0, 0, 341, 0, 0, 0, 0, 0, 0, 0, 0, 0, 0, 0, 0, 337, 0, 0, 0, 0, 0, 0, 0, 0, 0, 0, 0, 0, 353, 0, 0, 0, 0, 0, 0, 0, 0, 0, 0, 0, 346], 'packedBins': {'count': 64, 'min': 0, 'size': 0.078125}}",0.40866103768348694,0.9971303551472913,1580,1.095703125,2.8061058805324137,,,0.9995611672500474,1.1748046875,1.0986328125,1.224609375,0.998724926903005,,"{'values': [359, 0, 0, 0, 0, 0, 0, 0, 0, 0, 0, 0, 339, 0, 0, 0, 0, 0, 0, 0, 0, 0, 0, 0, 0, 350, 0, 0, 0, 0, 0, 0, 0, 0, 0, 0, 0, 0, 328, 0, 0, 0, 0, 0, 0, 0, 0, 0, 0, 0, 0, 357, 0, 0, 0, 0, 0, 0, 0, 0, 0, 0, 0, 315], 'packedBins': {'size': 0.078125, 'count': 64, 'min': 0}, '_type': 'histogram'}",1.1044921875,"{'_type': 'histogram', 'values': [369, 0, 0, 0, 0, 0, 0, 0, 0, 0, 0, 0, 350, 0, 0, 0, 0, 0, 0, 0, 0, 0, 0, 0, 0, 292, 0, 0, 0, 0, 0, 0, 0, 0, 0, 0, 0, 0, 330, 0, 0, 0, 0, 0, 0, 0, 0, 0, 0, 0, 0, 329, 0, 0, 0, 0, 0, 0, 0, 0, 0, 0, 0, 378], 'packedBins': {'min': 0, 'size': 0.078125, 'count': 64}}",,0.9993929744266467,,"{'_type': 'histogram', 'values': [357, 0, 0, 0, 0, 0, 0, 0, 0, 0, 0, 0, 335, 0, 0, 0, 0, 0, 0, 0, 0, 0, 0, 0, 0, 333, 0, 0, 0, 0, 0, 0, 0, 0, 0, 0, 0, 0, 367, 0, 0, 0, 0, 0, 0, 0, 0, 0, 0, 0, 0, 328, 0, 0, 0, 0, 0, 0, 0, 0, 0, 0, 0, 328], 'packedBins': {'size': 0.078125, 'count': 64, 'min': 0}}",1784911703.0315335,,,0.99801882309179,,,,1.078125,"{'_type': 'histogram', 'values': [307, 0, 0, 0, 0, 0, 0, 0, 0, 0, 0, 0, 377, 0, 0, 0, 0, 0, 0, 0, 0, 0, 0, 0, 0, 355, 0, 0, 0, 0, 0, 0, 0, 0, 0, 0, 0, 0, 325, 0, 0, 0, 0, 0, 0, 0, 0, 0, 0, 0, 0, 330, 0, 0, 0, 0, 0, 0, 0, 0, 0, 0, 0, 354], 'packedBins': {'min': 0, 'size': 0.078125, 'count': 64}}",,11435.769856,,,0.9964155356478384,,1.04296875,,,0.9989704964090065,"{'_type': 'histogram', 'values': [307, 0, 0, 0, 0, 0, 0, 0, 0, 0, 0, 0, 328, 0, 0, 0, 0, 0, 0, 0, 0, 0, 0, 0, 0, 375, 0, 0, 0, 0, 0, 0, 0, 0, 0, 0, 0, 0, 359, 0, 0, 0, 0, 0, 0, 0, 0, 0, 0, 0, 0, 351, 0, 0, 0, 0, 0, 0, 0, 0, 0, 0, 0, 328], 'packedBins': {'min': 0, 'size': 0.078125, 'count': 64}}",,,,,1.107421875,"{'_type': 'histogram', 'values': [378, 0, 0, 0, 0, 0, 0, 0, 0, 0, 0, 0, 312, 0, 0, 0, 0, 0, 0, 0, 0, 0, 0, 0, 0, 401, 0, 0, 0, 0, 0, 0, 0, 0, 0, 0, 0, 0, 327, 0, 0, 0, 0, 0, 0, 0, 0, 0, 0, 0, 0, 314, 0, 0, 0, 0, 0, 0, 0, 0, 0, 0, 0, 316], 'packedBins': {'size': 0.078125, 'count': 64, 'min': 0}}",,"{'values': [418, 0, 0, 0, 0, 0, 0, 0, 0, 0, 0, 0, 353, 0, 0, 0, 0, 0, 0, 0, 0, 0, 0, 0, 0, 348, 0, 0, 0, 0, 0, 0, 0, 0, 0, 0, 0, 0, 321, 0, 0, 0, 0, 0, 0, 0, 0, 0, 0, 0, 0, 303, 0, 0, 0, 0, 0, 0, 0, 0, 0, 0, 0, 305], 'packedBins': {'min': 0, 'size': 0.078125, 'count': 64}, '_type': 'histogram'}",,,7805.475328,1.060546875,"{'_type': 'histogram', 'values': [368, 0, 0, 0, 0, 0, 0, 0, 0, 0, 0, 0, 323, 0, 0, 0, 0, 0, 0, 0, 0, 0, 0, 0, 0, 336, 0, 0, 0, 0, 0, 0, 0, 0, 0, 0, 0, 0, 344, 0, 0, 0, 0, 0, 0, 0, 0, 0, 0, 0, 0, 331, 0, 0, 0, 0, 0, 0, 0, 0, 0, 0, 0, 346], 'packedBins': {'min': 0, 'size': 0.078125, 'count': 64}}",16.545362987364783,0.9989347022084568,0.00010016349547988143,"{'packedBins': {'min': 0, 'size': 0.078125, 'count': 64}, '_type': 'histogram', 'values': [335, 0, 0, 0, 0, 0, 0, 0, 0, 0, 0, 0, 337, 0, 0, 0, 0, 0, 0, 0, 0, 0, 0, 0, 0, 374, 0, 0, 0, 0, 0, 0, 0, 0, 0, 0, 0, 0, 362, 0, 0, 0, 0, 0, 0, 0, 0, 0, 0, 0, 0, 328, 0, 0, 0, 0, 0, 0, 0, 0, 0, 0, 0, 312]}",20242.650407343,,,,,5197.2789104029025,,,,0.9994589741421583,0.9234795567113906,,,,103546880.0,,,1.0751953125,0.9995205827475654,0.9995251069216126,,,"{'values': [362, 0, 0, 0, 0, 0, 0, 0, 0, 0, 0, 0, 321, 0, 0, 0, 0, 0, 0, 0, 0, 0, 0, 0, 0, 333, 0, 0, 0, 0, 0, 0, 0, 0, 0, 0, 0, 0, 352, 0, 0, 0, 0, 0, 0, 0, 0, 0, 0, 0, 0, 349, 0, 0, 0, 0, 0, 0, 0, 0, 0, 0, 0, 331], 'packedBins': {'min': 0, 'size': 0.078125, 'count': 64}, '_type': 'histogram'}",,,1.0517578125,12.062949213385583,"{'packedBins': {'size': 0.078125, 'count': 64, 'min': 0}, '_type': 'histogram', 'values': [345, 0, 0, 0, 0, 0, 0, 0, 0, 0, 0, 0, 299, 0, 0, 0, 0, 0, 0, 0, 0, 0, 0, 0, 0, 366, 0, 0, 0, 0, 0, 0, 0, 0, 0, 0, 0, 0, 337, 0, 0, 0, 0, 0, 0, 0, 0, 0, 0, 0, 0, 352, 0, 0, 0, 0, 0, 0, 0, 0, 0, 0, 0, 349]}",1.072265625,0.9987712996869884
,"{'_type': 'histogram', 'values': [362, 0, 0, 0, 0, 0, 0, 0, 0, 0, 0, 0, 339, 0, 0, 0, 0, 0, 0, 0, 0, 0, 0, 0, 0, 338, 0, 0, 0, 0, 0, 0, 0, 0, 0, 0, 0, 0, 309, 0, 0, 0, 0, 0, 0, 0, 0, 0, 0, 0, 0, 363, 0, 0, 0, 0, 0, 0, 0, 0, 0, 0, 0, 337], 'packedBins': {'min': 0, 'size': 0.078125, 'count': 64}}",0.39691823720932007,0.9959233986562661,1600,1.0693359375,2.803025467786938,,,0.9992038905642635,1.224609375,1.16015625,1.11328125,0.9982071751024891,,"{'values': [327, 0, 0, 0, 0, 0, 0, 0, 0, 0, 0, 0, 323, 0, 0, 0, 0, 0, 0, 0, 0, 0, 0, 0, 0, 385, 0, 0, 0, 0, 0, 0, 0, 0, 0, 0, 0, 0, 385, 0, 0, 0, 0, 0, 0, 0, 0, 0, 0, 0, 0, 339, 0, 0, 0, 0, 0, 0, 0, 0, 0, 0, 0, 289], 'packedBins': {'count': 64, 'min': 0, 'size': 0.078125}, '_type': 'histogram'}",1.1689453125,"{'_type': 'histogram', 'values': [417, 0, 0, 0, 0, 0, 0, 0, 0, 0, 0, 0, 328, 0, 0, 0, 0, 0, 0, 0, 0, 0, 0, 0, 0, 303, 0, 0, 0, 0, 0, 0, 0, 0, 0, 0, 0, 0, 324, 0, 0, 0, 0, 0, 0, 0, 0, 0, 0, 0, 0, 327, 0, 0, 0, 0, 0, 0, 0, 0, 0, 0, 0, 349], 'packedBins': {'min': 0, 'size': 0.078125, 'count': 64}}",,0.9971628227492768,,"{'values': [355, 0, 0, 0, 0, 0, 0, 0, 0, 0, 0, 0, 327, 0, 0, 0, 0, 0, 0, 0, 0, 0, 0, 0, 0, 349, 0, 0, 0, 0, 0, 0, 0, 0, 0, 0, 0, 0, 339, 0, 0, 0, 0, 0, 0, 0, 0, 0, 0, 0, 0, 343, 0, 0, 0, 0, 0, 0, 0, 0, 0, 0, 0, 335], 'packedBins': {'size': 0.078125, 'count': 64, 'min': 0}, '_type': 'histogram'}",1784911955.5814605,,,0.9969565736383029,,,,1.130859375,"{'_type': 'histogram', 'values': [399, 0, 0, 0, 0, 0, 0, 0, 0, 0, 0, 0, 321, 0, 0, 0, 0, 0, 0, 0, 0, 0, 0, 0, 0, 347, 0, 0, 0, 0, 0, 0, 0, 0, 0, 0, 0, 0, 315, 0, 0, 0, 0, 0, 0, 0, 0, 0, 0, 0, 0, 329, 0, 0, 0, 0, 0, 0, 0, 0, 0, 0, 0, 337], 'packedBins': {'min': 0, 'size': 0.078125, 'count': 64}}",,11435.769856,,,0.9986889996385128,,1.0634765625,,,0.9986974491988655,"{'_type': 'histogram', 'values': [360, 0, 0, 0, 0, 0, 0, 0, 0, 0, 0, 0, 365, 0, 0, 0, 0, 0, 0, 0, 0, 0, 0, 0, 0, 279, 0, 0, 0, 0, 0, 0, 0, 0, 0, 0, 0, 0, 336, 0, 0, 0, 0, 0, 0, 0, 0, 0, 0, 0, 0, 396, 0, 0, 0, 0, 0, 0, 0, 0, 0, 0, 0, 312], 'packedBins': {'count': 64, 'min': 0, 'size': 0.078125}}",,,,,1.2216796875,"{'_type': 'histogram', 'values': [418, 0, 0, 0, 0, 0, 0, 0, 0, 0, 0, 0, 293, 0, 0, 0, 0, 0, 0, 0, 0, 0, 0, 0, 0, 305, 0, 0, 0, 0, 0, 0, 0, 0, 0, 0, 0, 0, 359, 0, 0, 0, 0, 0, 0, 0, 0, 0, 0, 0, 0, 320, 0, 0, 0, 0, 0, 0, 0, 0, 0, 0, 0, 353], 'packedBins': {'min': 0, 'size': 0.078125, 'count': 64}}",,"{'_type': 'histogram', 'values': [304, 0, 0, 0, 0, 0, 0, 0, 0, 0, 0, 0, 380, 0, 0, 0, 0, 0, 0, 0, 0, 0, 0, 0, 0, 333, 0, 0, 0, 0, 0, 0, 0, 0, 0, 0, 0, 0, 335, 0, 0, 0, 0, 0, 0, 0, 0, 0, 0, 0, 0, 358, 0, 0, 0, 0, 0, 0, 0, 0, 0, 0, 0, 338], 'packedBins': {'min': 0, 'size': 0.078125, 'count': 64}}",,,7805.475328,1.0986328125,"{'_type': 'histogram', 'values': [312, 0, 0, 0, 0, 0, 0, 0, 0, 0, 0, 0, 380, 0, 0, 0, 0, 0, 0, 0, 0, 0, 0, 0, 0, 358, 0, 0, 0, 0, 0, 0, 0, 0, 0, 0, 0, 0, 386, 0, 0, 0, 0, 0, 0, 0, 0, 0, 0, 0, 0, 292, 0, 0, 0, 0, 0, 0, 0, 0, 0, 0, 0, 320], 'packedBins': {'min': 0, 'size': 0.078125, 'count': 64}}",16.494474858799432,0.9994811958205665,9.818684204367743e-05,"{'values': [313, 0, 0, 0, 0, 0, 0, 0, 0, 0, 0, 0, 365, 0, 0, 0, 0, 0, 0, 0, 0, 0, 0, 0, 0, 309, 0, 0, 0, 0, 0, 0, 0, 0, 0, 0, 0, 0, 361, 0, 0, 0, 0, 0, 0, 0, 0, 0, 0, 0, 0, 338, 0, 0, 0, 0, 0, 0, 0, 0, 0, 0, 0, 362], 'packedBins': {'count': 64, 'min': 0, 'size': 0.078125}, '_type': 'histogram'}",20495.417376053,,,,,5192.620184067263,,,,0.9998005492827197,0.9214025320485234,,,,104857600.0,,,1.0400390625,0.9969901722838003,0.9978844285098005,,,"{'_type': 'histogram', 'values': [290, 0, 0, 0, 0, 0, 0, 0, 0, 0, 0, 0, 349, 0, 0, 0, 0, 0, 0, 0, 0, 0, 0, 0, 0, 352, 0, 0, 0, 0, 0, 0, 0, 0, 0, 0, 0, 0, 366, 0, 0, 0, 0, 0, 0, 0, 0, 0, 0, 0, 0, 375, 0, 0, 0, 0, 0, 0, 0, 0, 0, 0, 0, 316], 'packedBins': {'min': 0, 'size': 0.078125, 'count': 64}}",,,1.1279296875,12.060615077614784,"{'packedBins': {'size': 0.078125, 'count': 64, 'min': 0}, '_type': 'histogram', 'values': [358, 0, 0, 0, 0, 0, 0, 0, 0, 0, 0, 0, 345, 0, 0, 0, 0, 0, 0, 0, 0, 0, 0, 0, 0, 338, 0, 0, 0, 0, 0, 0, 0, 0, 0, 0, 0, 0, 358, 0, 0, 0, 0, 0, 0, 0, 0, 0, 0, 0, 0, 333, 0, 0, 0, 0, 0, 0, 0, 0, 0, 0, 0, 316]}",1.048828125,0.9964905171794731
,"{'values': [293, 0, 0, 0, 0, 0, 0, 0, 0, 0, 0, 0, 285, 0, 0, 0, 0, 0, 0, 0, 0, 0, 0, 0, 0, 321, 0, 0, 0, 0, 0, 0, 0, 0, 0, 0, 0, 0, 328, 0, 0, 0, 0, 0, 0, 0, 0, 0, 0, 0, 0, 394, 0, 0, 0, 0, 0, 0, 0, 0, 0, 0, 0, 427], 'packedBins': {'min': 0, 'size': 0.078125, 'count': 64}, '_type': 'histogram'}",0.4251265823841095,0.9954854186893172,1620,1.2216796875,2.8039823319762944,,,0.9936711583644307,1.142578125,1.171875,1.23046875,0.9988898596598128,,"{'values': [346, 0, 0, 0, 0, 0, 0, 0, 0, 0, 0, 0, 310, 0, 0, 0, 0, 0, 0, 0, 0, 0, 0, 0, 0, 262, 0, 0, 0, 0, 0, 0, 0, 0, 0, 0, 0, 0, 279, 0, 0, 0, 0, 0, 0, 0, 0, 0, 0, 0, 0, 434, 0, 0, 0, 0, 0, 0, 0, 0, 0, 0, 0, 417], 'packedBins': {'size': 0.078125, 'count': 64, 'min': 0}, '_type': 'histogram'}",1.107421875,"{'_type': 'histogram', 'values': [437, 0, 0, 0, 0, 0, 0, 0, 0, 0, 0, 0, 341, 0, 0, 0, 0, 0, 0, 0, 0, 0, 0, 0, 0, 249, 0, 0, 0, 0, 0, 0, 0, 0, 0, 0, 0, 0, 283, 0, 0, 0, 0, 0, 0, 0, 0, 0, 0, 0, 0, 394, 0, 0, 0, 0, 0, 0, 0, 0, 0, 0, 0, 344], 'packedBins': {'min': 0, 'size': 0.078125, 'count': 64}}",,0.9899111040074332,,"{'values': [417, 0, 0, 0, 0, 0, 0, 0, 0, 0, 0, 0, 458, 0, 0, 0, 0, 0, 0, 0, 0, 0, 0, 0, 0, 272, 0, 0, 0, 0, 0, 0, 0, 0, 0, 0, 0, 0, 321, 0, 0, 0, 0, 0, 0, 0, 0, 0, 0, 0, 0, 238, 0, 0, 0, 0, 0, 0, 0, 0, 0, 0, 0, 342], 'packedBins': {'size': 0.078125, 'count': 64, 'min': 0}, '_type': 'histogram'}",1784912208.3483703,,,0.9903865414742138,,,,1.1103515625,"{'_type': 'histogram', 'values': [325, 0, 0, 0, 0, 0, 0, 0, 0, 0, 0, 0, 324, 0, 0, 0, 0, 0, 0, 0, 0, 0, 0, 0, 0, 378, 0, 0, 0, 0, 0, 0, 0, 0, 0, 0, 0, 0, 316, 0, 0, 0, 0, 0, 0, 0, 0, 0, 0, 0, 0, 353, 0, 0, 0, 0, 0, 0, 0, 0, 0, 0, 0, 352], 'packedBins': {'size': 0.078125, 'count': 64, 'min': 0}}",,11435.769856,,,0.9933992421978015,,1.2509765625,,,0.9957519457662726,"{'_type': 'histogram', 'values': [305, 0, 0, 0, 0, 0, 0, 0, 0, 0, 0, 0, 395, 0, 0, 0, 0, 0, 0, 0, 0, 0, 0, 0, 0, 327, 0, 0, 0, 0, 0, 0, 0, 0, 0, 0, 0, 0, 400, 0, 0, 0, 0, 0, 0, 0, 0, 0, 0, 0, 0, 278, 0, 0, 0, 0, 0, 0, 0, 0, 0, 0, 0, 343], 'packedBins': {'min': 0, 'size': 0.078125, 'count': 64}}",,,,,1.2802734375,"{'_type': 'histogram', 'values': [265, 0, 0, 0, 0, 0, 0, 0, 0, 0, 0, 0, 330, 0, 0, 0, 0, 0, 0, 0, 0, 0, 0, 0, 0, 368, 0, 0, 0, 0, 0, 0, 0, 0, 0, 0, 0, 0, 378, 0, 0, 0, 0, 0, 0, 0, 0, 0, 0, 0, 0, 317, 0, 0, 0, 0, 0, 0, 0, 0, 0, 0, 0, 390], 'packedBins': {'min': 0, 'size': 0.078125, 'count': 64}}",,"{'_type': 'histogram', 'values': [314, 0, 0, 0, 0, 0, 0, 0, 0, 0, 0, 0, 341, 0, 0, 0, 0, 0, 0, 0, 0, 0, 0, 0, 0, 420, 0, 0, 0, 0, 0, 0, 0, 0, 0, 0, 0, 0, 401, 0, 0, 0, 0, 0, 0, 0, 0, 0, 0, 0, 0, 278, 0, 0, 0, 0, 0, 0, 0, 0, 0, 0, 0, 294], 'packedBins': {'count': 64, 'min': 0, 'size': 0.078125}}",,,7805.475328,1.1015625,"{'_type': 'histogram', 'values': [297, 0, 0, 0, 0, 0, 0, 0, 0, 0, 0, 0, 347, 0, 0, 0, 0, 0, 0, 0, 0, 0, 0, 0, 0, 379, 0, 0, 0, 0, 0, 0, 0, 0, 0, 0, 0, 0, 344, 0, 0, 0, 0, 0, 0, 0, 0, 0, 0, 0, 0, 321, 0, 0, 0, 0, 0, 0, 0, 0, 0, 0, 0, 360], 'packedBins': {'count': 64, 'min': 0, 'size': 0.078125}}",16.510265384603592,0.993027195414393,9.621597051781906e-05,"{'values': [285, 0, 0, 0, 0, 0, 0, 0, 0, 0, 0, 0, 417, 0, 0, 0, 0, 0, 0, 0, 0, 0, 0, 0, 0, 367, 0, 0, 0, 0, 0, 0, 0, 0, 0, 0, 0, 0, 346, 0, 0, 0, 0, 0, 0, 0, 0, 0, 0, 0, 0, 318, 0, 0, 0, 0, 0, 0, 0, 0, 0, 0, 0, 315], 'packedBins': {'min': 0, 'size': 0.078125, 'count': 64}, '_type': 'histogram'}",20746.884117403,,,,,5188.160403313085,,,,0.9859591049132874,0.913629291858524,,,,106168320.0,,,1.341796875,0.9983117633613443,0.9981619998939887,,,"{'values': [339, 0, 0, 0, 0, 0, 0, 0, 0, 0, 0, 0, 325, 0, 0, 0, 0, 0, 0, 0, 0, 0, 0, 0, 0, 341, 0, 0, 0, 0, 0, 0, 0, 0, 0, 0, 0, 0, 376, 0, 0, 0, 0, 0, 0, 0, 0, 0, 0, 0, 0, 372, 0, 0, 0, 0, 0, 0, 0, 0, 0, 0, 0, 295], 'packedBins': {'size': 0.078125, 'count': 64, 'min': 0}, '_type': 'histogram'}",,,1.271484375,12.0623181656003,"{'values': [425, 0, 0, 0, 0, 0, 0, 0, 0, 0, 0, 0, 289, 0, 0, 0, 0, 0, 0, 0, 0, 0, 0, 0, 0, 381, 0, 0, 0, 0, 0, 0, 0, 0, 0, 0, 0, 0, 350, 0, 0, 0, 0, 0, 0, 0, 0, 0, 0, 0, 0, 339, 0, 0, 0, 0, 0, 0, 0, 0, 0, 0, 0, 264], 'packedBins': {'size': 0.078125, 'count': 64, 'min': 0}, '_type': 'histogram'}",1.2451171875,0.9952632684372069
,"{'_type': 'histogram', 'values': [298, 0, 0, 0, 0, 0, 0, 0, 0, 0, 0, 0, 342, 0, 0, 0, 0, 0, 0, 0, 0, 0, 0, 0, 0, 350, 0, 0, 0, 0, 0, 0, 0, 0, 0, 0, 0, 0, 335, 0, 0, 0, 0, 0, 0, 0, 0, 0, 0, 0, 0, 350, 0, 0, 0, 0, 0, 0, 0, 0, 0, 0, 0, 373], 'packedBins': {'min': 0, 'size': 0.078125, 'count': 64}}",0.4156598746776581,0.9950915494193283,1640,1.072265625,2.8343968506902457,,,0.9987523380751732,1.1396484375,1.130859375,1.083984375,0.9978443762630889,,"{'values': [315, 0, 0, 0, 0, 0, 0, 0, 0, 0, 0, 0, 311, 0, 0, 0, 0, 0, 0, 0, 0, 0, 0, 0, 0, 400, 0, 0, 0, 0, 0, 0, 0, 0, 0, 0, 0, 0, 323, 0, 0, 0, 0, 0, 0, 0, 0, 0, 0, 0, 0, 353, 0, 0, 0, 0, 0, 0, 0, 0, 0, 0, 0, 346], 'packedBins': {'count': 64, 'min': 0, 'size': 0.078125}, '_type': 'histogram'}",1.0751953125,"{'values': [370, 0, 0, 0, 0, 0, 0, 0, 0, 0, 0, 0, 404, 0, 0, 0, 0, 0, 0, 0, 0, 0, 0, 0, 0, 323, 0, 0, 0, 0, 0, 0, 0, 0, 0, 0, 0, 0, 349, 0, 0, 0, 0, 0, 0, 0, 0, 0, 0, 0, 0, 306, 0, 0, 0, 0, 0, 0, 0, 0, 0, 0, 0, 296], 'packedBins': {'min': 0, 'size': 0.078125, 'count': 64}, '_type': 'histogram'}",,0.99783665855442,,"{'_type': 'histogram', 'values': [354, 0, 0, 0, 0, 0, 0, 0, 0, 0, 0, 0, 366, 0, 0, 0, 0, 0, 0, 0, 0, 0, 0, 0, 0, 316, 0, 0, 0, 0, 0, 0, 0, 0, 0, 0, 0, 0, 363, 0, 0, 0, 0, 0, 0, 0, 0, 0, 0, 0, 0, 358, 0, 0, 0, 0, 0, 0, 0, 0, 0, 0, 0, 291], 'packedBins': {'count': 64, 'min': 0, 'size': 0.078125}}",1784912459.815146,,,0.9966652966680307,,,,1.03125,"{'_type': 'histogram', 'values': [343, 0, 0, 0, 0, 0, 0, 0, 0, 0, 0, 0, 337, 0, 0, 0, 0, 0, 0, 0, 0, 0, 0, 0, 0, 362, 0, 0, 0, 0, 0, 0, 0, 0, 0, 0, 0, 0, 359, 0, 0, 0, 0, 0, 0, 0, 0, 0, 0, 0, 0, 367, 0, 0, 0, 0, 0, 0, 0, 0, 0, 0, 0, 280], 'packedBins': {'size': 0.078125, 'count': 64, 'min': 0}}",,11435.769856,,,0.9977026631642584,,1.0927734375,,,0.9991290420965713,"{'_type': 'histogram', 'values': [332, 0, 0, 0, 0, 0, 0, 0, 0, 0, 0, 0, 284, 0, 0, 0, 0, 0, 0, 0, 0, 0, 0, 0, 0, 331, 0, 0, 0, 0, 0, 0, 0, 0, 0, 0, 0, 0, 347, 0, 0, 0, 0, 0, 0, 0, 0, 0, 0, 0, 0, 386, 0, 0, 0, 0, 0, 0, 0, 0, 0, 0, 0, 368], 'packedBins': {'size': 0.078125, 'count': 64, 'min': 0}}",,,,,1.18359375,"{'_type': 'histogram', 'values': [388, 0, 0, 0, 0, 0, 0, 0, 0, 0, 0, 0, 343, 0, 0, 0, 0, 0, 0, 0, 0, 0, 0, 0, 0, 389, 0, 0, 0, 0, 0, 0, 0, 0, 0, 0, 0, 0, 326, 0, 0, 0, 0, 0, 0, 0, 0, 0, 0, 0, 0, 257, 0, 0, 0, 0, 0, 0, 0, 0, 0, 0, 0, 345], 'packedBins': {'min': 0, 'size': 0.078125, 'count': 64}}",,"{'_type': 'histogram', 'values': [289, 0, 0, 0, 0, 0, 0, 0, 0, 0, 0, 0, 370, 0, 0, 0, 0, 0, 0, 0, 0, 0, 0, 0, 0, 339, 0, 0, 0, 0, 0, 0, 0, 0, 0, 0, 0, 0, 370, 0, 0, 0, 0, 0, 0, 0, 0, 0, 0, 0, 0, 315, 0, 0, 0, 0, 0, 0, 0, 0, 0, 0, 0, 365], 'packedBins': {'count': 64, 'min': 0, 'size': 0.078125}}",,,7805.475328,1.107421875,"{'values': [346, 0, 0, 0, 0, 0, 0, 0, 0, 0, 0, 0, 339, 0, 0, 0, 0, 0, 0, 0, 0, 0, 0, 0, 0, 336, 0, 0, 0, 0, 0, 0, 0, 0, 0, 0, 0, 0, 351, 0, 0, 0, 0, 0, 0, 0, 0, 0, 0, 0, 0, 324, 0, 0, 0, 0, 0, 0, 0, 0, 0, 0, 0, 352], 'packedBins': {'size': 0.078125, 'count': 64, 'min': 0}, '_type': 'histogram'}",17.020131523324377,0.9980524217372874,9.425184553873187e-05,"{'values': [329, 0, 0, 0, 0, 0, 0, 0, 0, 0, 0, 0, 348, 0, 0, 0, 0, 0, 0, 0, 0, 0, 0, 0, 0, 364, 0, 0, 0, 0, 0, 0, 0, 0, 0, 0, 0, 0, 320, 0, 0, 0, 0, 0, 0, 0, 0, 0, 0, 0, 0, 366, 0, 0, 0, 0, 0, 0, 0, 0, 0, 0, 0, 321], 'packedBins': {'min': 0, 'size': 0.078125, 'count': 64}, '_type': 'histogram'}",20996.749924929,,,,,5215.0068710866335,,,,0.9980789679938289,0.9337724467273801,,,,107479040.0,,,1.072265625,0.9997738034302643,0.998382021123018,,,"{'values': [378, 0, 0, 0, 0, 0, 0, 0, 0, 0, 0, 0, 328, 0, 0, 0, 0, 0, 0, 0, 0, 0, 0, 0, 0, 362, 0, 0, 0, 0, 0, 0, 0, 0, 0, 0, 0, 0, 343, 0, 0, 0, 0, 0, 0, 0, 0, 0, 0, 0, 0, 341, 0, 0, 0, 0, 0, 0, 0, 0, 0, 0, 0, 296], 'packedBins': {'min': 0, 'size': 0.078125, 'count': 64}, '_type': 'histogram'}",,,1.171875,12.065654973685742,"{'values': [336, 0, 0, 0, 0, 0, 0, 0, 0, 0, 0, 0, 378, 0, 0, 0, 0, 0, 0, 0, 0, 0, 0, 0, 0, 300, 0, 0, 0, 0, 0, 0, 0, 0, 0, 0, 0, 0, 365, 0, 0, 0, 0, 0, 0, 0, 0, 0, 0, 0, 0, 311, 0, 0, 0, 0, 0, 0, 0, 0, 0, 0, 0, 358], 'packedBins': {'min': 0, 'size': 0.078125, 'count': 64}, '_type': 'histogram'}",1.107421875,0.9974759887381008
,"{'_type': 'histogram', 'values': [371, 0, 0, 0, 0, 0, 0, 0, 0, 0, 0, 0, 310, 0, 0, 0, 0, 0, 0, 0, 0, 0, 0, 0, 0, 337, 0, 0, 0, 0, 0, 0, 0, 0, 0, 0, 0, 0, 339, 0, 0, 0, 0, 0, 0, 0, 0, 0, 0, 0, 0, 349, 0, 0, 0, 0, 0, 0, 0, 0, 0, 0, 0, 342], 'packedBins': {'count': 64, 'min': 0, 'size': 0.078125}}",0.4219551682472229,0.9988601198686499,1660,1.1044921875,2.78166125100106,,,0.9992207896849691,1.1162109375,1.060546875,1.154296875,0.999478002285945,,"{'values': [337, 0, 0, 0, 0, 0, 0, 0, 0, 0, 0, 0, 325, 0, 0, 0, 0, 0, 0, 0, 0, 0, 0, 0, 0, 331, 0, 0, 0, 0, 0, 0, 0, 0, 0, 0, 0, 0, 344, 0, 0, 0, 0, 0, 0, 0, 0, 0, 0, 0, 0, 377, 0, 0, 0, 0, 0, 0, 0, 0, 0, 0, 0, 334], 'packedBins': {'min': 0, 'size': 0.078125, 'count': 64}, '_type': 'histogram'}",1.0810546875,"{'_type': 'histogram', 'values': [375, 0, 0, 0, 0, 0, 0, 0, 0, 0, 0, 0, 337, 0, 0, 0, 0, 0, 0, 0, 0, 0, 0, 0, 0, 338, 0, 0, 0, 0, 0, 0, 0, 0, 0, 0, 0, 0, 290, 0, 0, 0, 0, 0, 0, 0, 0, 0, 0, 0, 0, 352, 0, 0, 0, 0, 0, 0, 0, 0, 0, 0, 0, 356], 'packedBins': {'min': 0, 'size': 0.078125, 'count': 64}}",,0.999325777135652,,"{'values': [331, 0, 0, 0, 0, 0, 0, 0, 0, 0, 0, 0, 346, 0, 0, 0, 0, 0, 0, 0, 0, 0, 0, 0, 0, 339, 0, 0, 0, 0, 0, 0, 0, 0, 0, 0, 0, 0, 322, 0, 0, 0, 0, 0, 0, 0, 0, 0, 0, 0, 0, 374, 0, 0, 0, 0, 0, 0, 0, 0, 0, 0, 0, 336], 'packedBins': {'size': 0.078125, 'count': 64, 'min': 0}, '_type': 'histogram'}",1784912709.681078,,,0.9983111645736027,,,,1.130859375,"{'values': [326, 0, 0, 0, 0, 0, 0, 0, 0, 0, 0, 0, 341, 0, 0, 0, 0, 0, 0, 0, 0, 0, 0, 0, 0, 335, 0, 0, 0, 0, 0, 0, 0, 0, 0, 0, 0, 0, 369, 0, 0, 0, 0, 0, 0, 0, 0, 0, 0, 0, 0, 350, 0, 0, 0, 0, 0, 0, 0, 0, 0, 0, 0, 327], 'packedBins': {'count': 64, 'min': 0, 'size': 0.078125}, '_type': 'histogram'}",,11435.769856,,,0.9985432280894341,,1.0869140625,,,0.9989201982387174,"{'_type': 'histogram', 'values': [342, 0, 0, 0, 0, 0, 0, 0, 0, 0, 0, 0, 362, 0, 0, 0, 0, 0, 0, 0, 0, 0, 0, 0, 0, 320, 0, 0, 0, 0, 0, 0, 0, 0, 0, 0, 0, 0, 332, 0, 0, 0, 0, 0, 0, 0, 0, 0, 0, 0, 0, 356, 0, 0, 0, 0, 0, 0, 0, 0, 0, 0, 0, 336], 'packedBins': {'min': 0, 'size': 0.078125, 'count': 64}}",,,,,1.0986328125,"{'_type': 'histogram', 'values': [331, 0, 0, 0, 0, 0, 0, 0, 0, 0, 0, 0, 381, 0, 0, 0, 0, 0, 0, 0, 0, 0, 0, 0, 0, 350, 0, 0, 0, 0, 0, 0, 0, 0, 0, 0, 0, 0, 333, 0, 0, 0, 0, 0, 0, 0, 0, 0, 0, 0, 0, 309, 0, 0, 0, 0, 0, 0, 0, 0, 0, 0, 0, 344], 'packedBins': {'min': 0, 'size': 0.078125, 'count': 64}}",,"{'_type': 'histogram', 'values': [325, 0, 0, 0, 0, 0, 0, 0, 0, 0, 0, 0, 394, 0, 0, 0, 0, 0, 0, 0, 0, 0, 0, 0, 0, 332, 0, 0, 0, 0, 0, 0, 0, 0, 0, 0, 0, 0, 346, 0, 0, 0, 0, 0, 0, 0, 0, 0, 0, 0, 0, 333, 0, 0, 0, 0, 0, 0, 0, 0, 0, 0, 0, 318], 'packedBins': {'min': 0, 'size': 0.078125, 'count': 64}}",,,7805.475328,1.11328125,"{'_type': 'histogram', 'values': [305, 0, 0, 0, 0, 0, 0, 0, 0, 0, 0, 0, 340, 0, 0, 0, 0, 0, 0, 0, 0, 0, 0, 0, 0, 349, 0, 0, 0, 0, 0, 0, 0, 0, 0, 0, 0, 0, 336, 0, 0, 0, 0, 0, 0, 0, 0, 0, 0, 0, 0, 332, 0, 0, 0, 0, 0, 0, 0, 0, 0, 0, 0, 386], 'packedBins': {'min': 0, 'size': 0.078125, 'count': 64}}",16.145820942308777,0.9995672881914053,9.229542844076683e-05,"{'values': [334, 0, 0, 0, 0, 0, 0, 0, 0, 0, 0, 0, 377, 0, 0, 0, 0, 0, 0, 0, 0, 0, 0, 0, 0, 339, 0, 0, 0, 0, 0, 0, 0, 0, 0, 0, 0, 0, 334, 0, 0, 0, 0, 0, 0, 0, 0, 0, 0, 0, 0, 308, 0, 0, 0, 0, 0, 0, 0, 0, 0, 0, 0, 356], 'packedBins': {'min': 0, 'size': 0.078125, 'count': 64}, '_type': 'histogram'}",21246.105902421,,,,,5248.403788622956,,,,0.9993695551727554,0.9250854481477291,,,,108789760.0,,,1.095703125,0.9986189414727529,0.99866498159688,,,"{'_type': 'histogram', 'values': [360, 0, 0, 0, 0, 0, 0, 0, 0, 0, 0, 0, 317, 0, 0, 0, 0, 0, 0, 0, 0, 0, 0, 0, 0, 312, 0, 0, 0, 0, 0, 0, 0, 0, 0, 0, 0, 0, 345, 0, 0, 0, 0, 0, 0, 0, 0, 0, 0, 0, 0, 380, 0, 0, 0, 0, 0, 0, 0, 0, 0, 0, 0, 334], 'packedBins': {'size': 0.078125, 'count': 64, 'min': 0}}",,,1.1044921875,12.066124567389489,"{'values': [340, 0, 0, 0, 0, 0, 0, 0, 0, 0, 0, 0, 367, 0, 0, 0, 0, 0, 0, 0, 0, 0, 0, 0, 0, 323, 0, 0, 0, 0, 0, 0, 0, 0, 0, 0, 0, 0, 333, 0, 0, 0, 0, 0, 0, 0, 0, 0, 0, 0, 0, 346, 0, 0, 0, 0, 0, 0, 0, 0, 0, 0, 0, 339], 'packedBins': {'min': 0, 'size': 0.078125, 'count': 64}, '_type': 'histogram'}",1.0751953125,0.9995158589776044
,"{'_type': 'histogram', 'values': [281, 0, 0, 0, 0, 0, 0, 0, 0, 0, 0, 0, 312, 0, 0, 0, 0, 0, 0, 0, 0, 0, 0, 0, 0, 404, 0, 0, 0, 0, 0, 0, 0, 0, 0, 0, 0, 0, 303, 0, 0, 0, 0, 0, 0, 0, 0, 0, 0, 0, 0, 391, 0, 0, 0, 0, 0, 0, 0, 0, 0, 0, 0, 357], 'packedBins': {'count': 64, 'min': 0, 'size': 0.078125}}",0.40999773144721985,0.9983116302974017,1680,1.189453125,2.748567807674408,,,0.99497278985059,1.1103515625,1.177734375,1.0693359375,0.9988494082212734,,"{'packedBins': {'size': 0.078125, 'count': 64, 'min': 0}, '_type': 'histogram', 'values': [327, 0, 0, 0, 0, 0, 0, 0, 0, 0, 0, 0, 312, 0, 0, 0, 0, 0, 0, 0, 0, 0, 0, 0, 0, 358, 0, 0, 0, 0, 0, 0, 0, 0, 0, 0, 0, 0, 398, 0, 0, 0, 0, 0, 0, 0, 0, 0, 0, 0, 0, 313, 0, 0, 0, 0, 0, 0, 0, 0, 0, 0, 0, 340]}",1.072265625,"{'_type': 'histogram', 'values': [379, 0, 0, 0, 0, 0, 0, 0, 0, 0, 0, 0, 339, 0, 0, 0, 0, 0, 0, 0, 0, 0, 0, 0, 0, 310, 0, 0, 0, 0, 0, 0, 0, 0, 0, 0, 0, 0, 337, 0, 0, 0, 0, 0, 0, 0, 0, 0, 0, 0, 0, 336, 0, 0, 0, 0, 0, 0, 0, 0, 0, 0, 0, 347], 'packedBins': {'min': 0, 'size': 0.078125, 'count': 64}}",,0.9979072489759502,,"{'_type': 'histogram', 'values': [295, 0, 0, 0, 0, 0, 0, 0, 0, 0, 0, 0, 327, 0, 0, 0, 0, 0, 0, 0, 0, 0, 0, 0, 0, 344, 0, 0, 0, 0, 0, 0, 0, 0, 0, 0, 0, 0, 354, 0, 0, 0, 0, 0, 0, 0, 0, 0, 0, 0, 0, 363, 0, 0, 0, 0, 0, 0, 0, 0, 0, 0, 0, 365], 'packedBins': {'size': 0.078125, 'count': 64, 'min': 0}}",1784912959.037124,,,0.9990150728297654,,,,1.0576171875,"{'packedBins': {'min': 0, 'size': 0.078125, 'count': 64}, '_type': 'histogram', 'values': [341, 0, 0, 0, 0, 0, 0, 0, 0, 0, 0, 0, 366, 0, 0, 0, 0, 0, 0, 0, 0, 0, 0, 0, 0, 356, 0, 0, 0, 0, 0, 0, 0, 0, 0, 0, 0, 0, 299, 0, 0, 0, 0, 0, 0, 0, 0, 0, 0, 0, 0, 353, 0, 0, 0, 0, 0, 0, 0, 0, 0, 0, 0, 333]}",,11435.769856,,,0.9995931025962627,,1.18359375,,,0.9972930923490468,"{'_type': 'histogram', 'values': [286, 0, 0, 0, 0, 0, 0, 0, 0, 0, 0, 0, 311, 0, 0, 0, 0, 0, 0, 0, 0, 0, 0, 0, 0, 360, 0, 0, 0, 0, 0, 0, 0, 0, 0, 0, 0, 0, 331, 0, 0, 0, 0, 0, 0, 0, 0, 0, 0, 0, 0, 402, 0, 0, 0, 0, 0, 0, 0, 0, 0, 0, 0, 358], 'packedBins': {'min': 0, 'size': 0.078125, 'count': 64}}",,,,,1.1103515625,"{'_type': 'histogram', 'values': [356, 0, 0, 0, 0, 0, 0, 0, 0, 0, 0, 0, 294, 0, 0, 0, 0, 0, 0, 0, 0, 0, 0, 0, 0, 326, 0, 0, 0, 0, 0, 0, 0, 0, 0, 0, 0, 0, 348, 0, 0, 0, 0, 0, 0, 0, 0, 0, 0, 0, 0, 379, 0, 0, 0, 0, 0, 0, 0, 0, 0, 0, 0, 345], 'packedBins': {'size': 0.078125, 'count': 64, 'min': 0}}",,"{'values': [365, 0, 0, 0, 0, 0, 0, 0, 0, 0, 0, 0, 326, 0, 0, 0, 0, 0, 0, 0, 0, 0, 0, 0, 0, 350, 0, 0, 0, 0, 0, 0, 0, 0, 0, 0, 0, 0, 330, 0, 0, 0, 0, 0, 0, 0, 0, 0, 0, 0, 0, 341, 0, 0, 0, 0, 0, 0, 0, 0, 0, 0, 0, 336], 'packedBins': {'min': 0, 'size': 0.078125, 'count': 64}, '_type': 'histogram'}",,,7805.475328,1.119140625,"{'values': [343, 0, 0, 0, 0, 0, 0, 0, 0, 0, 0, 0, 360, 0, 0, 0, 0, 0, 0, 0, 0, 0, 0, 0, 0, 327, 0, 0, 0, 0, 0, 0, 0, 0, 0, 0, 0, 0, 349, 0, 0, 0, 0, 0, 0, 0, 0, 0, 0, 0, 0, 308, 0, 0, 0, 0, 0, 0, 0, 0, 0, 0, 0, 361], 'packedBins': {'count': 64, 'min': 0, 'size': 0.078125}, '_type': 'histogram'}",15.620244662082094,0.9988911902992385,9.034767678567842e-05,"{'values': [406, 0, 0, 0, 0, 0, 0, 0, 0, 0, 0, 0, 308, 0, 0, 0, 0, 0, 0, 0, 0, 0, 0, 0, 0, 319, 0, 0, 0, 0, 0, 0, 0, 0, 0, 0, 0, 0, 311, 0, 0, 0, 0, 0, 0, 0, 0, 0, 0, 0, 0, 350, 0, 0, 0, 0, 0, 0, 0, 0, 0, 0, 0, 354], 'packedBins': {'min': 0, 'size': 0.078125, 'count': 64}, '_type': 'histogram'}",21494.33119656,,,,,5259.136666442506,,,,0.9985500143505048,0.9098121344577521,,,,110100480.0,,,1.0693359375,0.9991455420254493,0.9978679285809227,,,"{'_type': 'histogram', 'values': [321, 0, 0, 0, 0, 0, 0, 0, 0, 0, 0, 0, 326, 0, 0, 0, 0, 0, 0, 0, 0, 0, 0, 0, 0, 295, 0, 0, 0, 0, 0, 0, 0, 0, 0, 0, 0, 0, 382, 0, 0, 0, 0, 0, 0, 0, 0, 0, 0, 0, 0, 362, 0, 0, 0, 0, 0, 0, 0, 0, 0, 0, 0, 362], 'packedBins': {'count': 64, 'min': 0, 'size': 0.078125}}",,,1.166015625,12.060732583701611,"{'values': [369, 0, 0, 0, 0, 0, 0, 0, 0, 0, 0, 0, 348, 0, 0, 0, 0, 0, 0, 0, 0, 0, 0, 0, 0, 334, 0, 0, 0, 0, 0, 0, 0, 0, 0, 0, 0, 0, 328, 0, 0, 0, 0, 0, 0, 0, 0, 0, 0, 0, 0, 363, 0, 0, 0, 0, 0, 0, 0, 0, 0, 0, 0, 306], 'packedBins': {'min': 0, 'size': 0.078125, 'count': 64}, '_type': 'histogram'}",1.0810546875,0.9966491293990092
,"{'_type': 'histogram', 'values': [353, 0, 0, 0, 0, 0, 0, 0, 0, 0, 0, 0, 426, 0, 0, 0, 0, 0, 0, 0, 0, 0, 0, 0, 0, 319, 0, 0, 0, 0, 0, 0, 0, 0, 0, 0, 0, 0, 303, 0, 0, 0, 0, 0, 0, 0, 0, 0, 0, 0, 0, 306, 0, 0, 0, 0, 0, 0, 0, 0, 0, 0, 0, 341], 'packedBins': {'min': 0, 'size': 0.078125, 'count': 64}}",0.4223845601081848,0.9988975773684815,1700,1.166015625,2.742618533410132,,,0.9959657129900014,1.072265625,1.1572265625,1.0927734375,0.9976481734797784,,"{'values': [309, 0, 0, 0, 0, 0, 0, 0, 0, 0, 0, 0, 341, 0, 0, 0, 0, 0, 0, 0, 0, 0, 0, 0, 0, 364, 0, 0, 0, 0, 0, 0, 0, 0, 0, 0, 0, 0, 362, 0, 0, 0, 0, 0, 0, 0, 0, 0, 0, 0, 0, 272, 0, 0, 0, 0, 0, 0, 0, 0, 0, 0, 0, 400], 'packedBins': {'count': 64, 'min': 0, 'size': 0.078125}, '_type': 'histogram'}",1.107421875,"{'_type': 'histogram', 'values': [285, 0, 0, 0, 0, 0, 0, 0, 0, 0, 0, 0, 363, 0, 0, 0, 0, 0, 0, 0, 0, 0, 0, 0, 0, 425, 0, 0, 0, 0, 0, 0, 0, 0, 0, 0, 0, 0, 325, 0, 0, 0, 0, 0, 0, 0, 0, 0, 0, 0, 0, 308, 0, 0, 0, 0, 0, 0, 0, 0, 0, 0, 0, 342], 'packedBins': {'min': 0, 'size': 0.078125, 'count': 64}}",,0.9958356429861452,,"{'_type': 'histogram', 'values': [365, 0, 0, 0, 0, 0, 0, 0, 0, 0, 0, 0, 317, 0, 0, 0, 0, 0, 0, 0, 0, 0, 0, 0, 0, 291, 0, 0, 0, 0, 0, 0, 0, 0, 0, 0, 0, 0, 384, 0, 0, 0, 0, 0, 0, 0, 0, 0, 0, 0, 0, 351, 0, 0, 0, 0, 0, 0, 0, 0, 0, 0, 0, 340], 'packedBins': {'size': 0.078125, 'count': 64, 'min': 0}}",1784913207.2622762,,,0.9953158952264909,,,,1.060546875,"{'_type': 'histogram', 'values': [370, 0, 0, 0, 0, 0, 0, 0, 0, 0, 0, 0, 307, 0, 0, 0, 0, 0, 0, 0, 0, 0, 0, 0, 0, 317, 0, 0, 0, 0, 0, 0, 0, 0, 0, 0, 0, 0, 369, 0, 0, 0, 0, 0, 0, 0, 0, 0, 0, 0, 0, 378, 0, 0, 0, 0, 0, 0, 0, 0, 0, 0, 0, 307], 'packedBins': {'min': 0, 'size': 0.078125, 'count': 64}}",,11435.769856,,,0.9986221350073744,,1.248046875,,,0.9980242121814639,"{'values': [320, 0, 0, 0, 0, 0, 0, 0, 0, 0, 0, 0, 395, 0, 0, 0, 0, 0, 0, 0, 0, 0, 0, 0, 0, 328, 0, 0, 0, 0, 0, 0, 0, 0, 0, 0, 0, 0, 325, 0, 0, 0, 0, 0, 0, 0, 0, 0, 0, 0, 0, 346, 0, 0, 0, 0, 0, 0, 0, 0, 0, 0, 0, 334], 'packedBins': {'count': 64, 'min': 0, 'size': 0.078125}, '_type': 'histogram'}",,,,,1.2451171875,"{'_type': 'histogram', 'values': [338, 0, 0, 0, 0, 0, 0, 0, 0, 0, 0, 0, 366, 0, 0, 0, 0, 0, 0, 0, 0, 0, 0, 0, 0, 302, 0, 0, 0, 0, 0, 0, 0, 0, 0, 0, 0, 0, 335, 0, 0, 0, 0, 0, 0, 0, 0, 0, 0, 0, 0, 343, 0, 0, 0, 0, 0, 0, 0, 0, 0, 0, 0, 364], 'packedBins': {'min': 0, 'size': 0.078125, 'count': 64}}",,"{'_type': 'histogram', 'values': [316, 0, 0, 0, 0, 0, 0, 0, 0, 0, 0, 0, 357, 0, 0, 0, 0, 0, 0, 0, 0, 0, 0, 0, 0, 373, 0, 0, 0, 0, 0, 0, 0, 0, 0, 0, 0, 0, 358, 0, 0, 0, 0, 0, 0, 0, 0, 0, 0, 0, 0, 338, 0, 0, 0, 0, 0, 0, 0, 0, 0, 0, 0, 306], 'packedBins': {'size': 0.078125, 'count': 64, 'min': 0}}",,,7805.475328,1.0927734375,"{'_type': 'histogram', 'values': [331, 0, 0, 0, 0, 0, 0, 0, 0, 0, 0, 0, 333, 0, 0, 0, 0, 0, 0, 0, 0, 0, 0, 0, 0, 352, 0, 0, 0, 0, 0, 0, 0, 0, 0, 0, 0, 0, 327, 0, 0, 0, 0, 0, 0, 0, 0, 0, 0, 0, 0, 362, 0, 0, 0, 0, 0, 0, 0, 0, 0, 0, 0, 343], 'packedBins': {'count': 64, 'min': 0, 'size': 0.078125}}",15.52759142554959,0.9994519217532024,8.84095438939494e-05,"{'values': [335, 0, 0, 0, 0, 0, 0, 0, 0, 0, 0, 0, 341, 0, 0, 0, 0, 0, 0, 0, 0, 0, 0, 0, 0, 349, 0, 0, 0, 0, 0, 0, 0, 0, 0, 0, 0, 0, 306, 0, 0, 0, 0, 0, 0, 0, 0, 0, 0, 0, 0, 398, 0, 0, 0, 0, 0, 0, 0, 0, 0, 0, 0, 319], 'packedBins': {'count': 64, 'min': 0, 'size': 0.078125}, '_type': 'histogram'}",21742.036338281,,,,,5283.118077286944,,,,0.9977383243008654,0.902959521394223,,,,111411200.0,,,1.125,0.9996325560552328,0.9994951675345357,,,"{'packedBins': {'min': 0, 'size': 0.078125, 'count': 64}, '_type': 'histogram', 'values': [373, 0, 0, 0, 0, 0, 0, 0, 0, 0, 0, 0, 333, 0, 0, 0, 0, 0, 0, 0, 0, 0, 0, 0, 0, 341, 0, 0, 0, 0, 0, 0, 0, 0, 0, 0, 0, 0, 331, 0, 0, 0, 0, 0, 0, 0, 0, 0, 0, 0, 0, 331, 0, 0, 0, 0, 0, 0, 0, 0, 0, 0, 0, 339]}",,,1.171875,12.05912421643734,"{'values': [347, 0, 0, 0, 0, 0, 0, 0, 0, 0, 0, 0, 369, 0, 0, 0, 0, 0, 0, 0, 0, 0, 0, 0, 0, 336, 0, 0, 0, 0, 0, 0, 0, 0, 0, 0, 0, 0, 334, 0, 0, 0, 0, 0, 0, 0, 0, 0, 0, 0, 0, 343, 0, 0, 0, 0, 0, 0, 0, 0, 0, 0, 0, 319], 'packedBins': {'min': 0, 'size': 0.078125, 'count': 64}, '_type': 'histogram'}",1.0810546875,0.9985102282316782
,"{'_type': 'histogram', 'values': [268, 0, 0, 0, 0, 0, 0, 0, 0, 0, 0, 0, 356, 0, 0, 0, 0, 0, 0, 0, 0, 0, 0, 0, 0, 373, 0, 0, 0, 0, 0, 0, 0, 0, 0, 0, 0, 0, 305, 0, 0, 0, 0, 0, 0, 0, 0, 0, 0, 0, 0, 374, 0, 0, 0, 0, 0, 0, 0, 0, 0, 0, 0, 372], 'packedBins': {'min': 0, 'size': 0.078125, 'count': 64}}",0.41219577193260193,0.9967068126181106,1720,1.1513671875,2.7844961473718284,,,0.9958830137496979,1.1279296875,1.1982421875,1.125,0.9943330849467145,,"{'values': [371, 0, 0, 0, 0, 0, 0, 0, 0, 0, 0, 0, 283, 0, 0, 0, 0, 0, 0, 0, 0, 0, 0, 0, 0, 304, 0, 0, 0, 0, 0, 0, 0, 0, 0, 0, 0, 0, 316, 0, 0, 0, 0, 0, 0, 0, 0, 0, 0, 0, 0, 410, 0, 0, 0, 0, 0, 0, 0, 0, 0, 0, 0, 364], 'packedBins': {'count': 64, 'min': 0, 'size': 0.078125}, '_type': 'histogram'}",1.2509765625,"{'packedBins': {'min': 0, 'size': 0.078125, 'count': 64}, '_type': 'histogram', 'values': [301, 0, 0, 0, 0, 0, 0, 0, 0, 0, 0, 0, 369, 0, 0, 0, 0, 0, 0, 0, 0, 0, 0, 0, 0, 357, 0, 0, 0, 0, 0, 0, 0, 0, 0, 0, 0, 0, 378, 0, 0, 0, 0, 0, 0, 0, 0, 0, 0, 0, 0, 383, 0, 0, 0, 0, 0, 0, 0, 0, 0, 0, 0, 260]}",,0.9954066448353194,,"{'_type': 'histogram', 'values': [333, 0, 0, 0, 0, 0, 0, 0, 0, 0, 0, 0, 367, 0, 0, 0, 0, 0, 0, 0, 0, 0, 0, 0, 0, 257, 0, 0, 0, 0, 0, 0, 0, 0, 0, 0, 0, 0, 315, 0, 0, 0, 0, 0, 0, 0, 0, 0, 0, 0, 0, 370, 0, 0, 0, 0, 0, 0, 0, 0, 0, 0, 0, 406], 'packedBins': {'size': 0.078125, 'count': 64, 'min': 0}}",1784913454.9674456,,,0.994864675397257,,,,1.078125,"{'_type': 'histogram', 'values': [348, 0, 0, 0, 0, 0, 0, 0, 0, 0, 0, 0, 345, 0, 0, 0, 0, 0, 0, 0, 0, 0, 0, 0, 0, 358, 0, 0, 0, 0, 0, 0, 0, 0, 0, 0, 0, 0, 297, 0, 0, 0, 0, 0, 0, 0, 0, 0, 0, 0, 0, 273, 0, 0, 0, 0, 0, 0, 0, 0, 0, 0, 0, 427], 'packedBins': {'size': 0.078125, 'count': 64, 'min': 0}}",,11435.769856,,,0.9975436517528945,,1.095703125,,,0.9945349429475837,"{'_type': 'histogram', 'values': [409, 0, 0, 0, 0, 0, 0, 0, 0, 0, 0, 0, 390, 0, 0, 0, 0, 0, 0, 0, 0, 0, 0, 0, 0, 303, 0, 0, 0, 0, 0, 0, 0, 0, 0, 0, 0, 0, 290, 0, 0, 0, 0, 0, 0, 0, 0, 0, 0, 0, 0, 371, 0, 0, 0, 0, 0, 0, 0, 0, 0, 0, 0, 285], 'packedBins': {'min': 0, 'size': 0.078125, 'count': 64}}",,,,,1.1220703125,"{'values': [367, 0, 0, 0, 0, 0, 0, 0, 0, 0, 0, 0, 385, 0, 0, 0, 0, 0, 0, 0, 0, 0, 0, 0, 0, 311, 0, 0, 0, 0, 0, 0, 0, 0, 0, 0, 0, 0, 313, 0, 0, 0, 0, 0, 0, 0, 0, 0, 0, 0, 0, 292, 0, 0, 0, 0, 0, 0, 0, 0, 0, 0, 0, 380], 'packedBins': {'count': 64, 'min': 0, 'size': 0.078125}, '_type': 'histogram'}",,"{'_type': 'histogram', 'values': [362, 0, 0, 0, 0, 0, 0, 0, 0, 0, 0, 0, 384, 0, 0, 0, 0, 0, 0, 0, 0, 0, 0, 0, 0, 348, 0, 0, 0, 0, 0, 0, 0, 0, 0, 0, 0, 0, 317, 0, 0, 0, 0, 0, 0, 0, 0, 0, 0, 0, 0, 286, 0, 0, 0, 0, 0, 0, 0, 0, 0, 0, 0, 351], 'packedBins': {'min': 0, 'size': 0.078125, 'count': 64}}",,,7805.475328,1.1630859375,"{'_type': 'histogram', 'values': [329, 0, 0, 0, 0, 0, 0, 0, 0, 0, 0, 0, 356, 0, 0, 0, 0, 0, 0, 0, 0, 0, 0, 0, 0, 309, 0, 0, 0, 0, 0, 0, 0, 0, 0, 0, 0, 0, 368, 0, 0, 0, 0, 0, 0, 0, 0, 0, 0, 0, 0, 326, 0, 0, 0, 0, 0, 0, 0, 0, 0, 0, 0, 360], 'packedBins': {'min': 0, 'size': 0.078125, 'count': 64}}",16.19165761190763,0.9989786798414741,8.64819783781911e-05,"{'values': [302, 0, 0, 0, 0, 0, 0, 0, 0, 0, 0, 0, 393, 0, 0, 0, 0, 0, 0, 0, 0, 0, 0, 0, 0, 263, 0, 0, 0, 0, 0, 0, 0, 0, 0, 0, 0, 0, 370, 0, 0, 0, 0, 0, 0, 0, 0, 0, 0, 0, 0, 387, 0, 0, 0, 0, 0, 0, 0, 0, 0, 0, 0, 333], 'packedBins': {'min': 0, 'size': 0.078125, 'count': 64}, '_type': 'histogram'}",21989.34717052,,,,,5294.218830301123,,,,0.9944320845199819,0.9124310048297047,,,,112721920.0,,,1.189453125,0.9989140107653882,0.9965776075298811,,,"{'values': [341, 0, 0, 0, 0, 0, 0, 0, 0, 0, 0, 0, 311, 0, 0, 0, 0, 0, 0, 0, 0, 0, 0, 0, 0, 356, 0, 0, 0, 0, 0, 0, 0, 0, 0, 0, 0, 0, 397, 0, 0, 0, 0, 0, 0, 0, 0, 0, 0, 0, 0, 363, 0, 0, 0, 0, 0, 0, 0, 0, 0, 0, 0, 280], 'packedBins': {'min': 0, 'size': 0.078125, 'count': 64}, '_type': 'histogram'}",,,1.201171875,12.062346664071082,"{'values': [349, 0, 0, 0, 0, 0, 0, 0, 0, 0, 0, 0, 368, 0, 0, 0, 0, 0, 0, 0, 0, 0, 0, 0, 0, 319, 0, 0, 0, 0, 0, 0, 0, 0, 0, 0, 0, 0, 349, 0, 0, 0, 0, 0, 0, 0, 0, 0, 0, 0, 0, 309, 0, 0, 0, 0, 0, 0, 0, 0, 0, 0, 0, 354], 'packedBins': {'size': 0.078125, 'count': 64, 'min': 0}, '_type': 'histogram'}",1.078125,0.9939754090691029
,"{'values': [385, 0, 0, 0, 0, 0, 0, 0, 0, 0, 0, 0, 331, 0, 0, 0, 0, 0, 0, 0, 0, 0, 0, 0, 0, 313, 0, 0, 0, 0, 0, 0, 0, 0, 0, 0, 0, 0, 338, 0, 0, 0, 0, 0, 0, 0, 0, 0, 0, 0, 0, 358, 0, 0, 0, 0, 0, 0, 0, 0, 0, 0, 0, 323], 'packedBins': {'min': 0, 'size': 0.078125, 'count': 64}, '_type': 'histogram'}",0.3965556025505066,0.9964148037961543,1740,1.16015625,2.7353750273585318,,,0.998646352644921,1.201171875,1.21875,1.2685546875,0.9962812741297915,,"{'values': [283, 0, 0, 0, 0, 0, 0, 0, 0, 0, 0, 0, 296, 0, 0, 0, 0, 0, 0, 0, 0, 0, 0, 0, 0, 352, 0, 0, 0, 0, 0, 0, 0, 0, 0, 0, 0, 0, 358, 0, 0, 0, 0, 0, 0, 0, 0, 0, 0, 0, 0, 398, 0, 0, 0, 0, 0, 0, 0, 0, 0, 0, 0, 361], 'packedBins': {'count': 64, 'min': 0, 'size': 0.078125}, '_type': 'histogram'}",1.1396484375,"{'_type': 'histogram', 'values': [316, 0, 0, 0, 0, 0, 0, 0, 0, 0, 0, 0, 357, 0, 0, 0, 0, 0, 0, 0, 0, 0, 0, 0, 0, 358, 0, 0, 0, 0, 0, 0, 0, 0, 0, 0, 0, 0, 277, 0, 0, 0, 0, 0, 0, 0, 0, 0, 0, 0, 0, 384, 0, 0, 0, 0, 0, 0, 0, 0, 0, 0, 0, 356], 'packedBins': {'count': 64, 'min': 0, 'size': 0.078125}}",,0.9961756878913671,,"{'values': [392, 0, 0, 0, 0, 0, 0, 0, 0, 0, 0, 0, 399, 0, 0, 0, 0, 0, 0, 0, 0, 0, 0, 0, 0, 345, 0, 0, 0, 0, 0, 0, 0, 0, 0, 0, 0, 0, 338, 0, 0, 0, 0, 0, 0, 0, 0, 0, 0, 0, 0, 284, 0, 0, 0, 0, 0, 0, 0, 0, 0, 0, 0, 290], 'packedBins': {'min': 0, 'size': 0.078125, 'count': 64}, '_type': 'histogram'}",1784913702.278181,,,0.9969817227234475,,,,1.154296875,"{'values': [382, 0, 0, 0, 0, 0, 0, 0, 0, 0, 0, 0, 323, 0, 0, 0, 0, 0, 0, 0, 0, 0, 0, 0, 0, 274, 0, 0, 0, 0, 0, 0, 0, 0, 0, 0, 0, 0, 327, 0, 0, 0, 0, 0, 0, 0, 0, 0, 0, 0, 0, 353, 0, 0, 0, 0, 0, 0, 0, 0, 0, 0, 0, 389], 'packedBins': {'min': 0, 'size': 0.078125, 'count': 64}, '_type': 'histogram'}",,11435.769856,,,0.9930434292153858,,1.1279296875,,,0.9934804112027654,"{'_type': 'histogram', 'values': [280, 0, 0, 0, 0, 0, 0, 0, 0, 0, 0, 0, 295, 0, 0, 0, 0, 0, 0, 0, 0, 0, 0, 0, 0, 416, 0, 0, 0, 0, 0, 0, 0, 0, 0, 0, 0, 0, 375, 0, 0, 0, 0, 0, 0, 0, 0, 0, 0, 0, 0, 316, 0, 0, 0, 0, 0, 0, 0, 0, 0, 0, 0, 366], 'packedBins': {'min': 0, 'size': 0.078125, 'count': 64}}",,,,,1.125,"{'values': [333, 0, 0, 0, 0, 0, 0, 0, 0, 0, 0, 0, 410, 0, 0, 0, 0, 0, 0, 0, 0, 0, 0, 0, 0, 374, 0, 0, 0, 0, 0, 0, 0, 0, 0, 0, 0, 0, 305, 0, 0, 0, 0, 0, 0, 0, 0, 0, 0, 0, 0, 299, 0, 0, 0, 0, 0, 0, 0, 0, 0, 0, 0, 327], 'packedBins': {'count': 64, 'min': 0, 'size': 0.078125}, '_type': 'histogram'}",,"{'_type': 'histogram', 'values': [304, 0, 0, 0, 0, 0, 0, 0, 0, 0, 0, 0, 281, 0, 0, 0, 0, 0, 0, 0, 0, 0, 0, 0, 0, 398, 0, 0, 0, 0, 0, 0, 0, 0, 0, 0, 0, 0, 433, 0, 0, 0, 0, 0, 0, 0, 0, 0, 0, 0, 0, 317, 0, 0, 0, 0, 0, 0, 0, 0, 0, 0, 0, 315], 'packedBins': {'min': 0, 'size': 0.078125, 'count': 64}}",,,7805.475328,1.1689453125,"{'values': [319, 0, 0, 0, 0, 0, 0, 0, 0, 0, 0, 0, 313, 0, 0, 0, 0, 0, 0, 0, 0, 0, 0, 0, 0, 380, 0, 0, 0, 0, 0, 0, 0, 0, 0, 0, 0, 0, 308, 0, 0, 0, 0, 0, 0, 0, 0, 0, 0, 0, 0, 394, 0, 0, 0, 0, 0, 0, 0, 0, 0, 0, 0, 334], 'packedBins': {'min': 0, 'size': 0.078125, 'count': 64}, '_type': 'histogram'}",15.415523595096916,0.9938377544205206,8.456592367884848e-05,"{'values': [396, 0, 0, 0, 0, 0, 0, 0, 0, 0, 0, 0, 345, 0, 0, 0, 0, 0, 0, 0, 0, 0, 0, 0, 0, 392, 0, 0, 0, 0, 0, 0, 0, 0, 0, 0, 0, 0, 314, 0, 0, 0, 0, 0, 0, 0, 0, 0, 0, 0, 0, 355, 0, 0, 0, 0, 0, 0, 0, 0, 0, 0, 0, 246], 'packedBins': {'min': 0, 'size': 0.078125, 'count': 64}, '_type': 'histogram'}",22122.306421923,,,,,5302.6784282698245,,,,0.995252689853773,0.9039350686129183,,,,114032640.0,,,1.1689453125,0.9973564973176785,0.9963274473178612,,,"{'values': [309, 0, 0, 0, 0, 0, 0, 0, 0, 0, 0, 0, 399, 0, 0, 0, 0, 0, 0, 0, 0, 0, 0, 0, 0, 318, 0, 0, 0, 0, 0, 0, 0, 0, 0, 0, 0, 0, 375, 0, 0, 0, 0, 0, 0, 0, 0, 0, 0, 0, 0, 288, 0, 0, 0, 0, 0, 0, 0, 0, 0, 0, 0, 359], 'packedBins': {'min': 0, 'size': 0.078125, 'count': 64}, '_type': 'histogram'}",,,1.166015625,12.058200661838054,"{'values': [331, 0, 0, 0, 0, 0, 0, 0, 0, 0, 0, 0, 290, 0, 0, 0, 0, 0, 0, 0, 0, 0, 0, 0, 0, 285, 0, 0, 0, 0, 0, 0, 0, 0, 0, 0, 0, 0, 430, 0, 0, 0, 0, 0, 0, 0, 0, 0, 0, 0, 0, 384, 0, 0, 0, 0, 0, 0, 0, 0, 0, 0, 0, 328], 'packedBins': {'min': 0, 'size': 0.078125, 'count': 64}, '_type': 'histogram'}",1.259765625,0.9944834472018116
"{'packedBins': {'min': 0, 'size': 0.078125, 'count': 64}, '_type': 'histogram', 'values': [16102, 0, 0, 0, 0, 0, 0, 0, 0, 0, 0, 0, 16507, 0, 0, 0, 0, 0, 0, 0, 0, 0, 0, 0, 0, 16656, 0, 0, 0, 0, 0, 0, 0, 0, 0, 0, 0, 0, 18646, 0, 0, 0, 0, 0, 0, 0, 0, 0, 0, 0, 0, 16470, 0, 0, 0, 0, 0, 0, 0, 0, 0, 0, 0, 18019]}",,,,1750,,,0.9958874048598025,1.0925390720367432,,,,,,1.071328043937683,,,,"{'_type': 'histogram', 'values': [18511, 0, 0, 0, 0, 0, 0, 0, 0, 0, 0, 0, 17401, 0, 0, 0, 0, 0, 0, 0, 0, 0, 0, 0, 0, 15974, 0, 0, 0, 0, 0, 0, 0, 0, 0, 0, 0, 0, 17508, 0, 0, 0, 0, 0, 0, 0, 0, 0, 0, 0, 0, 15526, 0, 0, 0, 0, 0, 0, 0, 0, 0, 0, 0, 17480], 'packedBins': {'count': 64, 'min': 0, 'size': 0.078125}}",,0.9993472004304047,,1784913835.2374666,1.065468668937683,"{'_type': 'histogram', 'values': [17723, 0, 0, 0, 0, 0, 0, 0, 0, 0, 0, 0, 16619, 0, 0, 0, 0, 0, 0, 0, 0, 0, 0, 0, 0, 16634, 0, 0, 0, 0, 0, 0, 0, 0, 0, 0, 0, 0, 16175, 0, 0, 0, 0, 0, 0, 0, 0, 0, 0, 0, 0, 16585, 0, 0, 0, 0, 0, 0, 0, 0, 0, 0, 0, 18664], 'packedBins': {'count': 64, 'min': 0, 'size': 0.078125}}",,1.0637694597244263,1.579625776998182,39.71168509223967,,,"{'_type': 'histogram', 'values': [16479, 0, 0, 0, 0, 0, 0, 0, 0, 0, 0, 0, 21958, 0, 0, 0, 0, 0, 0, 0, 0, 0, 0, 0, 0, 17811, 0, 0, 0, 0, 0, 0, 0, 0, 0, 0, 0, 0, 14688, 0, 0, 0, 0, 0, 0, 0, 0, 0, 0, 0, 0, 15881, 0, 0, 0, 0, 0, 0, 0, 0, 0, 0, 0, 15583], 'packedBins': {'count': 64, 'min': 0, 'size': 0.078125}}",,0.9991845962925917,0.9989964438778065,,1.093593716621399,,0.9991231872830985,"{'_type': 'histogram', 'values': [16132, 0, 0, 0, 0, 0, 0, 0, 0, 0, 0, 0, 14669, 0, 0, 0, 0, 0, 0, 0, 0, 0, 0, 0, 0, 17841, 0, 0, 0, 0, 0, 0, 0, 0, 0, 0, 0, 0, 18230, 0, 0, 0, 0, 0, 0, 0, 0, 0, 0, 0, 0, 19213, 0, 0, 0, 0, 0, 0, 0, 0, 0, 0, 0, 16315], 'packedBins': {'min': 0, 'size': 0.078125, 'count': 64}}",,,0.9994561797993645,"{'values': [17279, 0, 0, 0, 0, 0, 0, 0, 0, 0, 0, 0, 17285, 0, 0, 0, 0, 0, 0, 0, 0, 0, 0, 0, 0, 17550, 0, 0, 0, 0, 0, 0, 0, 0, 0, 0, 0, 0, 15579, 0, 0, 0, 0, 0, 0, 0, 0, 0, 0, 0, 0, 18690, 0, 0, 0, 0, 0, 0, 0, 0, 0, 0, 0, 16017], 'packedBins': {'size': 0.078125, 'count': 64, 'min': 0}, '_type': 'histogram'}",0.32416015625,1.0951170921325684,,,0.9990144740420238,,1.1257617473602295,"{'packedBins': {'min': 0, 'size': 0.078125, 'count': 64}, '_type': 'histogram', 'values': [16544, 0, 0, 0, 0, 0, 0, 0, 0, 0, 0, 0, 18815, 0, 0, 0, 0, 0, 0, 0, 0, 0, 0, 0, 0, 17625, 0, 0, 0, 0, 0, 0, 0, 0, 0, 0, 0, 0, 15801, 0, 0, 0, 0, 0, 0, 0, 0, 0, 0, 0, 0, 17098, 0, 0, 0, 0, 0, 0, 0, 0, 0, 0, 0, 16517]}",,,,,,,,22283.0905488,"{'values': [17789, 0, 0, 0, 0, 0, 0, 0, 0, 0, 0, 0, 19192, 0, 0, 0, 0, 0, 0, 0, 0, 0, 0, 0, 0, 18977, 0, 0, 0, 0, 0, 0, 0, 0, 0, 0, 0, 0, 15654, 0, 0, 0, 0, 0, 0, 0, 0, 0, 0, 0, 0, 13323, 0, 0, 0, 0, 0, 0, 0, 0, 0, 0, 0, 17465], 'packedBins': {'size': 0.078125, 'count': 64, 'min': 0}, '_type': 'histogram'}",0.9977898200466376,0.9989637101479357,1.0846288204193115,,0.9948163731861063,0.999112209507837,3.6816454792022704,,,"{'packedBins': {'count': 64, 'min': 0, 'size': 0.078125}, '_type': 'histogram', 'values': [15837, 0, 0, 0, 0, 0, 0, 0, 0, 0, 0, 0, 15775, 0, 0, 0, 0, 0, 0, 0, 0, 0, 0, 0, 0, 18080, 0, 0, 0, 0, 0, 0, 0, 0, 0, 0, 0, 0, 18184, 0, 0, 0, 0, 0, 0, 0, 0, 0, 0, 0, 0, 16579, 0, 0, 0, 0, 0, 0, 0, 0, 0, 0, 0, 17945]}","{'packedBins': {'count': 64, 'min': 0, 'size': 0.078125}, '_type': 'histogram', 'values': [16745, 0, 0, 0, 0, 0, 0, 0, 0, 0, 0, 0, 17500, 0, 0, 0, 0, 0, 0, 0, 0, 0, 0, 0, 0, 18155, 0, 0, 0, 0, 0, 0, 0, 0, 0, 0, 0, 0, 17645, 0, 0, 0, 0, 0, 0, 0, 0, 0, 0, 0, 0, 16263, 0, 0, 0, 0, 0, 0, 0, 0, 0, 0, 0, 16092]}","{'_type': 'histogram', 'values': [15903, 0, 0, 0, 0, 0, 0, 0, 0, 0, 0, 0, 16337, 0, 0, 0, 0, 0, 0, 0, 0, 0, 0, 0, 0, 18284, 0, 0, 0, 0, 0, 0, 0, 0, 0, 0, 0, 0, 17908, 0, 0, 0, 0, 0, 0, 0, 0, 0, 0, 0, 0, 16940, 0, 0, 0, 0, 0, 0, 0, 0, 0, 0, 0, 17028], 'packedBins': {'min': 0, 'size': 0.078125, 'count': 64}}",,"{'packedBins': {'min': 0, 'size': 0.078125, 'count': 64}, '_type': 'histogram', 'values': [17090, 0, 0, 0, 0, 0, 0, 0, 0, 0, 0, 0, 15498, 0, 0, 0, 0, 0, 0, 0, 0, 0, 0, 0, 0, 17472, 0, 0, 0, 0, 0, 0, 0, 0, 0, 0, 0, 0, 16363, 0, 0, 0, 0, 0, 0, 0, 0, 0, 0, 0, 0, 17388, 0, 0, 0, 0, 0, 0, 0, 0, 0, 0, 0, 18589]}",1.089199185371399,,,,1.1024413108825684,0.9993078135034058,,1.1245311498641968,1.2866015434265137,,,,,
,"{'_type': 'histogram', 'values': [431, 0, 0, 0, 0, 0, 0, 0, 0, 0, 0, 0, 314, 0, 0, 0, 0, 0, 0, 0, 0, 0, 0, 0, 0, 322, 0, 0, 0, 0, 0, 0, 0, 0, 0, 0, 0, 0, 285, 0, 0, 0, 0, 0, 0, 0, 0, 0, 0, 0, 0, 371, 0, 0, 0, 0, 0, 0, 0, 0, 0, 0, 0, 325], 'packedBins': {'min': 0, 'size': 0.078125, 'count': 64}}",0.4146460294723511,0.9934001736453995,1760,1.1455078125,2.747067615017295,,,0.994788230162254,1.25390625,1.2216796875,1.21875,0.9984935287068865,,"{'packedBins': {'size': 0.078125, 'count': 64, 'min': 0}, '_type': 'histogram', 'values': [378, 0, 0, 0, 0, 0, 0, 0, 0, 0, 0, 0, 395, 0, 0, 0, 0, 0, 0, 0, 0, 0, 0, 0, 0, 331, 0, 0, 0, 0, 0, 0, 0, 0, 0, 0, 0, 0, 322, 0, 0, 0, 0, 0, 0, 0, 0, 0, 0, 0, 0, 352, 0, 0, 0, 0, 0, 0, 0, 0, 0, 0, 0, 270]}",1.11328125,"{'values': [466, 0, 0, 0, 0, 0, 0, 0, 0, 0, 0, 0, 295, 0, 0, 0, 0, 0, 0, 0, 0, 0, 0, 0, 0, 332, 0, 0, 0, 0, 0, 0, 0, 0, 0, 0, 0, 0, 322, 0, 0, 0, 0, 0, 0, 0, 0, 0, 0, 0, 0, 293, 0, 0, 0, 0, 0, 0, 0, 0, 0, 0, 0, 340], 'packedBins': {'min': 0, 'size': 0.078125, 'count': 64}, '_type': 'histogram'}",,0.9959579287493614,,"{'_type': 'histogram', 'values': [358, 0, 0, 0, 0, 0, 0, 0, 0, 0, 0, 0, 405, 0, 0, 0, 0, 0, 0, 0, 0, 0, 0, 0, 0, 407, 0, 0, 0, 0, 0, 0, 0, 0, 0, 0, 0, 0, 318, 0, 0, 0, 0, 0, 0, 0, 0, 0, 0, 0, 0, 338, 0, 0, 0, 0, 0, 0, 0, 0, 0, 0, 0, 222], 'packedBins': {'size': 0.078125, 'count': 64, 'min': 0}}",1784913996.0216315,,,0.9923710571136107,,,,1.2392578125,"{'_type': 'histogram', 'values': [361, 0, 0, 0, 0, 0, 0, 0, 0, 0, 0, 0, 342, 0, 0, 0, 0, 0, 0, 0, 0, 0, 0, 0, 0, 300, 0, 0, 0, 0, 0, 0, 0, 0, 0, 0, 0, 0, 335, 0, 0, 0, 0, 0, 0, 0, 0, 0, 0, 0, 0, 330, 0, 0, 0, 0, 0, 0, 0, 0, 0, 0, 0, 380], 'packedBins': {'min': 0, 'size': 0.078125, 'count': 64}}",,11435.769856,,,0.9961043656181529,,1.2626953125,,,0.9945000136626607,"{'_type': 'histogram', 'values': [307, 0, 0, 0, 0, 0, 0, 0, 0, 0, 0, 0, 358, 0, 0, 0, 0, 0, 0, 0, 0, 0, 0, 0, 0, 365, 0, 0, 0, 0, 0, 0, 0, 0, 0, 0, 0, 0, 292, 0, 0, 0, 0, 0, 0, 0, 0, 0, 0, 0, 0, 309, 0, 0, 0, 0, 0, 0, 0, 0, 0, 0, 0, 417], 'packedBins': {'min': 0, 'size': 0.078125, 'count': 64}}",,,,,1.365234375,"{'_type': 'histogram', 'values': [328, 0, 0, 0, 0, 0, 0, 0, 0, 0, 0, 0, 397, 0, 0, 0, 0, 0, 0, 0, 0, 0, 0, 0, 0, 279, 0, 0, 0, 0, 0, 0, 0, 0, 0, 0, 0, 0, 305, 0, 0, 0, 0, 0, 0, 0, 0, 0, 0, 0, 0, 428, 0, 0, 0, 0, 0, 0, 0, 0, 0, 0, 0, 311], 'packedBins': {'min': 0, 'size': 0.078125, 'count': 64}}",,"{'values': [303, 0, 0, 0, 0, 0, 0, 0, 0, 0, 0, 0, 355, 0, 0, 0, 0, 0, 0, 0, 0, 0, 0, 0, 0, 416, 0, 0, 0, 0, 0, 0, 0, 0, 0, 0, 0, 0, 360, 0, 0, 0, 0, 0, 0, 0, 0, 0, 0, 0, 0, 312, 0, 0, 0, 0, 0, 0, 0, 0, 0, 0, 0, 302], 'packedBins': {'min': 0, 'size': 0.078125, 'count': 64}, '_type': 'histogram'}",,,7805.475328,1.060546875,"{'_type': 'histogram', 'values': [350, 0, 0, 0, 0, 0, 0, 0, 0, 0, 0, 0, 315, 0, 0, 0, 0, 0, 0, 0, 0, 0, 0, 0, 0, 397, 0, 0, 0, 0, 0, 0, 0, 0, 0, 0, 0, 0, 260, 0, 0, 0, 0, 0, 0, 0, 0, 0, 0, 0, 0, 303, 0, 0, 0, 0, 0, 0, 0, 0, 0, 0, 0, 423], 'packedBins': {'min': 0, 'size': 0.078125, 'count': 64}}",15.596828854240814,0.9957063048339732,8.266231760243605e-05,"{'values': [367, 0, 0, 0, 0, 0, 0, 0, 0, 0, 0, 0, 250, 0, 0, 0, 0, 0, 0, 0, 0, 0, 0, 0, 0, 352, 0, 0, 0, 0, 0, 0, 0, 0, 0, 0, 0, 0, 371, 0, 0, 0, 0, 0, 0, 0, 0, 0, 0, 0, 0, 391, 0, 0, 0, 0, 0, 0, 0, 0, 0, 0, 0, 317], 'packedBins': {'min': 0, 'size': 0.078125, 'count': 64}, '_type': 'histogram'}",22535.476424288,,,,,4464.102220936918,,,,0.9900227446552442,0.9187329199165106,,,,115343360.0,,,1.1923828125,0.9925494293286176,0.9990267824567111,,,"{'_type': 'histogram', 'values': [323, 0, 0, 0, 0, 0, 0, 0, 0, 0, 0, 0, 307, 0, 0, 0, 0, 0, 0, 0, 0, 0, 0, 0, 0, 343, 0, 0, 0, 0, 0, 0, 0, 0, 0, 0, 0, 0, 356, 0, 0, 0, 0, 0, 0, 0, 0, 0, 0, 0, 0, 357, 0, 0, 0, 0, 0, 0, 0, 0, 0, 0, 0, 362], 'packedBins': {'count': 64, 'min': 0, 'size': 0.078125}}",,,1.1572265625,12.061621554195881,"{'values': [352, 0, 0, 0, 0, 0, 0, 0, 0, 0, 0, 0, 406, 0, 0, 0, 0, 0, 0, 0, 0, 0, 0, 0, 0, 290, 0, 0, 0, 0, 0, 0, 0, 0, 0, 0, 0, 0, 343, 0, 0, 0, 0, 0, 0, 0, 0, 0, 0, 0, 0, 370, 0, 0, 0, 0, 0, 0, 0, 0, 0, 0, 0, 287], 'packedBins': {'min': 0, 'size': 0.078125, 'count': 64}, '_type': 'histogram'}",1.189453125,0.995598656104439
,"{'_type': 'histogram', 'values': [319, 0, 0, 0, 0, 0, 0, 0, 0, 0, 0, 0, 370, 0, 0, 0, 0, 0, 0, 0, 0, 0, 0, 0, 0, 329, 0, 0, 0, 0, 0, 0, 0, 0, 0, 0, 0, 0, 373, 0, 0, 0, 0, 0, 0, 0, 0, 0, 0, 0, 0, 331, 0, 0, 0, 0, 0, 0, 0, 0, 0, 0, 0, 326], 'packedBins': {'count': 64, 'min': 0, 'size': 0.078125}}",0.42693233489990234,0.9984732364556455,1780,1.0986328125,2.757156790420413,,,0.9988889282122149,1.1015625,1.0986328125,1.1220703125,0.9967306310638295,,"{'packedBins': {'min': 0, 'size': 0.078125, 'count': 64}, '_type': 'histogram', 'values': [335, 0, 0, 0, 0, 0, 0, 0, 0, 0, 0, 0, 346, 0, 0, 0, 0, 0, 0, 0, 0, 0, 0, 0, 0, 354, 0, 0, 0, 0, 0, 0, 0, 0, 0, 0, 0, 0, 337, 0, 0, 0, 0, 0, 0, 0, 0, 0, 0, 0, 0, 385, 0, 0, 0, 0, 0, 0, 0, 0, 0, 0, 0, 291]}",1.1689453125,"{'packedBins': {'min': 0, 'size': 0.078125, 'count': 64}, '_type': 'histogram', 'values': [378, 0, 0, 0, 0, 0, 0, 0, 0, 0, 0, 0, 368, 0, 0, 0, 0, 0, 0, 0, 0, 0, 0, 0, 0, 316, 0, 0, 0, 0, 0, 0, 0, 0, 0, 0, 0, 0, 343, 0, 0, 0, 0, 0, 0, 0, 0, 0, 0, 0, 0, 325, 0, 0, 0, 0, 0, 0, 0, 0, 0, 0, 0, 318]}",,0.9981087077849918,,"{'packedBins': {'size': 0.078125, 'count': 64, 'min': 0}, '_type': 'histogram', 'values': [352, 0, 0, 0, 0, 0, 0, 0, 0, 0, 0, 0, 291, 0, 0, 0, 0, 0, 0, 0, 0, 0, 0, 0, 0, 379, 0, 0, 0, 0, 0, 0, 0, 0, 0, 0, 0, 0, 332, 0, 0, 0, 0, 0, 0, 0, 0, 0, 0, 0, 0, 346, 0, 0, 0, 0, 0, 0, 0, 0, 0, 0, 0, 348]}",1784914248.407338,,,0.998610225784515,,,,1.1396484375,"{'_type': 'histogram', 'values': [399, 0, 0, 0, 0, 0, 0, 0, 0, 0, 0, 0, 319, 0, 0, 0, 0, 0, 0, 0, 0, 0, 0, 0, 0, 344, 0, 0, 0, 0, 0, 0, 0, 0, 0, 0, 0, 0, 360, 0, 0, 0, 0, 0, 0, 0, 0, 0, 0, 0, 0, 347, 0, 0, 0, 0, 0, 0, 0, 0, 0, 0, 0, 279], 'packedBins': {'size': 0.078125, 'count': 64, 'min': 0}}",,11435.769856,,,0.9986849411882646,,1.0927734375,,,0.9987127515522604,"{'_type': 'histogram', 'values': [311, 0, 0, 0, 0, 0, 0, 0, 0, 0, 0, 0, 367, 0, 0, 0, 0, 0, 0, 0, 0, 0, 0, 0, 0, 279, 0, 0, 0, 0, 0, 0, 0, 0, 0, 0, 0, 0, 346, 0, 0, 0, 0, 0, 0, 0, 0, 0, 0, 0, 0, 370, 0, 0, 0, 0, 0, 0, 0, 0, 0, 0, 0, 375], 'packedBins': {'min': 0, 'size': 0.078125, 'count': 64}}",,,,,1.107421875,"{'_type': 'histogram', 'values': [369, 0, 0, 0, 0, 0, 0, 0, 0, 0, 0, 0, 318, 0, 0, 0, 0, 0, 0, 0, 0, 0, 0, 0, 0, 350, 0, 0, 0, 0, 0, 0, 0, 0, 0, 0, 0, 0, 325, 0, 0, 0, 0, 0, 0, 0, 0, 0, 0, 0, 0, 376, 0, 0, 0, 0, 0, 0, 0, 0, 0, 0, 0, 310], 'packedBins': {'min': 0, 'size': 0.078125, 'count': 64}}",,"{'_type': 'histogram', 'values': [383, 0, 0, 0, 0, 0, 0, 0, 0, 0, 0, 0, 361, 0, 0, 0, 0, 0, 0, 0, 0, 0, 0, 0, 0, 321, 0, 0, 0, 0, 0, 0, 0, 0, 0, 0, 0, 0, 329, 0, 0, 0, 0, 0, 0, 0, 0, 0, 0, 0, 0, 316, 0, 0, 0, 0, 0, 0, 0, 0, 0, 0, 0, 338], 'packedBins': {'min': 0, 'size': 0.078125, 'count': 64}}",,,7805.475328,1.125,"{'packedBins': {'min': 0, 'size': 0.078125, 'count': 64}, '_type': 'histogram', 'values': [366, 0, 0, 0, 0, 0, 0, 0, 0, 0, 0, 0, 326, 0, 0, 0, 0, 0, 0, 0, 0, 0, 0, 0, 0, 328, 0, 0, 0, 0, 0, 0, 0, 0, 0, 0, 0, 0, 355, 0, 0, 0, 0, 0, 0, 0, 0, 0, 0, 0, 0, 284, 0, 0, 0, 0, 0, 0, 0, 0, 0, 0, 0, 389]}",15.754984484659701,0.9971358107689364,8.077209186253181e-05,"{'_type': 'histogram', 'values': [339, 0, 0, 0, 0, 0, 0, 0, 0, 0, 0, 0, 344, 0, 0, 0, 0, 0, 0, 0, 0, 0, 0, 0, 0, 297, 0, 0, 0, 0, 0, 0, 0, 0, 0, 0, 0, 0, 375, 0, 0, 0, 0, 0, 0, 0, 0, 0, 0, 0, 0, 348, 0, 0, 0, 0, 0, 0, 0, 0, 0, 0, 0, 345], 'packedBins': {'min': 0, 'size': 0.078125, 'count': 64}}",22787.530269828,,,,,5196.0201759589645,,,,0.9982820235701813,0.9110491081606596,,,,116654080.0,,,1.1103515625,0.9972619553864869,0.9954820920907531,,,"{'values': [381, 0, 0, 0, 0, 0, 0, 0, 0, 0, 0, 0, 384, 0, 0, 0, 0, 0, 0, 0, 0, 0, 0, 0, 0, 266, 0, 0, 0, 0, 0, 0, 0, 0, 0, 0, 0, 0, 331, 0, 0, 0, 0, 0, 0, 0, 0, 0, 0, 0, 0, 373, 0, 0, 0, 0, 0, 0, 0, 0, 0, 0, 0, 313], 'packedBins': {'min': 0, 'size': 0.078125, 'count': 64}, '_type': 'histogram'}",,,1.1279296875,12.063158355653286,"{'values': [347, 0, 0, 0, 0, 0, 0, 0, 0, 0, 0, 0, 399, 0, 0, 0, 0, 0, 0, 0, 0, 0, 0, 0, 0, 349, 0, 0, 0, 0, 0, 0, 0, 0, 0, 0, 0, 0, 285, 0, 0, 0, 0, 0, 0, 0, 0, 0, 0, 0, 0, 349, 0, 0, 0, 0, 0, 0, 0, 0, 0, 0, 0, 319], 'packedBins': {'min': 0, 'size': 0.078125, 'count': 64}, '_type': 'histogram'}",1.1689453125,0.9969434003079891
,"{'_type': 'histogram', 'values': [359, 0, 0, 0, 0, 0, 0, 0, 0, 0, 0, 0, 370, 0, 0, 0, 0, 0, 0, 0, 0, 0, 0, 0, 0, 331, 0, 0, 0, 0, 0, 0, 0, 0, 0, 0, 0, 0, 339, 0, 0, 0, 0, 0, 0, 0, 0, 0, 0, 0, 0, 330, 0, 0, 0, 0, 0, 0, 0, 0, 0, 0, 0, 319], 'packedBins': {'min': 0, 'size': 0.078125, 'count': 64}}",0.4192999303340912,0.9999028754545513,1800,1.1337890625,2.816815897542983,,,0.9992576483970592,1.025390625,1.1455078125,1.078125,0.99978032356345,,"{'values': [369, 0, 0, 0, 0, 0, 0, 0, 0, 0, 0, 0, 355, 0, 0, 0, 0, 0, 0, 0, 0, 0, 0, 0, 0, 374, 0, 0, 0, 0, 0, 0, 0, 0, 0, 0, 0, 0, 319, 0, 0, 0, 0, 0, 0, 0, 0, 0, 0, 0, 0, 319, 0, 0, 0, 0, 0, 0, 0, 0, 0, 0, 0, 312], 'packedBins': {'count': 64, 'min': 0, 'size': 0.078125}, '_type': 'histogram'}",1.0458984375,"{'packedBins': {'min': 0, 'size': 0.078125, 'count': 64}, '_type': 'histogram', 'values': [293, 0, 0, 0, 0, 0, 0, 0, 0, 0, 0, 0, 344, 0, 0, 0, 0, 0, 0, 0, 0, 0, 0, 0, 0, 359, 0, 0, 0, 0, 0, 0, 0, 0, 0, 0, 0, 0, 351, 0, 0, 0, 0, 0, 0, 0, 0, 0, 0, 0, 0, 335, 0, 0, 0, 0, 0, 0, 0, 0, 0, 0, 0, 366]}",,0.9984548736315717,,"{'_type': 'histogram', 'values': [399, 0, 0, 0, 0, 0, 0, 0, 0, 0, 0, 0, 337, 0, 0, 0, 0, 0, 0, 0, 0, 0, 0, 0, 0, 349, 0, 0, 0, 0, 0, 0, 0, 0, 0, 0, 0, 0, 379, 0, 0, 0, 0, 0, 0, 0, 0, 0, 0, 0, 0, 301, 0, 0, 0, 0, 0, 0, 0, 0, 0, 0, 0, 283], 'packedBins': {'size': 0.078125, 'count': 64, 'min': 0}}",1784914500.461425,,,0.9986043709710422,,,,1.11328125,"{'_type': 'histogram', 'values': [330, 0, 0, 0, 0, 0, 0, 0, 0, 0, 0, 0, 340, 0, 0, 0, 0, 0, 0, 0, 0, 0, 0, 0, 0, 357, 0, 0, 0, 0, 0, 0, 0, 0, 0, 0, 0, 0, 330, 0, 0, 0, 0, 0, 0, 0, 0, 0, 0, 0, 0, 343, 0, 0, 0, 0, 0, 0, 0, 0, 0, 0, 0, 348], 'packedBins': {'min': 0, 'size': 0.078125, 'count': 64}}",,11435.769856,,,0.9986581953358092,,1.083984375,,,0.9984439623882815,"{'_type': 'histogram', 'values': [360, 0, 0, 0, 0, 0, 0, 0, 0, 0, 0, 0, 391, 0, 0, 0, 0, 0, 0, 0, 0, 0, 0, 0, 0, 350, 0, 0, 0, 0, 0, 0, 0, 0, 0, 0, 0, 0, 323, 0, 0, 0, 0, 0, 0, 0, 0, 0, 0, 0, 0, 317, 0, 0, 0, 0, 0, 0, 0, 0, 0, 0, 0, 307], 'packedBins': {'min': 0, 'size': 0.078125, 'count': 64}}",,,,,1.072265625,"{'_type': 'histogram', 'values': [342, 0, 0, 0, 0, 0, 0, 0, 0, 0, 0, 0, 348, 0, 0, 0, 0, 0, 0, 0, 0, 0, 0, 0, 0, 350, 0, 0, 0, 0, 0, 0, 0, 0, 0, 0, 0, 0, 341, 0, 0, 0, 0, 0, 0, 0, 0, 0, 0, 0, 0, 333, 0, 0, 0, 0, 0, 0, 0, 0, 0, 0, 0, 334], 'packedBins': {'min': 0, 'size': 0.078125, 'count': 64}}",,"{'_type': 'histogram', 'values': [352, 0, 0, 0, 0, 0, 0, 0, 0, 0, 0, 0, 342, 0, 0, 0, 0, 0, 0, 0, 0, 0, 0, 0, 0, 355, 0, 0, 0, 0, 0, 0, 0, 0, 0, 0, 0, 0, 368, 0, 0, 0, 0, 0, 0, 0, 0, 0, 0, 0, 0, 337, 0, 0, 0, 0, 0, 0, 0, 0, 0, 0, 0, 294], 'packedBins': {'min': 0, 'size': 0.078125, 'count': 64}}",,,7805.475328,1.1279296875,"{'_type': 'histogram', 'values': [316, 0, 0, 0, 0, 0, 0, 0, 0, 0, 0, 0, 347, 0, 0, 0, 0, 0, 0, 0, 0, 0, 0, 0, 0, 367, 0, 0, 0, 0, 0, 0, 0, 0, 0, 0, 0, 0, 380, 0, 0, 0, 0, 0, 0, 0, 0, 0, 0, 0, 0, 358, 0, 0, 0, 0, 0, 0, 0, 0, 0, 0, 0, 280], 'packedBins': {'min': 0, 'size': 0.078125, 'count': 64}}",16.723516416621536,0.9992549871182079,7.889617162375323e-05,"{'values': [343, 0, 0, 0, 0, 0, 0, 0, 0, 0, 0, 0, 342, 0, 0, 0, 0, 0, 0, 0, 0, 0, 0, 0, 0, 387, 0, 0, 0, 0, 0, 0, 0, 0, 0, 0, 0, 0, 351, 0, 0, 0, 0, 0, 0, 0, 0, 0, 0, 0, 0, 306, 0, 0, 0, 0, 0, 0, 0, 0, 0, 0, 0, 319], 'packedBins': {'min': 0, 'size': 0.078125, 'count': 64}, '_type': 'histogram'}",23035.841643356,,,,,5202.850315348497,,,,0.9960443537800566,0.9170825017616153,,,,117964800.0,,,1.1689453125,0.9971825827447476,0.9982869469360561,,,"{'values': [372, 0, 0, 0, 0, 0, 0, 0, 0, 0, 0, 0, 385, 0, 0, 0, 0, 0, 0, 0, 0, 0, 0, 0, 0, 331, 0, 0, 0, 0, 0, 0, 0, 0, 0, 0, 0, 0, 315, 0, 0, 0, 0, 0, 0, 0, 0, 0, 0, 0, 0, 321, 0, 0, 0, 0, 0, 0, 0, 0, 0, 0, 0, 324], 'packedBins': {'size': 0.078125, 'count': 64, 'min': 0}, '_type': 'histogram'}",,,1.095703125,12.05957149118185,"{'packedBins': {'min': 0, 'size': 0.078125, 'count': 64}, '_type': 'histogram', 'values': [323, 0, 0, 0, 0, 0, 0, 0, 0, 0, 0, 0, 354, 0, 0, 0, 0, 0, 0, 0, 0, 0, 0, 0, 0, 342, 0, 0, 0, 0, 0, 0, 0, 0, 0, 0, 0, 0, 316, 0, 0, 0, 0, 0, 0, 0, 0, 0, 0, 0, 0, 345, 0, 0, 0, 0, 0, 0, 0, 0, 0, 0, 0, 368]}",1.078125,0.9980274722480567
,"{'_type': 'histogram', 'values': [307, 0, 0, 0, 0, 0, 0, 0, 0, 0, 0, 0, 366, 0, 0, 0, 0, 0, 0, 0, 0, 0, 0, 0, 0, 349, 0, 0, 0, 0, 0, 0, 0, 0, 0, 0, 0, 0, 380, 0, 0, 0, 0, 0, 0, 0, 0, 0, 0, 0, 0, 346, 0, 0, 0, 0, 0, 0, 0, 0, 0, 0, 0, 300], 'packedBins': {'min': 0, 'size': 0.078125, 'count': 64}}",0.4383394718170166,0.9976969414147281,1820,1.166015625,2.7446653646416963,,,0.9979568818265265,1.095703125,1.2333984375,1.23046875,0.9934813426503634,,"{'values': [324, 0, 0, 0, 0, 0, 0, 0, 0, 0, 0, 0, 290, 0, 0, 0, 0, 0, 0, 0, 0, 0, 0, 0, 0, 334, 0, 0, 0, 0, 0, 0, 0, 0, 0, 0, 0, 0, 386, 0, 0, 0, 0, 0, 0, 0, 0, 0, 0, 0, 0, 417, 0, 0, 0, 0, 0, 0, 0, 0, 0, 0, 0, 297], 'packedBins': {'min': 0, 'size': 0.078125, 'count': 64}, '_type': 'histogram'}",1.2158203125,"{'_type': 'histogram', 'values': [381, 0, 0, 0, 0, 0, 0, 0, 0, 0, 0, 0, 403, 0, 0, 0, 0, 0, 0, 0, 0, 0, 0, 0, 0, 360, 0, 0, 0, 0, 0, 0, 0, 0, 0, 0, 0, 0, 322, 0, 0, 0, 0, 0, 0, 0, 0, 0, 0, 0, 0, 312, 0, 0, 0, 0, 0, 0, 0, 0, 0, 0, 0, 270], 'packedBins': {'count': 64, 'min': 0, 'size': 0.078125}}",,0.9950293420261797,,"{'_type': 'histogram', 'values': [334, 0, 0, 0, 0, 0, 0, 0, 0, 0, 0, 0, 321, 0, 0, 0, 0, 0, 0, 0, 0, 0, 0, 0, 0, 365, 0, 0, 0, 0, 0, 0, 0, 0, 0, 0, 0, 0, 353, 0, 0, 0, 0, 0, 0, 0, 0, 0, 0, 0, 0, 345, 0, 0, 0, 0, 0, 0, 0, 0, 0, 0, 0, 330], 'packedBins': {'size': 0.078125, 'count': 64, 'min': 0}}",1784914748.7726595,,,0.995128541195361,,,,1.2744140625,"{'_type': 'histogram', 'values': [415, 0, 0, 0, 0, 0, 0, 0, 0, 0, 0, 0, 334, 0, 0, 0, 0, 0, 0, 0, 0, 0, 0, 0, 0, 303, 0, 0, 0, 0, 0, 0, 0, 0, 0, 0, 0, 0, 403, 0, 0, 0, 0, 0, 0, 0, 0, 0, 0, 0, 0, 325, 0, 0, 0, 0, 0, 0, 0, 0, 0, 0, 0, 268], 'packedBins': {'min': 0, 'size': 0.078125, 'count': 64}}",,11435.769856,,,0.994817038505819,,1.11328125,,,0.9963227900798713,"{'_type': 'histogram', 'values': [305, 0, 0, 0, 0, 0, 0, 0, 0, 0, 0, 0, 336, 0, 0, 0, 0, 0, 0, 0, 0, 0, 0, 0, 0, 322, 0, 0, 0, 0, 0, 0, 0, 0, 0, 0, 0, 0, 352, 0, 0, 0, 0, 0, 0, 0, 0, 0, 0, 0, 0, 421, 0, 0, 0, 0, 0, 0, 0, 0, 0, 0, 0, 312], 'packedBins': {'size': 0.078125, 'count': 64, 'min': 0}}",,,,,1.1806640625,"{'values': [344, 0, 0, 0, 0, 0, 0, 0, 0, 0, 0, 0, 372, 0, 0, 0, 0, 0, 0, 0, 0, 0, 0, 0, 0, 374, 0, 0, 0, 0, 0, 0, 0, 0, 0, 0, 0, 0, 294, 0, 0, 0, 0, 0, 0, 0, 0, 0, 0, 0, 0, 357, 0, 0, 0, 0, 0, 0, 0, 0, 0, 0, 0, 307], 'packedBins': {'min': 0, 'size': 0.078125, 'count': 64}, '_type': 'histogram'}",,"{'_type': 'histogram', 'values': [291, 0, 0, 0, 0, 0, 0, 0, 0, 0, 0, 0, 284, 0, 0, 0, 0, 0, 0, 0, 0, 0, 0, 0, 0, 374, 0, 0, 0, 0, 0, 0, 0, 0, 0, 0, 0, 0, 420, 0, 0, 0, 0, 0, 0, 0, 0, 0, 0, 0, 0, 336, 0, 0, 0, 0, 0, 0, 0, 0, 0, 0, 0, 343], 'packedBins': {'min': 0, 'size': 0.078125, 'count': 64}}",,,7805.475328,1.166015625,"{'_type': 'histogram', 'values': [350, 0, 0, 0, 0, 0, 0, 0, 0, 0, 0, 0, 338, 0, 0, 0, 0, 0, 0, 0, 0, 0, 0, 0, 0, 280, 0, 0, 0, 0, 0, 0, 0, 0, 0, 0, 0, 0, 435, 0, 0, 0, 0, 0, 0, 0, 0, 0, 0, 0, 0, 286, 0, 0, 0, 0, 0, 0, 0, 0, 0, 0, 0, 359], 'packedBins': {'size': 0.078125, 'count': 64, 'min': 0}}",15.559406333396456,0.9984522788846917,7.703547504893838e-05,"{'values': [383, 0, 0, 0, 0, 0, 0, 0, 0, 0, 0, 0, 398, 0, 0, 0, 0, 0, 0, 0, 0, 0, 0, 0, 0, 354, 0, 0, 0, 0, 0, 0, 0, 0, 0, 0, 0, 0, 309, 0, 0, 0, 0, 0, 0, 0, 0, 0, 0, 0, 0, 298, 0, 0, 0, 0, 0, 0, 0, 0, 0, 0, 0, 306], 'packedBins': {'min': 0, 'size': 0.078125, 'count': 64}, '_type': 'histogram'}",23288.023895491,,,,,5281.294966939929,,,,0.9994804639688823,0.9092135106679052,,,,119275520.0,,,1.0693359375,0.9937287085195895,0.9970899037087518,,,"{'values': [320, 0, 0, 0, 0, 0, 0, 0, 0, 0, 0, 0, 325, 0, 0, 0, 0, 0, 0, 0, 0, 0, 0, 0, 0, 302, 0, 0, 0, 0, 0, 0, 0, 0, 0, 0, 0, 0, 322, 0, 0, 0, 0, 0, 0, 0, 0, 0, 0, 0, 0, 398, 0, 0, 0, 0, 0, 0, 0, 0, 0, 0, 0, 381], 'packedBins': {'min': 0, 'size': 0.078125, 'count': 64}, '_type': 'histogram'}",,,1.2216796875,12.060494722425938,"{'values': [309, 0, 0, 0, 0, 0, 0, 0, 0, 0, 0, 0, 356, 0, 0, 0, 0, 0, 0, 0, 0, 0, 0, 0, 0, 311, 0, 0, 0, 0, 0, 0, 0, 0, 0, 0, 0, 0, 342, 0, 0, 0, 0, 0, 0, 0, 0, 0, 0, 0, 0, 382, 0, 0, 0, 0, 0, 0, 0, 0, 0, 0, 0, 348], 'packedBins': {'min': 0, 'size': 0.078125, 'count': 64}, '_type': 'histogram'}",1.119140625,0.9965342952165767
,"{'values': [330, 0, 0, 0, 0, 0, 0, 0, 0, 0, 0, 0, 301, 0, 0, 0, 0, 0, 0, 0, 0, 0, 0, 0, 0, 332, 0, 0, 0, 0, 0, 0, 0, 0, 0, 0, 0, 0, 353, 0, 0, 0, 0, 0, 0, 0, 0, 0, 0, 0, 0, 362, 0, 0, 0, 0, 0, 0, 0, 0, 0, 0, 0, 370], 'packedBins': {'min': 0, 'size': 0.078125, 'count': 64}, '_type': 'histogram'}",0.41938915848731995,0.9975797786133006,1840,1.1455078125,2.791621612943709,,,0.9986962516233825,1.0869140625,1.11328125,1.1015625,0.9991739511771867,,"{'values': [306, 0, 0, 0, 0, 0, 0, 0, 0, 0, 0, 0, 301, 0, 0, 0, 0, 0, 0, 0, 0, 0, 0, 0, 0, 345, 0, 0, 0, 0, 0, 0, 0, 0, 0, 0, 0, 0, 370, 0, 0, 0, 0, 0, 0, 0, 0, 0, 0, 0, 0, 307, 0, 0, 0, 0, 0, 0, 0, 0, 0, 0, 0, 419], 'packedBins': {'size': 0.078125, 'count': 64, 'min': 0}, '_type': 'histogram'}",1.072265625,"{'_type': 'histogram', 'values': [308, 0, 0, 0, 0, 0, 0, 0, 0, 0, 0, 0, 355, 0, 0, 0, 0, 0, 0, 0, 0, 0, 0, 0, 0, 333, 0, 0, 0, 0, 0, 0, 0, 0, 0, 0, 0, 0, 360, 0, 0, 0, 0, 0, 0, 0, 0, 0, 0, 0, 0, 348, 0, 0, 0, 0, 0, 0, 0, 0, 0, 0, 0, 344], 'packedBins': {'min': 0, 'size': 0.078125, 'count': 64}}",,0.9957514800424736,,"{'_type': 'histogram', 'values': [327, 0, 0, 0, 0, 0, 0, 0, 0, 0, 0, 0, 351, 0, 0, 0, 0, 0, 0, 0, 0, 0, 0, 0, 0, 324, 0, 0, 0, 0, 0, 0, 0, 0, 0, 0, 0, 0, 384, 0, 0, 0, 0, 0, 0, 0, 0, 0, 0, 0, 0, 337, 0, 0, 0, 0, 0, 0, 0, 0, 0, 0, 0, 325], 'packedBins': {'size': 0.078125, 'count': 64, 'min': 0}}",1784915000.9549782,,,0.9992826644182613,,,,1.1455078125,"{'_type': 'histogram', 'values': [366, 0, 0, 0, 0, 0, 0, 0, 0, 0, 0, 0, 326, 0, 0, 0, 0, 0, 0, 0, 0, 0, 0, 0, 0, 357, 0, 0, 0, 0, 0, 0, 0, 0, 0, 0, 0, 0, 348, 0, 0, 0, 0, 0, 0, 0, 0, 0, 0, 0, 0, 311, 0, 0, 0, 0, 0, 0, 0, 0, 0, 0, 0, 340], 'packedBins': {'min': 0, 'size': 0.078125, 'count': 64}}",,11435.769856,,,0.9984090331033584,,1.083984375,,,0.9979514927368527,"{'_type': 'histogram', 'values': [303, 0, 0, 0, 0, 0, 0, 0, 0, 0, 0, 0, 336, 0, 0, 0, 0, 0, 0, 0, 0, 0, 0, 0, 0, 327, 0, 0, 0, 0, 0, 0, 0, 0, 0, 0, 0, 0, 339, 0, 0, 0, 0, 0, 0, 0, 0, 0, 0, 0, 0, 380, 0, 0, 0, 0, 0, 0, 0, 0, 0, 0, 0, 363], 'packedBins': {'size': 0.078125, 'count': 64, 'min': 0}}",,,,,1.0546875,"{'_type': 'histogram', 'values': [369, 0, 0, 0, 0, 0, 0, 0, 0, 0, 0, 0, 282, 0, 0, 0, 0, 0, 0, 0, 0, 0, 0, 0, 0, 326, 0, 0, 0, 0, 0, 0, 0, 0, 0, 0, 0, 0, 371, 0, 0, 0, 0, 0, 0, 0, 0, 0, 0, 0, 0, 363, 0, 0, 0, 0, 0, 0, 0, 0, 0, 0, 0, 337], 'packedBins': {'min': 0, 'size': 0.078125, 'count': 64}}",,"{'_type': 'histogram', 'values': [326, 0, 0, 0, 0, 0, 0, 0, 0, 0, 0, 0, 337, 0, 0, 0, 0, 0, 0, 0, 0, 0, 0, 0, 0, 368, 0, 0, 0, 0, 0, 0, 0, 0, 0, 0, 0, 0, 299, 0, 0, 0, 0, 0, 0, 0, 0, 0, 0, 0, 0, 342, 0, 0, 0, 0, 0, 0, 0, 0, 0, 0, 0, 376], 'packedBins': {'min': 0, 'size': 0.078125, 'count': 64}}",,,7805.475328,1.0546875,"{'_type': 'histogram', 'values': [304, 0, 0, 0, 0, 0, 0, 0, 0, 0, 0, 0, 332, 0, 0, 0, 0, 0, 0, 0, 0, 0, 0, 0, 0, 335, 0, 0, 0, 0, 0, 0, 0, 0, 0, 0, 0, 0, 391, 0, 0, 0, 0, 0, 0, 0, 0, 0, 0, 0, 0, 363, 0, 0, 0, 0, 0, 0, 0, 0, 0, 0, 0, 323], 'packedBins': {'min': 0, 'size': 0.078125, 'count': 64}}",16.307442732328667,0.9988475453260776,7.519091284975434e-05,"{'values': [322, 0, 0, 0, 0, 0, 0, 0, 0, 0, 0, 0, 345, 0, 0, 0, 0, 0, 0, 0, 0, 0, 0, 0, 0, 365, 0, 0, 0, 0, 0, 0, 0, 0, 0, 0, 0, 0, 391, 0, 0, 0, 0, 0, 0, 0, 0, 0, 0, 0, 0, 320, 0, 0, 0, 0, 0, 0, 0, 0, 0, 0, 0, 305], 'packedBins': {'min': 0, 'size': 0.078125, 'count': 64}, '_type': 'histogram'}",23540.391108339,,,,,5200.180064491975,,,,0.9989438836204937,0.9210864052642137,,,,120586240.0,,,1.125,0.998110637212159,0.9994581092265317,,,"{'values': [356, 0, 0, 0, 0, 0, 0, 0, 0, 0, 0, 0, 332, 0, 0, 0, 0, 0, 0, 0, 0, 0, 0, 0, 0, 343, 0, 0, 0, 0, 0, 0, 0, 0, 0, 0, 0, 0, 342, 0, 0, 0, 0, 0, 0, 0, 0, 0, 0, 0, 0, 360, 0, 0, 0, 0, 0, 0, 0, 0, 0, 0, 0, 315], 'packedBins': {'min': 0, 'size': 0.078125, 'count': 64}, '_type': 'histogram'}",,,1.2275390625,12.064279633760453,"{'values': [344, 0, 0, 0, 0, 0, 0, 0, 0, 0, 0, 0, 347, 0, 0, 0, 0, 0, 0, 0, 0, 0, 0, 0, 0, 320, 0, 0, 0, 0, 0, 0, 0, 0, 0, 0, 0, 0, 385, 0, 0, 0, 0, 0, 0, 0, 0, 0, 0, 0, 0, 332, 0, 0, 0, 0, 0, 0, 0, 0, 0, 0, 0, 320], 'packedBins': {'min': 0, 'size': 0.078125, 'count': 64}, '_type': 'histogram'}",1.1279296875,0.9985343128052823
,"{'_type': 'histogram', 'values': [306, 0, 0, 0, 0, 0, 0, 0, 0, 0, 0, 0, 338, 0, 0, 0, 0, 0, 0, 0, 0, 0, 0, 0, 0, 347, 0, 0, 0, 0, 0, 0, 0, 0, 0, 0, 0, 0, 354, 0, 0, 0, 0, 0, 0, 0, 0, 0, 0, 0, 0, 344, 0, 0, 0, 0, 0, 0, 0, 0, 0, 0, 0, 359], 'packedBins': {'min': 0, 'size': 0.078125, 'count': 64}}",0.43244075775146484,0.9986419615348164,1860,1.11328125,2.7838974095880986,,,0.9992776745204152,1.0927734375,1.1865234375,1.1572265625,0.99700001901555,,"{'values': [343, 0, 0, 0, 0, 0, 0, 0, 0, 0, 0, 0, 317, 0, 0, 0, 0, 0, 0, 0, 0, 0, 0, 0, 0, 381, 0, 0, 0, 0, 0, 0, 0, 0, 0, 0, 0, 0, 350, 0, 0, 0, 0, 0, 0, 0, 0, 0, 0, 0, 0, 332, 0, 0, 0, 0, 0, 0, 0, 0, 0, 0, 0, 325], 'packedBins': {'count': 64, 'min': 0, 'size': 0.078125}, '_type': 'histogram'}",1.08984375,"{'_type': 'histogram', 'values': [367, 0, 0, 0, 0, 0, 0, 0, 0, 0, 0, 0, 327, 0, 0, 0, 0, 0, 0, 0, 0, 0, 0, 0, 0, 335, 0, 0, 0, 0, 0, 0, 0, 0, 0, 0, 0, 0, 357, 0, 0, 0, 0, 0, 0, 0, 0, 0, 0, 0, 0, 340, 0, 0, 0, 0, 0, 0, 0, 0, 0, 0, 0, 322], 'packedBins': {'size': 0.078125, 'count': 64, 'min': 0}}",,0.9989786133095029,,"{'_type': 'histogram', 'values': [295, 0, 0, 0, 0, 0, 0, 0, 0, 0, 0, 0, 298, 0, 0, 0, 0, 0, 0, 0, 0, 0, 0, 0, 0, 419, 0, 0, 0, 0, 0, 0, 0, 0, 0, 0, 0, 0, 334, 0, 0, 0, 0, 0, 0, 0, 0, 0, 0, 0, 0, 376, 0, 0, 0, 0, 0, 0, 0, 0, 0, 0, 0, 326], 'packedBins': {'min': 0, 'size': 0.078125, 'count': 64}}",1784915253.3219936,,,0.9993947707898713,,,,1.078125,"{'_type': 'histogram', 'values': [306, 0, 0, 0, 0, 0, 0, 0, 0, 0, 0, 0, 361, 0, 0, 0, 0, 0, 0, 0, 0, 0, 0, 0, 0, 372, 0, 0, 0, 0, 0, 0, 0, 0, 0, 0, 0, 0, 369, 0, 0, 0, 0, 0, 0, 0, 0, 0, 0, 0, 0, 281, 0, 0, 0, 0, 0, 0, 0, 0, 0, 0, 0, 359], 'packedBins': {'min': 0, 'size': 0.078125, 'count': 64}}",,11435.769856,,,0.9954695840801521,,1.0517578125,,,0.9960768879140134,"{'_type': 'histogram', 'values': [405, 0, 0, 0, 0, 0, 0, 0, 0, 0, 0, 0, 372, 0, 0, 0, 0, 0, 0, 0, 0, 0, 0, 0, 0, 312, 0, 0, 0, 0, 0, 0, 0, 0, 0, 0, 0, 0, 299, 0, 0, 0, 0, 0, 0, 0, 0, 0, 0, 0, 0, 316, 0, 0, 0, 0, 0, 0, 0, 0, 0, 0, 0, 344], 'packedBins': {'min': 0, 'size': 0.078125, 'count': 64}}",,,,,1.0751953125,"{'_type': 'histogram', 'values': [339, 0, 0, 0, 0, 0, 0, 0, 0, 0, 0, 0, 346, 0, 0, 0, 0, 0, 0, 0, 0, 0, 0, 0, 0, 316, 0, 0, 0, 0, 0, 0, 0, 0, 0, 0, 0, 0, 373, 0, 0, 0, 0, 0, 0, 0, 0, 0, 0, 0, 0, 366, 0, 0, 0, 0, 0, 0, 0, 0, 0, 0, 0, 308], 'packedBins': {'min': 0, 'size': 0.078125, 'count': 64}}",,"{'_type': 'histogram', 'values': [313, 0, 0, 0, 0, 0, 0, 0, 0, 0, 0, 0, 395, 0, 0, 0, 0, 0, 0, 0, 0, 0, 0, 0, 0, 347, 0, 0, 0, 0, 0, 0, 0, 0, 0, 0, 0, 0, 266, 0, 0, 0, 0, 0, 0, 0, 0, 0, 0, 0, 0, 345, 0, 0, 0, 0, 0, 0, 0, 0, 0, 0, 0, 382], 'packedBins': {'min': 0, 'size': 0.078125, 'count': 64}}",,,7805.475328,1.1337890625,"{'_type': 'histogram', 'values': [343, 0, 0, 0, 0, 0, 0, 0, 0, 0, 0, 0, 307, 0, 0, 0, 0, 0, 0, 0, 0, 0, 0, 0, 0, 328, 0, 0, 0, 0, 0, 0, 0, 0, 0, 0, 0, 0, 358, 0, 0, 0, 0, 0, 0, 0, 0, 0, 0, 0, 0, 344, 0, 0, 0, 0, 0, 0, 0, 0, 0, 0, 0, 368], 'packedBins': {'min': 0, 'size': 0.078125, 'count': 64}}",16.181965956383866,0.9971068693614288,7.336338784095245e-05,"{'values': [262, 0, 0, 0, 0, 0, 0, 0, 0, 0, 0, 0, 372, 0, 0, 0, 0, 0, 0, 0, 0, 0, 0, 0, 0, 348, 0, 0, 0, 0, 0, 0, 0, 0, 0, 0, 0, 0, 380, 0, 0, 0, 0, 0, 0, 0, 0, 0, 0, 0, 0, 326, 0, 0, 0, 0, 0, 0, 0, 0, 0, 0, 0, 360], 'packedBins': {'min': 0, 'size': 0.078125, 'count': 64}, '_type': 'histogram'}",23792.278482823,,,,,5196.388734967291,,,,0.9954930033340433,0.93045415552333,,,,121896960.0,,,1.2275390625,0.9990511331582002,0.9969613639402353,,,"{'_type': 'histogram', 'values': [387, 0, 0, 0, 0, 0, 0, 0, 0, 0, 0, 0, 356, 0, 0, 0, 0, 0, 0, 0, 0, 0, 0, 0, 0, 367, 0, 0, 0, 0, 0, 0, 0, 0, 0, 0, 0, 0, 288, 0, 0, 0, 0, 0, 0, 0, 0, 0, 0, 0, 0, 349, 0, 0, 0, 0, 0, 0, 0, 0, 0, 0, 0, 301], 'packedBins': {'min': 0, 'size': 0.078125, 'count': 64}}",,,1.1162109375,12.059124059975147,"{'values': [376, 0, 0, 0, 0, 0, 0, 0, 0, 0, 0, 0, 343, 0, 0, 0, 0, 0, 0, 0, 0, 0, 0, 0, 0, 352, 0, 0, 0, 0, 0, 0, 0, 0, 0, 0, 0, 0, 310, 0, 0, 0, 0, 0, 0, 0, 0, 0, 0, 0, 0, 285, 0, 0, 0, 0, 0, 0, 0, 0, 0, 0, 0, 382], 'packedBins': {'size': 0.078125, 'count': 64, 'min': 0}, '_type': 'histogram'}",1.119140625,0.9967430060104879
,"{'_type': 'histogram', 'values': [312, 0, 0, 0, 0, 0, 0, 0, 0, 0, 0, 0, 396, 0, 0, 0, 0, 0, 0, 0, 0, 0, 0, 0, 0, 314, 0, 0, 0, 0, 0, 0, 0, 0, 0, 0, 0, 0, 358, 0, 0, 0, 0, 0, 0, 0, 0, 0, 0, 0, 0, 355, 0, 0, 0, 0, 0, 0, 0, 0, 0, 0, 0, 313], 'packedBins': {'size': 0.078125, 'count': 64, 'min': 0}}",0.4410685896873474,0.997876045481419,1880,1.0986328125,2.7145729403942824,,,0.9976933486882789,1.1015625,1.1044921875,1.212890625,0.9959591928568158,,"{'packedBins': {'count': 64, 'min': 0, 'size': 0.078125}, '_type': 'histogram', 'values': [277, 0, 0, 0, 0, 0, 0, 0, 0, 0, 0, 0, 379, 0, 0, 0, 0, 0, 0, 0, 0, 0, 0, 0, 0, 359, 0, 0, 0, 0, 0, 0, 0, 0, 0, 0, 0, 0, 423, 0, 0, 0, 0, 0, 0, 0, 0, 0, 0, 0, 0, 344, 0, 0, 0, 0, 0, 0, 0, 0, 0, 0, 0, 266]}",1.16015625,"{'_type': 'histogram', 'values': [324, 0, 0, 0, 0, 0, 0, 0, 0, 0, 0, 0, 392, 0, 0, 0, 0, 0, 0, 0, 0, 0, 0, 0, 0, 348, 0, 0, 0, 0, 0, 0, 0, 0, 0, 0, 0, 0, 289, 0, 0, 0, 0, 0, 0, 0, 0, 0, 0, 0, 0, 354, 0, 0, 0, 0, 0, 0, 0, 0, 0, 0, 0, 341], 'packedBins': {'count': 64, 'min': 0, 'size': 0.078125}}",,0.9926353221035426,,"{'_type': 'histogram', 'values': [383, 0, 0, 0, 0, 0, 0, 0, 0, 0, 0, 0, 377, 0, 0, 0, 0, 0, 0, 0, 0, 0, 0, 0, 0, 294, 0, 0, 0, 0, 0, 0, 0, 0, 0, 0, 0, 0, 312, 0, 0, 0, 0, 0, 0, 0, 0, 0, 0, 0, 0, 354, 0, 0, 0, 0, 0, 0, 0, 0, 0, 0, 0, 328], 'packedBins': {'min': 0, 'size': 0.078125, 'count': 64}}",1784915505.2095003,,,0.9976656713882256,,,,1.0810546875,"{'packedBins': {'min': 0, 'size': 0.078125, 'count': 64}, '_type': 'histogram', 'values': [396, 0, 0, 0, 0, 0, 0, 0, 0, 0, 0, 0, 276, 0, 0, 0, 0, 0, 0, 0, 0, 0, 0, 0, 0, 311, 0, 0, 0, 0, 0, 0, 0, 0, 0, 0, 0, 0, 384, 0, 0, 0, 0, 0, 0, 0, 0, 0, 0, 0, 0, 338, 0, 0, 0, 0, 0, 0, 0, 0, 0, 0, 0, 343]}",,11435.769856,,,0.9951085816039764,,1.16015625,,,0.999335224675574,"{'_type': 'histogram', 'values': [336, 0, 0, 0, 0, 0, 0, 0, 0, 0, 0, 0, 300, 0, 0, 0, 0, 0, 0, 0, 0, 0, 0, 0, 0, 363, 0, 0, 0, 0, 0, 0, 0, 0, 0, 0, 0, 0, 377, 0, 0, 0, 0, 0, 0, 0, 0, 0, 0, 0, 0, 332, 0, 0, 0, 0, 0, 0, 0, 0, 0, 0, 0, 340], 'packedBins': {'min': 0, 'size': 0.078125, 'count': 64}}",,,,,1.1484375,"{'packedBins': {'min': 0, 'size': 0.078125, 'count': 64}, '_type': 'histogram', 'values': [344, 0, 0, 0, 0, 0, 0, 0, 0, 0, 0, 0, 376, 0, 0, 0, 0, 0, 0, 0, 0, 0, 0, 0, 0, 364, 0, 0, 0, 0, 0, 0, 0, 0, 0, 0, 0, 0, 286, 0, 0, 0, 0, 0, 0, 0, 0, 0, 0, 0, 0, 353, 0, 0, 0, 0, 0, 0, 0, 0, 0, 0, 0, 325]}",,"{'_type': 'histogram', 'values': [414, 0, 0, 0, 0, 0, 0, 0, 0, 0, 0, 0, 302, 0, 0, 0, 0, 0, 0, 0, 0, 0, 0, 0, 0, 388, 0, 0, 0, 0, 0, 0, 0, 0, 0, 0, 0, 0, 311, 0, 0, 0, 0, 0, 0, 0, 0, 0, 0, 0, 0, 342, 0, 0, 0, 0, 0, 0, 0, 0, 0, 0, 0, 291], 'packedBins': {'min': 0, 'size': 0.078125, 'count': 64}}",,,7805.475328,1.1396484375,"{'_type': 'histogram', 'values': [350, 0, 0, 0, 0, 0, 0, 0, 0, 0, 0, 0, 355, 0, 0, 0, 0, 0, 0, 0, 0, 0, 0, 0, 0, 327, 0, 0, 0, 0, 0, 0, 0, 0, 0, 0, 0, 0, 369, 0, 0, 0, 0, 0, 0, 0, 0, 0, 0, 0, 0, 351, 0, 0, 0, 0, 0, 0, 0, 0, 0, 0, 0, 296], 'packedBins': {'size': 0.078125, 'count': 64, 'min': 0}}",15.098160880266214,0.9962183348849588,7.155379449848863e-05,"{'values': [345, 0, 0, 0, 0, 0, 0, 0, 0, 0, 0, 0, 321, 0, 0, 0, 0, 0, 0, 0, 0, 0, 0, 0, 0, 375, 0, 0, 0, 0, 0, 0, 0, 0, 0, 0, 0, 0, 339, 0, 0, 0, 0, 0, 0, 0, 0, 0, 0, 0, 0, 331, 0, 0, 0, 0, 0, 0, 0, 0, 0, 0, 0, 337], 'packedBins': {'min': 0, 'size': 0.078125, 'count': 64}, '_type': 'histogram'}",24045.046057131,,,,,5206.278434051763,,,,0.9974147127925502,0.9068024510052055,,,,123207680.0,,,1.1220703125,0.9986196067924656,0.9977174332618829,,,"{'values': [322, 0, 0, 0, 0, 0, 0, 0, 0, 0, 0, 0, 307, 0, 0, 0, 0, 0, 0, 0, 0, 0, 0, 0, 0, 311, 0, 0, 0, 0, 0, 0, 0, 0, 0, 0, 0, 0, 346, 0, 0, 0, 0, 0, 0, 0, 0, 0, 0, 0, 0, 389, 0, 0, 0, 0, 0, 0, 0, 0, 0, 0, 0, 373], 'packedBins': {'size': 0.078125, 'count': 64, 'min': 0}, '_type': 'histogram'}",,,1.2392578125,12.056755237281322,"{'values': [330, 0, 0, 0, 0, 0, 0, 0, 0, 0, 0, 0, 371, 0, 0, 0, 0, 0, 0, 0, 0, 0, 0, 0, 0, 276, 0, 0, 0, 0, 0, 0, 0, 0, 0, 0, 0, 0, 393, 0, 0, 0, 0, 0, 0, 0, 0, 0, 0, 0, 0, 313, 0, 0, 0, 0, 0, 0, 0, 0, 0, 0, 0, 365], 'packedBins': {'min': 0, 'size': 0.078125, 'count': 64}, '_type': 'histogram'}",1.1513671875,0.9985669134712104
,"{'values': [318, 0, 0, 0, 0, 0, 0, 0, 0, 0, 0, 0, 326, 0, 0, 0, 0, 0, 0, 0, 0, 0, 0, 0, 0, 323, 0, 0, 0, 0, 0, 0, 0, 0, 0, 0, 0, 0, 391, 0, 0, 0, 0, 0, 0, 0, 0, 0, 0, 0, 0, 326, 0, 0, 0, 0, 0, 0, 0, 0, 0, 0, 0, 364], 'packedBins': {'min': 0, 'size': 0.078125, 'count': 64}, '_type': 'histogram'}",0.4267333745956421,0.9962891249024027,1900,1.142578125,2.700822271592915,,,0.9983094347423493,1.119140625,1.2099609375,1.154296875,0.9980983287974718,,"{'values': [345, 0, 0, 0, 0, 0, 0, 0, 0, 0, 0, 0, 342, 0, 0, 0, 0, 0, 0, 0, 0, 0, 0, 0, 0, 335, 0, 0, 0, 0, 0, 0, 0, 0, 0, 0, 0, 0, 375, 0, 0, 0, 0, 0, 0, 0, 0, 0, 0, 0, 0, 278, 0, 0, 0, 0, 0, 0, 0, 0, 0, 0, 0, 373], 'packedBins': {'count': 64, 'min': 0, 'size': 0.078125}, '_type': 'histogram'}",1.0869140625,"{'_type': 'histogram', 'values': [331, 0, 0, 0, 0, 0, 0, 0, 0, 0, 0, 0, 331, 0, 0, 0, 0, 0, 0, 0, 0, 0, 0, 0, 0, 334, 0, 0, 0, 0, 0, 0, 0, 0, 0, 0, 0, 0, 344, 0, 0, 0, 0, 0, 0, 0, 0, 0, 0, 0, 0, 377, 0, 0, 0, 0, 0, 0, 0, 0, 0, 0, 0, 331], 'packedBins': {'count': 64, 'min': 0, 'size': 0.078125}}",,0.9974410594531778,,"{'packedBins': {'count': 64, 'min': 0, 'size': 0.078125}, '_type': 'histogram', 'values': [377, 0, 0, 0, 0, 0, 0, 0, 0, 0, 0, 0, 295, 0, 0, 0, 0, 0, 0, 0, 0, 0, 0, 0, 0, 355, 0, 0, 0, 0, 0, 0, 0, 0, 0, 0, 0, 0, 319, 0, 0, 0, 0, 0, 0, 0, 0, 0, 0, 0, 0, 341, 0, 0, 0, 0, 0, 0, 0, 0, 0, 0, 0, 361]}",1784915757.976923,,,0.9993553173309011,,,,1.1982421875,"{'packedBins': {'min': 0, 'size': 0.078125, 'count': 64}, '_type': 'histogram', 'values': [290, 0, 0, 0, 0, 0, 0, 0, 0, 0, 0, 0, 346, 0, 0, 0, 0, 0, 0, 0, 0, 0, 0, 0, 0, 359, 0, 0, 0, 0, 0, 0, 0, 0, 0, 0, 0, 0, 321, 0, 0, 0, 0, 0, 0, 0, 0, 0, 0, 0, 0, 371, 0, 0, 0, 0, 0, 0, 0, 0, 0, 0, 0, 361]}",,11435.769856,,,0.9981685865591455,,1.1455078125,,,0.9975348695326853,"{'_type': 'histogram', 'values': [343, 0, 0, 0, 0, 0, 0, 0, 0, 0, 0, 0, 310, 0, 0, 0, 0, 0, 0, 0, 0, 0, 0, 0, 0, 413, 0, 0, 0, 0, 0, 0, 0, 0, 0, 0, 0, 0, 301, 0, 0, 0, 0, 0, 0, 0, 0, 0, 0, 0, 0, 335, 0, 0, 0, 0, 0, 0, 0, 0, 0, 0, 0, 346], 'packedBins': {'min': 0, 'size': 0.078125, 'count': 64}}",,,,,1.1044921875,"{'_type': 'histogram', 'values': [382, 0, 0, 0, 0, 0, 0, 0, 0, 0, 0, 0, 295, 0, 0, 0, 0, 0, 0, 0, 0, 0, 0, 0, 0, 353, 0, 0, 0, 0, 0, 0, 0, 0, 0, 0, 0, 0, 281, 0, 0, 0, 0, 0, 0, 0, 0, 0, 0, 0, 0, 370, 0, 0, 0, 0, 0, 0, 0, 0, 0, 0, 0, 367], 'packedBins': {'size': 0.078125, 'count': 64, 'min': 0}}",,"{'values': [326, 0, 0, 0, 0, 0, 0, 0, 0, 0, 0, 0, 340, 0, 0, 0, 0, 0, 0, 0, 0, 0, 0, 0, 0, 317, 0, 0, 0, 0, 0, 0, 0, 0, 0, 0, 0, 0, 313, 0, 0, 0, 0, 0, 0, 0, 0, 0, 0, 0, 0, 358, 0, 0, 0, 0, 0, 0, 0, 0, 0, 0, 0, 394], 'packedBins': {'min': 0, 'size': 0.078125, 'count': 64}, '_type': 'histogram'}",,,7805.475328,1.0869140625,"{'_type': 'histogram', 'values': [349, 0, 0, 0, 0, 0, 0, 0, 0, 0, 0, 0, 329, 0, 0, 0, 0, 0, 0, 0, 0, 0, 0, 0, 0, 310, 0, 0, 0, 0, 0, 0, 0, 0, 0, 0, 0, 0, 409, 0, 0, 0, 0, 0, 0, 0, 0, 0, 0, 0, 0, 351, 0, 0, 0, 0, 0, 0, 0, 0, 0, 0, 0, 300], 'packedBins': {'min': 0, 'size': 0.078125, 'count': 64}}",14.891971937280204,0.9998378071866376,6.97630185217251e-05,"{'_type': 'histogram', 'values': [303, 0, 0, 0, 0, 0, 0, 0, 0, 0, 0, 0, 310, 0, 0, 0, 0, 0, 0, 0, 0, 0, 0, 0, 0, 338, 0, 0, 0, 0, 0, 0, 0, 0, 0, 0, 0, 0, 330, 0, 0, 0, 0, 0, 0, 0, 0, 0, 0, 0, 0, 390, 0, 0, 0, 0, 0, 0, 0, 0, 0, 0, 0, 377], 'packedBins': {'min': 0, 'size': 0.078125, 'count': 64}}",24297.280627287,,,,,5188.1859761627275,,,,0.9981816268255168,0.895302078127861,,,,124518400.0,,,1.1044921875,0.9970447285002515,0.9992038240322922,,,"{'values': [344, 0, 0, 0, 0, 0, 0, 0, 0, 0, 0, 0, 322, 0, 0, 0, 0, 0, 0, 0, 0, 0, 0, 0, 0, 356, 0, 0, 0, 0, 0, 0, 0, 0, 0, 0, 0, 0, 319, 0, 0, 0, 0, 0, 0, 0, 0, 0, 0, 0, 0, 371, 0, 0, 0, 0, 0, 0, 0, 0, 0, 0, 0, 336], 'packedBins': {'min': 0, 'size': 0.078125, 'count': 64}, '_type': 'histogram'}",,,1.0986328125,12.056240077316762,"{'values': [333, 0, 0, 0, 0, 0, 0, 0, 0, 0, 0, 0, 339, 0, 0, 0, 0, 0, 0, 0, 0, 0, 0, 0, 0, 347, 0, 0, 0, 0, 0, 0, 0, 0, 0, 0, 0, 0, 336, 0, 0, 0, 0, 0, 0, 0, 0, 0, 0, 0, 0, 336, 0, 0, 0, 0, 0, 0, 0, 0, 0, 0, 0, 357], 'packedBins': {'size': 0.078125, 'count': 64, 'min': 0}, '_type': 'histogram'}",1.0458984375,0.996972873971267
,"{'_type': 'histogram', 'values': [369, 0, 0, 0, 0, 0, 0, 0, 0, 0, 0, 0, 287, 0, 0, 0, 0, 0, 0, 0, 0, 0, 0, 0, 0, 360, 0, 0, 0, 0, 0, 0, 0, 0, 0, 0, 0, 0, 354, 0, 0, 0, 0, 0, 0, 0, 0, 0, 0, 0, 0, 360, 0, 0, 0, 0, 0, 0, 0, 0, 0, 0, 0, 318], 'packedBins': {'min': 0, 'size': 0.078125, 'count': 64}}",0.432687371969223,0.9955359829874915,1920,1.107421875,2.695876019820571,,,0.9978969365204016,1.2333984375,1.130859375,1.1923828125,0.9968016872091586,,"{'_type': 'histogram', 'values': [354, 0, 0, 0, 0, 0, 0, 0, 0, 0, 0, 0, 328, 0, 0, 0, 0, 0, 0, 0, 0, 0, 0, 0, 0, 362, 0, 0, 0, 0, 0, 0, 0, 0, 0, 0, 0, 0, 349, 0, 0, 0, 0, 0, 0, 0, 0, 0, 0, 0, 0, 334, 0, 0, 0, 0, 0, 0, 0, 0, 0, 0, 0, 321], 'packedBins': {'count': 64, 'min': 0, 'size': 0.078125}}",1.166015625,"{'_type': 'histogram', 'values': [318, 0, 0, 0, 0, 0, 0, 0, 0, 0, 0, 0, 371, 0, 0, 0, 0, 0, 0, 0, 0, 0, 0, 0, 0, 310, 0, 0, 0, 0, 0, 0, 0, 0, 0, 0, 0, 0, 302, 0, 0, 0, 0, 0, 0, 0, 0, 0, 0, 0, 0, 373, 0, 0, 0, 0, 0, 0, 0, 0, 0, 0, 0, 374], 'packedBins': {'count': 64, 'min': 0, 'size': 0.078125}}",,0.999484389355188,,"{'values': [364, 0, 0, 0, 0, 0, 0, 0, 0, 0, 0, 0, 339, 0, 0, 0, 0, 0, 0, 0, 0, 0, 0, 0, 0, 398, 0, 0, 0, 0, 0, 0, 0, 0, 0, 0, 0, 0, 339, 0, 0, 0, 0, 0, 0, 0, 0, 0, 0, 0, 0, 312, 0, 0, 0, 0, 0, 0, 0, 0, 0, 0, 0, 296], 'packedBins': {'size': 0.078125, 'count': 64, 'min': 0}, '_type': 'histogram'}",1784916010.2117124,,,0.9975872301940842,,,,1.1748046875,"{'_type': 'histogram', 'values': [276, 0, 0, 0, 0, 0, 0, 0, 0, 0, 0, 0, 356, 0, 0, 0, 0, 0, 0, 0, 0, 0, 0, 0, 0, 350, 0, 0, 0, 0, 0, 0, 0, 0, 0, 0, 0, 0, 398, 0, 0, 0, 0, 0, 0, 0, 0, 0, 0, 0, 0, 334, 0, 0, 0, 0, 0, 0, 0, 0, 0, 0, 0, 334], 'packedBins': {'min': 0, 'size': 0.078125, 'count': 64}}",,11435.769856,,,0.9977869591718725,,1.0810546875,,,0.9983288620779637,"{'_type': 'histogram', 'values': [386, 0, 0, 0, 0, 0, 0, 0, 0, 0, 0, 0, 363, 0, 0, 0, 0, 0, 0, 0, 0, 0, 0, 0, 0, 323, 0, 0, 0, 0, 0, 0, 0, 0, 0, 0, 0, 0, 312, 0, 0, 0, 0, 0, 0, 0, 0, 0, 0, 0, 0, 335, 0, 0, 0, 0, 0, 0, 0, 0, 0, 0, 0, 329], 'packedBins': {'min': 0, 'size': 0.078125, 'count': 64}}",,,,,1.095703125,"{'_type': 'histogram', 'values': [368, 0, 0, 0, 0, 0, 0, 0, 0, 0, 0, 0, 296, 0, 0, 0, 0, 0, 0, 0, 0, 0, 0, 0, 0, 421, 0, 0, 0, 0, 0, 0, 0, 0, 0, 0, 0, 0, 295, 0, 0, 0, 0, 0, 0, 0, 0, 0, 0, 0, 0, 340, 0, 0, 0, 0, 0, 0, 0, 0, 0, 0, 0, 328], 'packedBins': {'count': 64, 'min': 0, 'size': 0.078125}}",,"{'_type': 'histogram', 'values': [346, 0, 0, 0, 0, 0, 0, 0, 0, 0, 0, 0, 407, 0, 0, 0, 0, 0, 0, 0, 0, 0, 0, 0, 0, 319, 0, 0, 0, 0, 0, 0, 0, 0, 0, 0, 0, 0, 324, 0, 0, 0, 0, 0, 0, 0, 0, 0, 0, 0, 0, 317, 0, 0, 0, 0, 0, 0, 0, 0, 0, 0, 0, 335], 'packedBins': {'min': 0, 'size': 0.078125, 'count': 64}}",,,7805.475328,1.1044921875,"{'_type': 'histogram', 'values': [401, 0, 0, 0, 0, 0, 0, 0, 0, 0, 0, 0, 340, 0, 0, 0, 0, 0, 0, 0, 0, 0, 0, 0, 0, 371, 0, 0, 0, 0, 0, 0, 0, 0, 0, 0, 0, 0, 384, 0, 0, 0, 0, 0, 0, 0, 0, 0, 0, 0, 0, 284, 0, 0, 0, 0, 0, 0, 0, 0, 0, 0, 0, 268], 'packedBins': {'size': 0.078125, 'count': 64, 'min': 0}}",14.818494363785632,0.9986937234084737,6.799193639992796e-05,"{'values': [330, 0, 0, 0, 0, 0, 0, 0, 0, 0, 0, 0, 378, 0, 0, 0, 0, 0, 0, 0, 0, 0, 0, 0, 0, 305, 0, 0, 0, 0, 0, 0, 0, 0, 0, 0, 0, 0, 338, 0, 0, 0, 0, 0, 0, 0, 0, 0, 0, 0, 0, 374, 0, 0, 0, 0, 0, 0, 0, 0, 0, 0, 0, 323], 'packedBins': {'min': 0, 'size': 0.078125, 'count': 64}, '_type': 'histogram'}",24549.911060708,,,,,5199.1143500769185,,,,0.9973656121977441,0.90329315001145,,,,125829120.0,,,1.166015625,0.9939025565605492,0.9980607382336976,,,"{'values': [368, 0, 0, 0, 0, 0, 0, 0, 0, 0, 0, 0, 352, 0, 0, 0, 0, 0, 0, 0, 0, 0, 0, 0, 0, 303, 0, 0, 0, 0, 0, 0, 0, 0, 0, 0, 0, 0, 306, 0, 0, 0, 0, 0, 0, 0, 0, 0, 0, 0, 0, 342, 0, 0, 0, 0, 0, 0, 0, 0, 0, 0, 0, 377], 'packedBins': {'size': 0.078125, 'count': 64, 'min': 0}, '_type': 'histogram'}",,,1.060546875,12.06056115925312,"{'values': [322, 0, 0, 0, 0, 0, 0, 0, 0, 0, 0, 0, 367, 0, 0, 0, 0, 0, 0, 0, 0, 0, 0, 0, 0, 342, 0, 0, 0, 0, 0, 0, 0, 0, 0, 0, 0, 0, 333, 0, 0, 0, 0, 0, 0, 0, 0, 0, 0, 0, 0, 309, 0, 0, 0, 0, 0, 0, 0, 0, 0, 0, 0, 375], 'packedBins': {'min': 0, 'size': 0.078125, 'count': 64}, '_type': 'histogram'}",1.0986328125,0.9984846799547059
,"{'_type': 'histogram', 'values': [353, 0, 0, 0, 0, 0, 0, 0, 0, 0, 0, 0, 333, 0, 0, 0, 0, 0, 0, 0, 0, 0, 0, 0, 0, 346, 0, 0, 0, 0, 0, 0, 0, 0, 0, 0, 0, 0, 312, 0, 0, 0, 0, 0, 0, 0, 0, 0, 0, 0, 0, 374, 0, 0, 0, 0, 0, 0, 0, 0, 0, 0, 0, 330], 'packedBins': {'min': 0, 'size': 0.078125, 'count': 64}}",0.44954925775527954,0.9984892041287531,1940,1.125,2.732422551140189,,,0.999090985808998,1.1337890625,1.0634765625,1.048828125,0.9991351630379293,,"{'values': [383, 0, 0, 0, 0, 0, 0, 0, 0, 0, 0, 0, 379, 0, 0, 0, 0, 0, 0, 0, 0, 0, 0, 0, 0, 357, 0, 0, 0, 0, 0, 0, 0, 0, 0, 0, 0, 0, 283, 0, 0, 0, 0, 0, 0, 0, 0, 0, 0, 0, 0, 338, 0, 0, 0, 0, 0, 0, 0, 0, 0, 0, 0, 308], 'packedBins': {'count': 64, 'min': 0, 'size': 0.078125}, '_type': 'histogram'}",1.0810546875,"{'_type': 'histogram', 'values': [321, 0, 0, 0, 0, 0, 0, 0, 0, 0, 0, 0, 318, 0, 0, 0, 0, 0, 0, 0, 0, 0, 0, 0, 0, 298, 0, 0, 0, 0, 0, 0, 0, 0, 0, 0, 0, 0, 423, 0, 0, 0, 0, 0, 0, 0, 0, 0, 0, 0, 0, 370, 0, 0, 0, 0, 0, 0, 0, 0, 0, 0, 0, 318], 'packedBins': {'min': 0, 'size': 0.078125, 'count': 64}}",,0.9967841227687402,,"{'values': [336, 0, 0, 0, 0, 0, 0, 0, 0, 0, 0, 0, 359, 0, 0, 0, 0, 0, 0, 0, 0, 0, 0, 0, 0, 293, 0, 0, 0, 0, 0, 0, 0, 0, 0, 0, 0, 0, 383, 0, 0, 0, 0, 0, 0, 0, 0, 0, 0, 0, 0, 326, 0, 0, 0, 0, 0, 0, 0, 0, 0, 0, 0, 351], 'packedBins': {'size': 0.078125, 'count': 64, 'min': 0}, '_type': 'histogram'}",1784916262.8421075,,,0.9958116249445125,,,,1.1220703125,"{'_type': 'histogram', 'values': [347, 0, 0, 0, 0, 0, 0, 0, 0, 0, 0, 0, 320, 0, 0, 0, 0, 0, 0, 0, 0, 0, 0, 0, 0, 369, 0, 0, 0, 0, 0, 0, 0, 0, 0, 0, 0, 0, 315, 0, 0, 0, 0, 0, 0, 0, 0, 0, 0, 0, 0, 356, 0, 0, 0, 0, 0, 0, 0, 0, 0, 0, 0, 341], 'packedBins': {'min': 0, 'size': 0.078125, 'count': 64}}",,11435.769856,,,0.9996382112727918,,1.095703125,,,0.9983299931214755,"{'_type': 'histogram', 'values': [361, 0, 0, 0, 0, 0, 0, 0, 0, 0, 0, 0, 333, 0, 0, 0, 0, 0, 0, 0, 0, 0, 0, 0, 0, 358, 0, 0, 0, 0, 0, 0, 0, 0, 0, 0, 0, 0, 322, 0, 0, 0, 0, 0, 0, 0, 0, 0, 0, 0, 0, 363, 0, 0, 0, 0, 0, 0, 0, 0, 0, 0, 0, 311], 'packedBins': {'min': 0, 'size': 0.078125, 'count': 64}}",,,,,1.2392578125,"{'packedBins': {'count': 64, 'min': 0, 'size': 0.078125}, '_type': 'histogram', 'values': [308, 0, 0, 0, 0, 0, 0, 0, 0, 0, 0, 0, 387, 0, 0, 0, 0, 0, 0, 0, 0, 0, 0, 0, 0, 332, 0, 0, 0, 0, 0, 0, 0, 0, 0, 0, 0, 0, 357, 0, 0, 0, 0, 0, 0, 0, 0, 0, 0, 0, 0, 340, 0, 0, 0, 0, 0, 0, 0, 0, 0, 0, 0, 324]}",,"{'_type': 'histogram', 'values': [356, 0, 0, 0, 0, 0, 0, 0, 0, 0, 0, 0, 358, 0, 0, 0, 0, 0, 0, 0, 0, 0, 0, 0, 0, 339, 0, 0, 0, 0, 0, 0, 0, 0, 0, 0, 0, 0, 324, 0, 0, 0, 0, 0, 0, 0, 0, 0, 0, 0, 0, 331, 0, 0, 0, 0, 0, 0, 0, 0, 0, 0, 0, 340], 'packedBins': {'min': 0, 'size': 0.078125, 'count': 64}}",,,7805.475328,1.119140625,"{'_type': 'histogram', 'values': [325, 0, 0, 0, 0, 0, 0, 0, 0, 0, 0, 0, 294, 0, 0, 0, 0, 0, 0, 0, 0, 0, 0, 0, 0, 369, 0, 0, 0, 0, 0, 0, 0, 0, 0, 0, 0, 0, 331, 0, 0, 0, 0, 0, 0, 0, 0, 0, 0, 0, 0, 346, 0, 0, 0, 0, 0, 0, 0, 0, 0, 0, 0, 383], 'packedBins': {'min': 0, 'size': 0.078125, 'count': 64}}",15.370076751665087,0.9985340466773971,6.624141498327226e-05,"{'values': [304, 0, 0, 0, 0, 0, 0, 0, 0, 0, 0, 0, 338, 0, 0, 0, 0, 0, 0, 0, 0, 0, 0, 0, 0, 316, 0, 0, 0, 0, 0, 0, 0, 0, 0, 0, 0, 0, 358, 0, 0, 0, 0, 0, 0, 0, 0, 0, 0, 0, 0, 384, 0, 0, 0, 0, 0, 0, 0, 0, 0, 0, 0, 348], 'packedBins': {'min': 0, 'size': 0.078125, 'count': 64}, '_type': 'histogram'}",24802.420127459,,,,,5190.957018953678,,,,0.9980873510222104,0.8982972318306566,,,,127139840.0,,,1.1220703125,0.9979371218310558,0.9985156838533233,,,"{'values': [382, 0, 0, 0, 0, 0, 0, 0, 0, 0, 0, 0, 345, 0, 0, 0, 0, 0, 0, 0, 0, 0, 0, 0, 0, 317, 0, 0, 0, 0, 0, 0, 0, 0, 0, 0, 0, 0, 356, 0, 0, 0, 0, 0, 0, 0, 0, 0, 0, 0, 0, 342, 0, 0, 0, 0, 0, 0, 0, 0, 0, 0, 0, 306], 'packedBins': {'count': 64, 'min': 0, 'size': 0.078125}, '_type': 'histogram'}",,,1.1220703125,12.056963862478733,"{'values': [334, 0, 0, 0, 0, 0, 0, 0, 0, 0, 0, 0, 301, 0, 0, 0, 0, 0, 0, 0, 0, 0, 0, 0, 0, 329, 0, 0, 0, 0, 0, 0, 0, 0, 0, 0, 0, 0, 341, 0, 0, 0, 0, 0, 0, 0, 0, 0, 0, 0, 0, 372, 0, 0, 0, 0, 0, 0, 0, 0, 0, 0, 0, 371], 'packedBins': {'min': 0, 'size': 0.078125, 'count': 64}, '_type': 'histogram'}",1.08984375,0.998997042665548
,"{'_type': 'histogram', 'values': [353, 0, 0, 0, 0, 0, 0, 0, 0, 0, 0, 0, 354, 0, 0, 0, 0, 0, 0, 0, 0, 0, 0, 0, 0, 287, 0, 0, 0, 0, 0, 0, 0, 0, 0, 0, 0, 0, 321, 0, 0, 0, 0, 0, 0, 0, 0, 0, 0, 0, 0, 350, 0, 0, 0, 0, 0, 0, 0, 0, 0, 0, 0, 383], 'packedBins': {'min': 0, 'size': 0.078125, 'count': 64}}",0.42979952692985535,0.9961336396855169,1960,1.072265625,2.735447666235268,,,0.9977718564143915,1.166015625,1.0869140625,1.1748046875,0.9977150381109168,,"{'values': [317, 0, 0, 0, 0, 0, 0, 0, 0, 0, 0, 0, 310, 0, 0, 0, 0, 0, 0, 0, 0, 0, 0, 0, 0, 341, 0, 0, 0, 0, 0, 0, 0, 0, 0, 0, 0, 0, 358, 0, 0, 0, 0, 0, 0, 0, 0, 0, 0, 0, 0, 350, 0, 0, 0, 0, 0, 0, 0, 0, 0, 0, 0, 372], 'packedBins': {'count': 64, 'min': 0, 'size': 0.078125}, '_type': 'histogram'}",1.154296875,"{'_type': 'histogram', 'values': [310, 0, 0, 0, 0, 0, 0, 0, 0, 0, 0, 0, 359, 0, 0, 0, 0, 0, 0, 0, 0, 0, 0, 0, 0, 328, 0, 0, 0, 0, 0, 0, 0, 0, 0, 0, 0, 0, 329, 0, 0, 0, 0, 0, 0, 0, 0, 0, 0, 0, 0, 378, 0, 0, 0, 0, 0, 0, 0, 0, 0, 0, 0, 344], 'packedBins': {'min': 0, 'size': 0.078125, 'count': 64}}",,0.9988498074131011,,"{'_type': 'histogram', 'values': [336, 0, 0, 0, 0, 0, 0, 0, 0, 0, 0, 0, 378, 0, 0, 0, 0, 0, 0, 0, 0, 0, 0, 0, 0, 329, 0, 0, 0, 0, 0, 0, 0, 0, 0, 0, 0, 0, 305, 0, 0, 0, 0, 0, 0, 0, 0, 0, 0, 0, 0, 399, 0, 0, 0, 0, 0, 0, 0, 0, 0, 0, 0, 301], 'packedBins': {'min': 0, 'size': 0.078125, 'count': 64}}",1784916515.3511279,,,0.998818404322656,,,,1.083984375,"{'_type': 'histogram', 'values': [350, 0, 0, 0, 0, 0, 0, 0, 0, 0, 0, 0, 297, 0, 0, 0, 0, 0, 0, 0, 0, 0, 0, 0, 0, 328, 0, 0, 0, 0, 0, 0, 0, 0, 0, 0, 0, 0, 394, 0, 0, 0, 0, 0, 0, 0, 0, 0, 0, 0, 0, 320, 0, 0, 0, 0, 0, 0, 0, 0, 0, 0, 0, 359], 'packedBins': {'min': 0, 'size': 0.078125, 'count': 64}}",,11435.769856,,,0.9953612700309051,,1.1220703125,,,0.9994242444531491,"{'_type': 'histogram', 'values': [308, 0, 0, 0, 0, 0, 0, 0, 0, 0, 0, 0, 331, 0, 0, 0, 0, 0, 0, 0, 0, 0, 0, 0, 0, 349, 0, 0, 0, 0, 0, 0, 0, 0, 0, 0, 0, 0, 358, 0, 0, 0, 0, 0, 0, 0, 0, 0, 0, 0, 0, 331, 0, 0, 0, 0, 0, 0, 0, 0, 0, 0, 0, 371], 'packedBins': {'min': 0, 'size': 0.078125, 'count': 64}}",,,,,1.107421875,"{'_type': 'histogram', 'values': [348, 0, 0, 0, 0, 0, 0, 0, 0, 0, 0, 0, 295, 0, 0, 0, 0, 0, 0, 0, 0, 0, 0, 0, 0, 338, 0, 0, 0, 0, 0, 0, 0, 0, 0, 0, 0, 0, 380, 0, 0, 0, 0, 0, 0, 0, 0, 0, 0, 0, 0, 398, 0, 0, 0, 0, 0, 0, 0, 0, 0, 0, 0, 289], 'packedBins': {'min': 0, 'size': 0.078125, 'count': 64}}",,"{'_type': 'histogram', 'values': [401, 0, 0, 0, 0, 0, 0, 0, 0, 0, 0, 0, 278, 0, 0, 0, 0, 0, 0, 0, 0, 0, 0, 0, 0, 378, 0, 0, 0, 0, 0, 0, 0, 0, 0, 0, 0, 0, 342, 0, 0, 0, 0, 0, 0, 0, 0, 0, 0, 0, 0, 356, 0, 0, 0, 0, 0, 0, 0, 0, 0, 0, 0, 293], 'packedBins': {'min': 0, 'size': 0.078125, 'count': 64}}",,,7805.475328,1.1455078125,"{'values': [356, 0, 0, 0, 0, 0, 0, 0, 0, 0, 0, 0, 370, 0, 0, 0, 0, 0, 0, 0, 0, 0, 0, 0, 0, 328, 0, 0, 0, 0, 0, 0, 0, 0, 0, 0, 0, 0, 325, 0, 0, 0, 0, 0, 0, 0, 0, 0, 0, 0, 0, 331, 0, 0, 0, 0, 0, 0, 0, 0, 0, 0, 0, 338], 'packedBins': {'count': 64, 'min': 0, 'size': 0.078125}, '_type': 'histogram'}",15.416643402085432,0.9984760973304107,6.451231105856528e-05,"{'values': [325, 0, 0, 0, 0, 0, 0, 0, 0, 0, 0, 0, 319, 0, 0, 0, 0, 0, 0, 0, 0, 0, 0, 0, 0, 345, 0, 0, 0, 0, 0, 0, 0, 0, 0, 0, 0, 0, 366, 0, 0, 0, 0, 0, 0, 0, 0, 0, 0, 0, 0, 347, 0, 0, 0, 0, 0, 0, 0, 0, 0, 0, 0, 346], 'packedBins': {'count': 64, 'min': 0, 'size': 0.078125}, '_type': 'histogram'}",25054.818753421,,,,,5193.478806972919,,,,0.9969269003791111,0.9050092257093638,,,,128450560.0,,,1.1689453125,0.9993684906612149,0.9981812276336891,,,"{'packedBins': {'min': 0, 'size': 0.078125, 'count': 64}, '_type': 'histogram', 'values': [306, 0, 0, 0, 0, 0, 0, 0, 0, 0, 0, 0, 347, 0, 0, 0, 0, 0, 0, 0, 0, 0, 0, 0, 0, 315, 0, 0, 0, 0, 0, 0, 0, 0, 0, 0, 0, 0, 336, 0, 0, 0, 0, 0, 0, 0, 0, 0, 0, 0, 0, 353, 0, 0, 0, 0, 0, 0, 0, 0, 0, 0, 0, 391]}",,,1.08984375,12.05540877133608,"{'values': [322, 0, 0, 0, 0, 0, 0, 0, 0, 0, 0, 0, 344, 0, 0, 0, 0, 0, 0, 0, 0, 0, 0, 0, 0, 317, 0, 0, 0, 0, 0, 0, 0, 0, 0, 0, 0, 0, 395, 0, 0, 0, 0, 0, 0, 0, 0, 0, 0, 0, 0, 336, 0, 0, 0, 0, 0, 0, 0, 0, 0, 0, 0, 334], 'packedBins': {'min': 0, 'size': 0.078125, 'count': 64}, '_type': 'histogram'}",1.1572265625,0.9989811415244116
,"{'_type': 'histogram', 'values': [367, 0, 0, 0, 0, 0, 0, 0, 0, 0, 0, 0, 339, 0, 0, 0, 0, 0, 0, 0, 0, 0, 0, 0, 0, 325, 0, 0, 0, 0, 0, 0, 0, 0, 0, 0, 0, 0, 325, 0, 0, 0, 0, 0, 0, 0, 0, 0, 0, 0, 0, 348, 0, 0, 0, 0, 0, 0, 0, 0, 0, 0, 0, 344], 'packedBins': {'min': 0, 'size': 0.078125, 'count': 64}}",0.42788901925086975,0.9979502951613696,1980,1.1484375,2.7601607790216804,,,0.9995042824146013,1.142578125,1.1513671875,1.306640625,0.9957448268453454,,"{'packedBins': {'count': 64, 'min': 0, 'size': 0.078125}, '_type': 'histogram', 'values': [338, 0, 0, 0, 0, 0, 0, 0, 0, 0, 0, 0, 304, 0, 0, 0, 0, 0, 0, 0, 0, 0, 0, 0, 0, 340, 0, 0, 0, 0, 0, 0, 0, 0, 0, 0, 0, 0, 402, 0, 0, 0, 0, 0, 0, 0, 0, 0, 0, 0, 0, 340, 0, 0, 0, 0, 0, 0, 0, 0, 0, 0, 0, 324]}",1.1630859375,"{'_type': 'histogram', 'values': [338, 0, 0, 0, 0, 0, 0, 0, 0, 0, 0, 0, 307, 0, 0, 0, 0, 0, 0, 0, 0, 0, 0, 0, 0, 318, 0, 0, 0, 0, 0, 0, 0, 0, 0, 0, 0, 0, 343, 0, 0, 0, 0, 0, 0, 0, 0, 0, 0, 0, 0, 373, 0, 0, 0, 0, 0, 0, 0, 0, 0, 0, 0, 369], 'packedBins': {'min': 0, 'size': 0.078125, 'count': 64}}",,0.9979051199528692,,"{'_type': 'histogram', 'values': [333, 0, 0, 0, 0, 0, 0, 0, 0, 0, 0, 0, 339, 0, 0, 0, 0, 0, 0, 0, 0, 0, 0, 0, 0, 296, 0, 0, 0, 0, 0, 0, 0, 0, 0, 0, 0, 0, 412, 0, 0, 0, 0, 0, 0, 0, 0, 0, 0, 0, 0, 343, 0, 0, 0, 0, 0, 0, 0, 0, 0, 0, 0, 325], 'packedBins': {'min': 0, 'size': 0.078125, 'count': 64}}",1784916767.7496164,,,0.9985987157534831,,,,1.130859375,"{'values': [282, 0, 0, 0, 0, 0, 0, 0, 0, 0, 0, 0, 376, 0, 0, 0, 0, 0, 0, 0, 0, 0, 0, 0, 0, 292, 0, 0, 0, 0, 0, 0, 0, 0, 0, 0, 0, 0, 344, 0, 0, 0, 0, 0, 0, 0, 0, 0, 0, 0, 0, 357, 0, 0, 0, 0, 0, 0, 0, 0, 0, 0, 0, 397], 'packedBins': {'min': 0, 'size': 0.078125, 'count': 64}, '_type': 'histogram'}",,11435.769856,,,0.9945860395015282,,1.0751953125,,,0.9980915425364011,"{'_type': 'histogram', 'values': [254, 0, 0, 0, 0, 0, 0, 0, 0, 0, 0, 0, 327, 0, 0, 0, 0, 0, 0, 0, 0, 0, 0, 0, 0, 371, 0, 0, 0, 0, 0, 0, 0, 0, 0, 0, 0, 0, 366, 0, 0, 0, 0, 0, 0, 0, 0, 0, 0, 0, 0, 393, 0, 0, 0, 0, 0, 0, 0, 0, 0, 0, 0, 337], 'packedBins': {'size': 0.078125, 'count': 64, 'min': 0}}",,,,,1.0927734375,"{'_type': 'histogram', 'values': [320, 0, 0, 0, 0, 0, 0, 0, 0, 0, 0, 0, 302, 0, 0, 0, 0, 0, 0, 0, 0, 0, 0, 0, 0, 390, 0, 0, 0, 0, 0, 0, 0, 0, 0, 0, 0, 0, 323, 0, 0, 0, 0, 0, 0, 0, 0, 0, 0, 0, 0, 356, 0, 0, 0, 0, 0, 0, 0, 0, 0, 0, 0, 357], 'packedBins': {'min': 0, 'size': 0.078125, 'count': 64}}",,"{'_type': 'histogram', 'values': [446, 0, 0, 0, 0, 0, 0, 0, 0, 0, 0, 0, 322, 0, 0, 0, 0, 0, 0, 0, 0, 0, 0, 0, 0, 303, 0, 0, 0, 0, 0, 0, 0, 0, 0, 0, 0, 0, 305, 0, 0, 0, 0, 0, 0, 0, 0, 0, 0, 0, 0, 325, 0, 0, 0, 0, 0, 0, 0, 0, 0, 0, 0, 347], 'packedBins': {'size': 0.078125, 'count': 64, 'min': 0}}",,,7805.475328,1.1455078125,"{'_type': 'histogram', 'values': [346, 0, 0, 0, 0, 0, 0, 0, 0, 0, 0, 0, 323, 0, 0, 0, 0, 0, 0, 0, 0, 0, 0, 0, 0, 370, 0, 0, 0, 0, 0, 0, 0, 0, 0, 0, 0, 0, 386, 0, 0, 0, 0, 0, 0, 0, 0, 0, 0, 0, 0, 342, 0, 0, 0, 0, 0, 0, 0, 0, 0, 0, 0, 281], 'packedBins': {'min': 0, 'size': 0.078125, 'count': 64}}",15.802383435775399,0.9985169479607777,6.28054709298951e-05,"{'values': [368, 0, 0, 0, 0, 0, 0, 0, 0, 0, 0, 0, 327, 0, 0, 0, 0, 0, 0, 0, 0, 0, 0, 0, 0, 315, 0, 0, 0, 0, 0, 0, 0, 0, 0, 0, 0, 0, 392, 0, 0, 0, 0, 0, 0, 0, 0, 0, 0, 0, 0, 319, 0, 0, 0, 0, 0, 0, 0, 0, 0, 0, 0, 327], 'packedBins': {'count': 64, 'min': 0, 'size': 0.078125}, '_type': 'histogram'}",25307.708751385,,,,,5195.730235613161,,,,0.9971326172343149,0.9185849303379655,,,,129761280.0,,,1.20703125,0.9972242982907413,0.9978210900731401,,,"{'values': [391, 0, 0, 0, 0, 0, 0, 0, 0, 0, 0, 0, 320, 0, 0, 0, 0, 0, 0, 0, 0, 0, 0, 0, 0, 373, 0, 0, 0, 0, 0, 0, 0, 0, 0, 0, 0, 0, 312, 0, 0, 0, 0, 0, 0, 0, 0, 0, 0, 0, 0, 338, 0, 0, 0, 0, 0, 0, 0, 0, 0, 0, 0, 314], 'packedBins': {'min': 0, 'size': 0.078125, 'count': 64}, '_type': 'histogram'}",,,1.177734375,12.057278169691562,"{'values': [348, 0, 0, 0, 0, 0, 0, 0, 0, 0, 0, 0, 308, 0, 0, 0, 0, 0, 0, 0, 0, 0, 0, 0, 0, 352, 0, 0, 0, 0, 0, 0, 0, 0, 0, 0, 0, 0, 384, 0, 0, 0, 0, 0, 0, 0, 0, 0, 0, 0, 0, 316, 0, 0, 0, 0, 0, 0, 0, 0, 0, 0, 0, 340], 'packedBins': {'min': 0, 'size': 0.078125, 'count': 64}, '_type': 'histogram'}",1.125,0.9949711930832793
"{'_type': 'histogram', 'values': [15245, 0, 0, 0, 0, 0, 0, 0, 0, 0, 0, 0, 16852, 0, 0, 0, 0, 0, 0, 0, 0, 0, 0, 0, 0, 16945, 0, 0, 0, 0, 0, 0, 0, 0, 0, 0, 0, 0, 16783, 0, 0, 0, 0, 0, 0, 0, 0, 0, 0, 0, 0, 17275, 0, 0, 0, 0, 0, 0, 0, 0, 0, 0, 0, 19300], 'packedBins': {'min': 0, 'size': 0.078125, 'count': 64}}","{'_type': 'histogram', 'values': [339, 0, 0, 0, 0, 0, 0, 0, 0, 0, 0, 0, 370, 0, 0, 0, 0, 0, 0, 0, 0, 0, 0, 0, 0, 350, 0, 0, 0, 0, 0, 0, 0, 0, 0, 0, 0, 0, 326, 0, 0, 0, 0, 0, 0, 0, 0, 0, 0, 0, 0, 292, 0, 0, 0, 0, 0, 0, 0, 0, 0, 0, 0, 371], 'packedBins': {'min': 0, 'size': 0.078125, 'count': 64}}",0.4168188273906708,0.998171048242083,2000,1.1689453125,2.7410660361871124,0.998398787179781,1.130859375,0.9981899433219271,1.119140625,1.107421875,1.0751953125,0.9990432823855889,1.0483007431030273,"{'packedBins': {'size': 0.078125, 'count': 64, 'min': 0}, '_type': 'histogram', 'values': [369, 0, 0, 0, 0, 0, 0, 0, 0, 0, 0, 0, 394, 0, 0, 0, 0, 0, 0, 0, 0, 0, 0, 0, 0, 323, 0, 0, 0, 0, 0, 0, 0, 0, 0, 0, 0, 0, 310, 0, 0, 0, 0, 0, 0, 0, 0, 0, 0, 0, 0, 335, 0, 0, 0, 0, 0, 0, 0, 0, 0, 0, 0, 317]}",1.1044921875,"{'_type': 'histogram', 'values': [347, 0, 0, 0, 0, 0, 0, 0, 0, 0, 0, 0, 308, 0, 0, 0, 0, 0, 0, 0, 0, 0, 0, 0, 0, 344, 0, 0, 0, 0, 0, 0, 0, 0, 0, 0, 0, 0, 335, 0, 0, 0, 0, 0, 0, 0, 0, 0, 0, 0, 0, 324, 0, 0, 0, 0, 0, 0, 0, 0, 0, 0, 0, 390], 'packedBins': {'min': 0, 'size': 0.078125, 'count': 64}}","{'_type': 'histogram', 'values': [17284, 0, 0, 0, 0, 0, 0, 0, 0, 0, 0, 0, 16392, 0, 0, 0, 0, 0, 0, 0, 0, 0, 0, 0, 0, 15624, 0, 0, 0, 0, 0, 0, 0, 0, 0, 0, 0, 0, 18531, 0, 0, 0, 0, 0, 0, 0, 0, 0, 0, 0, 0, 15958, 0, 0, 0, 0, 0, 0, 0, 0, 0, 0, 0, 18611], 'packedBins': {'count': 64, 'min': 0, 'size': 0.078125}}",0.9978486343092509,0.9995087400566772,"{'_type': 'histogram', 'values': [351, 0, 0, 0, 0, 0, 0, 0, 0, 0, 0, 0, 330, 0, 0, 0, 0, 0, 0, 0, 0, 0, 0, 0, 0, 313, 0, 0, 0, 0, 0, 0, 0, 0, 0, 0, 0, 0, 324, 0, 0, 0, 0, 0, 0, 0, 0, 0, 0, 0, 0, 349, 0, 0, 0, 0, 0, 0, 0, 0, 0, 0, 0, 381], 'packedBins': {'size': 0.078125, 'count': 64, 'min': 0}}",1784917028.8915806,1.087499976158142,"{'values': [18219, 0, 0, 0, 0, 0, 0, 0, 0, 0, 0, 0, 17963, 0, 0, 0, 0, 0, 0, 0, 0, 0, 0, 0, 0, 16934, 0, 0, 0, 0, 0, 0, 0, 0, 0, 0, 0, 0, 16216, 0, 0, 0, 0, 0, 0, 0, 0, 0, 0, 0, 0, 16948, 0, 0, 0, 0, 0, 0, 0, 0, 0, 0, 0, 16120], 'packedBins': {'min': 0, 'size': 0.078125, 'count': 64}, '_type': 'histogram'}",0.9984840811669644,1.0476561784744263,1.5657969192867203,38.45214412110663,1.2216796875,"{'_type': 'histogram', 'values': [314, 0, 0, 0, 0, 0, 0, 0, 0, 0, 0, 0, 336, 0, 0, 0, 0, 0, 0, 0, 0, 0, 0, 0, 0, 332, 0, 0, 0, 0, 0, 0, 0, 0, 0, 0, 0, 0, 333, 0, 0, 0, 0, 0, 0, 0, 0, 0, 0, 0, 0, 356, 0, 0, 0, 0, 0, 0, 0, 0, 0, 0, 0, 377], 'packedBins': {'min': 0, 'size': 0.078125, 'count': 64}}","{'_type': 'histogram', 'values': [17276, 0, 0, 0, 0, 0, 0, 0, 0, 0, 0, 0, 19987, 0, 0, 0, 0, 0, 0, 0, 0, 0, 0, 0, 0, 18245, 0, 0, 0, 0, 0, 0, 0, 0, 0, 0, 0, 0, 15018, 0, 0, 0, 0, 0, 0, 0, 0, 0, 0, 0, 0, 17024, 0, 0, 0, 0, 0, 0, 0, 0, 0, 0, 0, 14850], 'packedBins': {'min': 0, 'size': 0.078125, 'count': 64}}",11435.769856,0.9986567981644123,0.9994741434316106,0.998599381073196,1.0675195455551147,1.0869140625,0.9993219182813176,"{'_type': 'histogram', 'values': [16030, 0, 0, 0, 0, 0, 0, 0, 0, 0, 0, 0, 16094, 0, 0, 0, 0, 0, 0, 0, 0, 0, 0, 0, 0, 18288, 0, 0, 0, 0, 0, 0, 0, 0, 0, 0, 0, 0, 18477, 0, 0, 0, 0, 0, 0, 0, 0, 0, 0, 0, 0, 20255, 0, 0, 0, 0, 0, 0, 0, 0, 0, 0, 0, 13256], 'packedBins': {'min': 0, 'size': 0.078125, 'count': 64}}",0.9960730290596791,"{'_type': 'histogram', 'values': [326, 0, 0, 0, 0, 0, 0, 0, 0, 0, 0, 0, 368, 0, 0, 0, 0, 0, 0, 0, 0, 0, 0, 0, 0, 378, 0, 0, 0, 0, 0, 0, 0, 0, 0, 0, 0, 0, 329, 0, 0, 0, 0, 0, 0, 0, 0, 0, 0, 0, 0, 297, 0, 0, 0, 0, 0, 0, 0, 0, 0, 0, 0, 350], 'packedBins': {'min': 0, 'size': 0.078125, 'count': 64}}",0.9998022125820017,"{'_type': 'histogram', 'values': [16957, 0, 0, 0, 0, 0, 0, 0, 0, 0, 0, 0, 17521, 0, 0, 0, 0, 0, 0, 0, 0, 0, 0, 0, 0, 18202, 0, 0, 0, 0, 0, 0, 0, 0, 0, 0, 0, 0, 15977, 0, 0, 0, 0, 0, 0, 0, 0, 0, 0, 0, 0, 17381, 0, 0, 0, 0, 0, 0, 0, 0, 0, 0, 0, 16362], 'packedBins': {'min': 0, 'size': 0.078125, 'count': 64}}",0.3283203125,1.0665234327316284,1.142578125,"{'_type': 'histogram', 'values': [382, 0, 0, 0, 0, 0, 0, 0, 0, 0, 0, 0, 352, 0, 0, 0, 0, 0, 0, 0, 0, 0, 0, 0, 0, 344, 0, 0, 0, 0, 0, 0, 0, 0, 0, 0, 0, 0, 304, 0, 0, 0, 0, 0, 0, 0, 0, 0, 0, 0, 0, 308, 0, 0, 0, 0, 0, 0, 0, 0, 0, 0, 0, 358], 'packedBins': {'min': 0, 'size': 0.078125, 'count': 64}}",0.9986732315613189,"{'_type': 'histogram', 'values': [353, 0, 0, 0, 0, 0, 0, 0, 0, 0, 0, 0, 306, 0, 0, 0, 0, 0, 0, 0, 0, 0, 0, 0, 0, 356, 0, 0, 0, 0, 0, 0, 0, 0, 0, 0, 0, 0, 310, 0, 0, 0, 0, 0, 0, 0, 0, 0, 0, 0, 0, 356, 0, 0, 0, 0, 0, 0, 0, 0, 0, 0, 0, 367], 'packedBins': {'min': 0, 'size': 0.078125, 'count': 64}}",1.1868163347244263,"{'packedBins': {'min': 0, 'size': 0.078125, 'count': 64}, '_type': 'histogram', 'values': [17311, 0, 0, 0, 0, 0, 0, 0, 0, 0, 0, 0, 18635, 0, 0, 0, 0, 0, 0, 0, 0, 0, 0, 0, 0, 16733, 0, 0, 0, 0, 0, 0, 0, 0, 0, 0, 0, 0, 15792, 0, 0, 0, 0, 0, 0, 0, 0, 0, 0, 0, 0, 16977, 0, 0, 0, 0, 0, 0, 0, 0, 0, 0, 0, 16952]}",7805.475328,1.11328125,"{'_type': 'histogram', 'values': [343, 0, 0, 0, 0, 0, 0, 0, 0, 0, 0, 0, 335, 0, 0, 0, 0, 0, 0, 0, 0, 0, 0, 0, 0, 417, 0, 0, 0, 0, 0, 0, 0, 0, 0, 0, 0, 0, 280, 0, 0, 0, 0, 0, 0, 0, 0, 0, 0, 0, 0, 343, 0, 0, 0, 0, 0, 0, 0, 0, 0, 0, 0, 330], 'packedBins': {'min': 0, 'size': 0.078125, 'count': 64}}",15.503503585971409,0.9960074950679664,6.112173000440977e-05,"{'packedBins': {'min': 0, 'size': 0.078125, 'count': 64}, '_type': 'histogram', 'values': [399, 0, 0, 0, 0, 0, 0, 0, 0, 0, 0, 0, 277, 0, 0, 0, 0, 0, 0, 0, 0, 0, 0, 0, 0, 351, 0, 0, 0, 0, 0, 0, 0, 0, 0, 0, 0, 0, 334, 0, 0, 0, 0, 0, 0, 0, 0, 0, 0, 0, 0, 376, 0, 0, 0, 0, 0, 0, 0, 0, 0, 0, 0, 311]}",25606.370620551,"{'packedBins': {'count': 64, 'min': 0, 'size': 0.078125}, '_type': 'histogram', 'values': [17834, 0, 0, 0, 0, 0, 0, 0, 0, 0, 0, 0, 19262, 0, 0, 0, 0, 0, 0, 0, 0, 0, 0, 0, 0, 17588, 0, 0, 0, 0, 0, 0, 0, 0, 0, 0, 0, 0, 15434, 0, 0, 0, 0, 0, 0, 0, 0, 0, 0, 0, 0, 15983, 0, 0, 0, 0, 0, 0, 0, 0, 0, 0, 0, 16299]}",0.9950847631582576,0.9994152626370261,1.090488314628601,5185.645982327268,0.9969660877101962,0.9995640946567838,3.6494144582748413,0.9988310453971996,0.9000187516212463,"{'packedBins': {'min': 0, 'size': 0.078125, 'count': 64}, '_type': 'histogram', 'values': [16500, 0, 0, 0, 0, 0, 0, 0, 0, 0, 0, 0, 16426, 0, 0, 0, 0, 0, 0, 0, 0, 0, 0, 0, 0, 18560, 0, 0, 0, 0, 0, 0, 0, 0, 0, 0, 0, 0, 17646, 0, 0, 0, 0, 0, 0, 0, 0, 0, 0, 0, 0, 16781, 0, 0, 0, 0, 0, 0, 0, 0, 0, 0, 0, 16487]}","{'packedBins': {'min': 0, 'size': 0.078125, 'count': 64}, '_type': 'histogram', 'values': [17880, 0, 0, 0, 0, 0, 0, 0, 0, 0, 0, 0, 17223, 0, 0, 0, 0, 0, 0, 0, 0, 0, 0, 0, 0, 16805, 0, 0, 0, 0, 0, 0, 0, 0, 0, 0, 0, 0, 16556, 0, 0, 0, 0, 0, 0, 0, 0, 0, 0, 0, 0, 17292, 0, 0, 0, 0, 0, 0, 0, 0, 0, 0, 0, 16644]}","{'packedBins': {'min': 0, 'size': 0.078125, 'count': 64}, '_type': 'histogram', 'values': [17770, 0, 0, 0, 0, 0, 0, 0, 0, 0, 0, 0, 16656, 0, 0, 0, 0, 0, 0, 0, 0, 0, 0, 0, 0, 17313, 0, 0, 0, 0, 0, 0, 0, 0, 0, 0, 0, 0, 16984, 0, 0, 0, 0, 0, 0, 0, 0, 0, 0, 0, 0, 17891, 0, 0, 0, 0, 0, 0, 0, 0, 0, 0, 0, 15786]}",131072000.0,"{'_type': 'histogram', 'values': [16765, 0, 0, 0, 0, 0, 0, 0, 0, 0, 0, 0, 16911, 0, 0, 0, 0, 0, 0, 0, 0, 0, 0, 0, 0, 18495, 0, 0, 0, 0, 0, 0, 0, 0, 0, 0, 0, 0, 16670, 0, 0, 0, 0, 0, 0, 0, 0, 0, 0, 0, 0, 16393, 0, 0, 0, 0, 0, 0, 0, 0, 0, 0, 0, 17166], 'packedBins': {'count': 64, 'min': 0, 'size': 0.078125}}",1.0836913585662842,1.1162109375,0.9961958470786655,0.997621627223237,1.091894507408142,0.9993980973884354,"{'values': [380, 0, 0, 0, 0, 0, 0, 0, 0, 0, 0, 0, 362, 0, 0, 0, 0, 0, 0, 0, 0, 0, 0, 0, 0, 326, 0, 0, 0, 0, 0, 0, 0, 0, 0, 0, 0, 0, 357, 0, 0, 0, 0, 0, 0, 0, 0, 0, 0, 0, 0, 283, 0, 0, 0, 0, 0, 0, 0, 0, 0, 0, 0, 340], 'packedBins': {'size': 0.078125, 'count': 64, 'min': 0}, '_type': 'histogram'}",1.1286327838897705,1.1711132526397705,1.154296875,12.057328931987286,"{'values': [288, 0, 0, 0, 0, 0, 0, 0, 0, 0, 0, 0, 305, 0, 0, 0, 0, 0, 0, 0, 0, 0, 0, 0, 0, 391, 0, 0, 0, 0, 0, 0, 0, 0, 0, 0, 0, 0, 388, 0, 0, 0, 0, 0, 0, 0, 0, 0, 0, 0, 0, 314, 0, 0, 0, 0, 0, 0, 0, 0, 0, 0, 0, 362], 'packedBins': {'min': 0, 'size': 0.078125, 'count': 64}, '_type': 'histogram'}",1.1455078125,0.9981973949027106
,"{'packedBins': {'count': 64, 'min': 0, 'size': 0.078125}, '_type': 'histogram', 'values': [361, 0, 0, 0, 0, 0, 0, 0, 0, 0, 0, 0, 331, 0, 0, 0, 0, 0, 0, 0, 0, 0, 0, 0, 0, 328, 0, 0, 0, 0, 0, 0, 0, 0, 0, 0, 0, 0, 361, 0, 0, 0, 0, 0, 0, 0, 0, 0, 0, 0, 0, 334, 0, 0, 0, 0, 0, 0, 0, 0, 0, 0, 0, 333]}",0.427529513835907,0.9997399386568818,2020,1.1572265625,2.7175345215015114,,,0.9995324254384536,1.0341796875,1.130859375,1.0751953125,0.9986255946698811,,"{'_type': 'histogram', 'values': [353, 0, 0, 0, 0, 0, 0, 0, 0, 0, 0, 0, 298, 0, 0, 0, 0, 0, 0, 0, 0, 0, 0, 0, 0, 340, 0, 0, 0, 0, 0, 0, 0, 0, 0, 0, 0, 0, 352, 0, 0, 0, 0, 0, 0, 0, 0, 0, 0, 0, 0, 313, 0, 0, 0, 0, 0, 0, 0, 0, 0, 0, 0, 392], 'packedBins': {'count': 64, 'min': 0, 'size': 0.078125}}",1.125,"{'_type': 'histogram', 'values': [328, 0, 0, 0, 0, 0, 0, 0, 0, 0, 0, 0, 362, 0, 0, 0, 0, 0, 0, 0, 0, 0, 0, 0, 0, 369, 0, 0, 0, 0, 0, 0, 0, 0, 0, 0, 0, 0, 299, 0, 0, 0, 0, 0, 0, 0, 0, 0, 0, 0, 0, 328, 0, 0, 0, 0, 0, 0, 0, 0, 0, 0, 0, 362], 'packedBins': {'count': 64, 'min': 0, 'size': 0.078125}}",,0.9978098461699935,,"{'_type': 'histogram', 'values': [358, 0, 0, 0, 0, 0, 0, 0, 0, 0, 0, 0, 381, 0, 0, 0, 0, 0, 0, 0, 0, 0, 0, 0, 0, 320, 0, 0, 0, 0, 0, 0, 0, 0, 0, 0, 0, 0, 312, 0, 0, 0, 0, 0, 0, 0, 0, 0, 0, 0, 0, 330, 0, 0, 0, 0, 0, 0, 0, 0, 0, 0, 0, 347], 'packedBins': {'size': 0.078125, 'count': 64, 'min': 0}}",1784917319.2925863,,,0.9984772949058937,,,,1.0400390625,"{'packedBins': {'min': 0, 'size': 0.078125, 'count': 64}, '_type': 'histogram', 'values': [309, 0, 0, 0, 0, 0, 0, 0, 0, 0, 0, 0, 359, 0, 0, 0, 0, 0, 0, 0, 0, 0, 0, 0, 0, 337, 0, 0, 0, 0, 0, 0, 0, 0, 0, 0, 0, 0, 331, 0, 0, 0, 0, 0, 0, 0, 0, 0, 0, 0, 0, 384, 0, 0, 0, 0, 0, 0, 0, 0, 0, 0, 0, 328]}",,11435.769856,,,0.998775690797093,,1.0576171875,,,0.9971406010708687,"{'_type': 'histogram', 'values': [345, 0, 0, 0, 0, 0, 0, 0, 0, 0, 0, 0, 386, 0, 0, 0, 0, 0, 0, 0, 0, 0, 0, 0, 0, 346, 0, 0, 0, 0, 0, 0, 0, 0, 0, 0, 0, 0, 318, 0, 0, 0, 0, 0, 0, 0, 0, 0, 0, 0, 0, 321, 0, 0, 0, 0, 0, 0, 0, 0, 0, 0, 0, 332], 'packedBins': {'size': 0.078125, 'count': 64, 'min': 0}}",,,,,1.0810546875,"{'_type': 'histogram', 'values': [350, 0, 0, 0, 0, 0, 0, 0, 0, 0, 0, 0, 323, 0, 0, 0, 0, 0, 0, 0, 0, 0, 0, 0, 0, 348, 0, 0, 0, 0, 0, 0, 0, 0, 0, 0, 0, 0, 334, 0, 0, 0, 0, 0, 0, 0, 0, 0, 0, 0, 0, 353, 0, 0, 0, 0, 0, 0, 0, 0, 0, 0, 0, 340], 'packedBins': {'min': 0, 'size': 0.078125, 'count': 64}}",,"{'_type': 'histogram', 'values': [367, 0, 0, 0, 0, 0, 0, 0, 0, 0, 0, 0, 355, 0, 0, 0, 0, 0, 0, 0, 0, 0, 0, 0, 0, 313, 0, 0, 0, 0, 0, 0, 0, 0, 0, 0, 0, 0, 339, 0, 0, 0, 0, 0, 0, 0, 0, 0, 0, 0, 0, 363, 0, 0, 0, 0, 0, 0, 0, 0, 0, 0, 0, 311], 'packedBins': {'count': 64, 'min': 0, 'size': 0.078125}}",,,7805.475328,1.0810546875,"{'_type': 'histogram', 'values': [330, 0, 0, 0, 0, 0, 0, 0, 0, 0, 0, 0, 315, 0, 0, 0, 0, 0, 0, 0, 0, 0, 0, 0, 0, 351, 0, 0, 0, 0, 0, 0, 0, 0, 0, 0, 0, 0, 351, 0, 0, 0, 0, 0, 0, 0, 0, 0, 0, 0, 0, 355, 0, 0, 0, 0, 0, 0, 0, 0, 0, 0, 0, 346], 'packedBins': {'size': 0.078125, 'count': 64, 'min': 0}}",15.14294158639892,0.9998308878616242,5.946191238343026e-05,"{'values': [359, 0, 0, 0, 0, 0, 0, 0, 0, 0, 0, 0, 344, 0, 0, 0, 0, 0, 0, 0, 0, 0, 0, 0, 0, 395, 0, 0, 0, 0, 0, 0, 0, 0, 0, 0, 0, 0, 280, 0, 0, 0, 0, 0, 0, 0, 0, 0, 0, 0, 0, 338, 0, 0, 0, 0, 0, 0, 0, 0, 0, 0, 0, 332], 'packedBins': {'count': 64, 'min': 0, 'size': 0.078125}, '_type': 'histogram'}",25858.504935331,,,,,4390.610134718827,,,,0.9986818807175856,0.8981501769274474,,,,132382720.0,,,1.1162109375,0.9995078086090793,0.9993441399597257,,,"{'_type': 'histogram', 'values': [369, 0, 0, 0, 0, 0, 0, 0, 0, 0, 0, 0, 326, 0, 0, 0, 0, 0, 0, 0, 0, 0, 0, 0, 0, 321, 0, 0, 0, 0, 0, 0, 0, 0, 0, 0, 0, 0, 350, 0, 0, 0, 0, 0, 0, 0, 0, 0, 0, 0, 0, 332, 0, 0, 0, 0, 0, 0, 0, 0, 0, 0, 0, 350], 'packedBins': {'min': 0, 'size': 0.078125, 'count': 64}}",,,1.1484375,12.05570754557848,"{'values': [339, 0, 0, 0, 0, 0, 0, 0, 0, 0, 0, 0, 358, 0, 0, 0, 0, 0, 0, 0, 0, 0, 0, 0, 0, 335, 0, 0, 0, 0, 0, 0, 0, 0, 0, 0, 0, 0, 336, 0, 0, 0, 0, 0, 0, 0, 0, 0, 0, 0, 0, 346, 0, 0, 0, 0, 0, 0, 0, 0, 0, 0, 0, 334], 'packedBins': {'size': 0.078125, 'count': 64, 'min': 0}, '_type': 'histogram'}",1.048828125,0.9987961826442479
,"{'packedBins': {'min': 0, 'size': 0.078125, 'count': 64}, '_type': 'histogram', 'values': [334, 0, 0, 0, 0, 0, 0, 0, 0, 0, 0, 0, 306, 0, 0, 0, 0, 0, 0, 0, 0, 0, 0, 0, 0, 342, 0, 0, 0, 0, 0, 0, 0, 0, 0, 0, 0, 0, 361, 0, 0, 0, 0, 0, 0, 0, 0, 0, 0, 0, 0, 342, 0, 0, 0, 0, 0, 0, 0, 0, 0, 0, 0, 363]}",0.42890575528144836,0.9980281375677694,2040,1.212890625,2.6475894154980777,,,0.9991265138816626,1.16015625,1.1044921875,1.177734375,0.9982892090230797,,"{'values': [308, 0, 0, 0, 0, 0, 0, 0, 0, 0, 0, 0, 388, 0, 0, 0, 0, 0, 0, 0, 0, 0, 0, 0, 0, 283, 0, 0, 0, 0, 0, 0, 0, 0, 0, 0, 0, 0, 408, 0, 0, 0, 0, 0, 0, 0, 0, 0, 0, 0, 0, 330, 0, 0, 0, 0, 0, 0, 0, 0, 0, 0, 0, 331], 'packedBins': {'count': 64, 'min': 0, 'size': 0.078125}, '_type': 'histogram'}",1.1748046875,"{'_type': 'histogram', 'values': [399, 0, 0, 0, 0, 0, 0, 0, 0, 0, 0, 0, 306, 0, 0, 0, 0, 0, 0, 0, 0, 0, 0, 0, 0, 336, 0, 0, 0, 0, 0, 0, 0, 0, 0, 0, 0, 0, 313, 0, 0, 0, 0, 0, 0, 0, 0, 0, 0, 0, 0, 363, 0, 0, 0, 0, 0, 0, 0, 0, 0, 0, 0, 331], 'packedBins': {'min': 0, 'size': 0.078125, 'count': 64}}",,0.9955021847460802,,"{'values': [294, 0, 0, 0, 0, 0, 0, 0, 0, 0, 0, 0, 338, 0, 0, 0, 0, 0, 0, 0, 0, 0, 0, 0, 0, 376, 0, 0, 0, 0, 0, 0, 0, 0, 0, 0, 0, 0, 355, 0, 0, 0, 0, 0, 0, 0, 0, 0, 0, 0, 0, 344, 0, 0, 0, 0, 0, 0, 0, 0, 0, 0, 0, 341], 'packedBins': {'size': 0.078125, 'count': 64, 'min': 0}, '_type': 'histogram'}",1784917571.435973,,,0.997657288359844,,,,1.1484375,"{'_type': 'histogram', 'values': [324, 0, 0, 0, 0, 0, 0, 0, 0, 0, 0, 0, 321, 0, 0, 0, 0, 0, 0, 0, 0, 0, 0, 0, 0, 331, 0, 0, 0, 0, 0, 0, 0, 0, 0, 0, 0, 0, 333, 0, 0, 0, 0, 0, 0, 0, 0, 0, 0, 0, 0, 338, 0, 0, 0, 0, 0, 0, 0, 0, 0, 0, 0, 401], 'packedBins': {'min': 0, 'size': 0.078125, 'count': 64}}",,11435.769856,,,0.9973874346843246,,1.0634765625,,,0.9965324323213807,"{'_type': 'histogram', 'values': [349, 0, 0, 0, 0, 0, 0, 0, 0, 0, 0, 0, 377, 0, 0, 0, 0, 0, 0, 0, 0, 0, 0, 0, 0, 367, 0, 0, 0, 0, 0, 0, 0, 0, 0, 0, 0, 0, 342, 0, 0, 0, 0, 0, 0, 0, 0, 0, 0, 0, 0, 344, 0, 0, 0, 0, 0, 0, 0, 0, 0, 0, 0, 269], 'packedBins': {'min': 0, 'size': 0.078125, 'count': 64}}",,,,,1.1689453125,"{'_type': 'histogram', 'values': [315, 0, 0, 0, 0, 0, 0, 0, 0, 0, 0, 0, 322, 0, 0, 0, 0, 0, 0, 0, 0, 0, 0, 0, 0, 316, 0, 0, 0, 0, 0, 0, 0, 0, 0, 0, 0, 0, 360, 0, 0, 0, 0, 0, 0, 0, 0, 0, 0, 0, 0, 396, 0, 0, 0, 0, 0, 0, 0, 0, 0, 0, 0, 339], 'packedBins': {'size': 0.078125, 'count': 64, 'min': 0}}",,"{'values': [311, 0, 0, 0, 0, 0, 0, 0, 0, 0, 0, 0, 337, 0, 0, 0, 0, 0, 0, 0, 0, 0, 0, 0, 0, 305, 0, 0, 0, 0, 0, 0, 0, 0, 0, 0, 0, 0, 365, 0, 0, 0, 0, 0, 0, 0, 0, 0, 0, 0, 0, 328, 0, 0, 0, 0, 0, 0, 0, 0, 0, 0, 0, 402], 'packedBins': {'min': 0, 'size': 0.078125, 'count': 64}, '_type': 'histogram'}",,,7805.475328,1.0869140625,"{'_type': 'histogram', 'values': [358, 0, 0, 0, 0, 0, 0, 0, 0, 0, 0, 0, 368, 0, 0, 0, 0, 0, 0, 0, 0, 0, 0, 0, 0, 319, 0, 0, 0, 0, 0, 0, 0, 0, 0, 0, 0, 0, 392, 0, 0, 0, 0, 0, 0, 0, 0, 0, 0, 0, 0, 279, 0, 0, 0, 0, 0, 0, 0, 0, 0, 0, 0, 332], 'packedBins': {'count': 64, 'min': 0, 'size': 0.078125}}",14.119960230129708,0.9980186900278474,5.782683045909674e-05,"{'values': [305, 0, 0, 0, 0, 0, 0, 0, 0, 0, 0, 0, 327, 0, 0, 0, 0, 0, 0, 0, 0, 0, 0, 0, 0, 328, 0, 0, 0, 0, 0, 0, 0, 0, 0, 0, 0, 0, 306, 0, 0, 0, 0, 0, 0, 0, 0, 0, 0, 0, 0, 368, 0, 0, 0, 0, 0, 0, 0, 0, 0, 0, 0, 414], 'packedBins': {'size': 0.078125, 'count': 64, 'min': 0}, '_type': 'histogram'}",26111.117030051,,,,,5201.184095132107,,,,0.9985160165131798,0.8781933413818479,,,,133693440.0,,,1.1015625,0.9967427398826029,0.999138156976637,,,"{'values': [346, 0, 0, 0, 0, 0, 0, 0, 0, 0, 0, 0, 371, 0, 0, 0, 0, 0, 0, 0, 0, 0, 0, 0, 0, 358, 0, 0, 0, 0, 0, 0, 0, 0, 0, 0, 0, 0, 318, 0, 0, 0, 0, 0, 0, 0, 0, 0, 0, 0, 0, 322, 0, 0, 0, 0, 0, 0, 0, 0, 0, 0, 0, 333], 'packedBins': {'min': 0, 'size': 0.078125, 'count': 64}, '_type': 'histogram'}",,,1.1953125,12.054348509013654,"{'values': [308, 0, 0, 0, 0, 0, 0, 0, 0, 0, 0, 0, 363, 0, 0, 0, 0, 0, 0, 0, 0, 0, 0, 0, 0, 339, 0, 0, 0, 0, 0, 0, 0, 0, 0, 0, 0, 0, 309, 0, 0, 0, 0, 0, 0, 0, 0, 0, 0, 0, 0, 390, 0, 0, 0, 0, 0, 0, 0, 0, 0, 0, 0, 339], 'packedBins': {'min': 0, 'size': 0.078125, 'count': 64}, '_type': 'histogram'}",1.142578125,0.9969720090556403
,"{'_type': 'histogram', 'values': [333, 0, 0, 0, 0, 0, 0, 0, 0, 0, 0, 0, 312, 0, 0, 0, 0, 0, 0, 0, 0, 0, 0, 0, 0, 375, 0, 0, 0, 0, 0, 0, 0, 0, 0, 0, 0, 0, 358, 0, 0, 0, 0, 0, 0, 0, 0, 0, 0, 0, 0, 355, 0, 0, 0, 0, 0, 0, 0, 0, 0, 0, 0, 315], 'packedBins': {'min': 0, 'size': 0.078125, 'count': 64}}",0.42667156457901,0.9984010492668046,2060,1.0458984375,2.7226805521175264,,,0.9987130842121168,1.11328125,1.1044921875,1.1220703125,0.9995595704827366,,"{'packedBins': {'count': 64, 'min': 0, 'size': 0.078125}, '_type': 'histogram', 'values': [331, 0, 0, 0, 0, 0, 0, 0, 0, 0, 0, 0, 354, 0, 0, 0, 0, 0, 0, 0, 0, 0, 0, 0, 0, 356, 0, 0, 0, 0, 0, 0, 0, 0, 0, 0, 0, 0, 371, 0, 0, 0, 0, 0, 0, 0, 0, 0, 0, 0, 0, 342, 0, 0, 0, 0, 0, 0, 0, 0, 0, 0, 0, 294]}",1.0458984375,"{'_type': 'histogram', 'values': [384, 0, 0, 0, 0, 0, 0, 0, 0, 0, 0, 0, 348, 0, 0, 0, 0, 0, 0, 0, 0, 0, 0, 0, 0, 324, 0, 0, 0, 0, 0, 0, 0, 0, 0, 0, 0, 0, 296, 0, 0, 0, 0, 0, 0, 0, 0, 0, 0, 0, 0, 363, 0, 0, 0, 0, 0, 0, 0, 0, 0, 0, 0, 333], 'packedBins': {'min': 0, 'size': 0.078125, 'count': 64}}",,0.9985284579918094,,"{'_type': 'histogram', 'values': [347, 0, 0, 0, 0, 0, 0, 0, 0, 0, 0, 0, 319, 0, 0, 0, 0, 0, 0, 0, 0, 0, 0, 0, 0, 311, 0, 0, 0, 0, 0, 0, 0, 0, 0, 0, 0, 0, 370, 0, 0, 0, 0, 0, 0, 0, 0, 0, 0, 0, 0, 387, 0, 0, 0, 0, 0, 0, 0, 0, 0, 0, 0, 314], 'packedBins': {'size': 0.078125, 'count': 64, 'min': 0}}",1784917824.0478384,,,0.9980913429404873,,,,1.0546875,"{'_type': 'histogram', 'values': [323, 0, 0, 0, 0, 0, 0, 0, 0, 0, 0, 0, 339, 0, 0, 0, 0, 0, 0, 0, 0, 0, 0, 0, 0, 357, 0, 0, 0, 0, 0, 0, 0, 0, 0, 0, 0, 0, 325, 0, 0, 0, 0, 0, 0, 0, 0, 0, 0, 0, 0, 355, 0, 0, 0, 0, 0, 0, 0, 0, 0, 0, 0, 349], 'packedBins': {'min': 0, 'size': 0.078125, 'count': 64}}",,11435.769856,,,0.9975246236091079,,1.0986328125,,,0.9996284310730134,"{'_type': 'histogram', 'values': [371, 0, 0, 0, 0, 0, 0, 0, 0, 0, 0, 0, 328, 0, 0, 0, 0, 0, 0, 0, 0, 0, 0, 0, 0, 344, 0, 0, 0, 0, 0, 0, 0, 0, 0, 0, 0, 0, 341, 0, 0, 0, 0, 0, 0, 0, 0, 0, 0, 0, 0, 287, 0, 0, 0, 0, 0, 0, 0, 0, 0, 0, 0, 377], 'packedBins': {'min': 0, 'size': 0.078125, 'count': 64}}",,,,,1.125,"{'_type': 'histogram', 'values': [361, 0, 0, 0, 0, 0, 0, 0, 0, 0, 0, 0, 346, 0, 0, 0, 0, 0, 0, 0, 0, 0, 0, 0, 0, 380, 0, 0, 0, 0, 0, 0, 0, 0, 0, 0, 0, 0, 333, 0, 0, 0, 0, 0, 0, 0, 0, 0, 0, 0, 0, 298, 0, 0, 0, 0, 0, 0, 0, 0, 0, 0, 0, 330], 'packedBins': {'min': 0, 'size': 0.078125, 'count': 64}}",,"{'_type': 'histogram', 'values': [355, 0, 0, 0, 0, 0, 0, 0, 0, 0, 0, 0, 341, 0, 0, 0, 0, 0, 0, 0, 0, 0, 0, 0, 0, 365, 0, 0, 0, 0, 0, 0, 0, 0, 0, 0, 0, 0, 286, 0, 0, 0, 0, 0, 0, 0, 0, 0, 0, 0, 0, 318, 0, 0, 0, 0, 0, 0, 0, 0, 0, 0, 0, 383], 'packedBins': {'min': 0, 'size': 0.078125, 'count': 64}}",,,7805.475328,1.0810546875,"{'values': [349, 0, 0, 0, 0, 0, 0, 0, 0, 0, 0, 0, 355, 0, 0, 0, 0, 0, 0, 0, 0, 0, 0, 0, 0, 360, 0, 0, 0, 0, 0, 0, 0, 0, 0, 0, 0, 0, 305, 0, 0, 0, 0, 0, 0, 0, 0, 0, 0, 0, 0, 354, 0, 0, 0, 0, 0, 0, 0, 0, 0, 0, 0, 325], 'packedBins': {'min': 0, 'size': 0.078125, 'count': 64}, '_type': 'histogram'}",15.2210684766932,0.9992532572869547,5.621728451674611e-05,"{'values': [330, 0, 0, 0, 0, 0, 0, 0, 0, 0, 0, 0, 357, 0, 0, 0, 0, 0, 0, 0, 0, 0, 0, 0, 0, 357, 0, 0, 0, 0, 0, 0, 0, 0, 0, 0, 0, 0, 324, 0, 0, 0, 0, 0, 0, 0, 0, 0, 0, 0, 0, 342, 0, 0, 0, 0, 0, 0, 0, 0, 0, 0, 0, 338], 'packedBins': {'min': 0, 'size': 0.078125, 'count': 64}, '_type': 'histogram'}",26363.076976144,,,,,5191.340091041025,,,,0.9979815651878721,0.9058202912565321,,,,135004160.0,,,1.1337890625,0.9990483388154063,0.9995510543904125,,,"{'_type': 'histogram', 'values': [337, 0, 0, 0, 0, 0, 0, 0, 0, 0, 0, 0, 329, 0, 0, 0, 0, 0, 0, 0, 0, 0, 0, 0, 0, 334, 0, 0, 0, 0, 0, 0, 0, 0, 0, 0, 0, 0, 331, 0, 0, 0, 0, 0, 0, 0, 0, 0, 0, 0, 0, 348, 0, 0, 0, 0, 0, 0, 0, 0, 0, 0, 0, 369], 'packedBins': {'min': 0, 'size': 0.078125, 'count': 64}}",,,1.0869140625,12.055915752053261,"{'_type': 'histogram', 'values': [364, 0, 0, 0, 0, 0, 0, 0, 0, 0, 0, 0, 331, 0, 0, 0, 0, 0, 0, 0, 0, 0, 0, 0, 0, 340, 0, 0, 0, 0, 0, 0, 0, 0, 0, 0, 0, 0, 343, 0, 0, 0, 0, 0, 0, 0, 0, 0, 0, 0, 0, 311, 0, 0, 0, 0, 0, 0, 0, 0, 0, 0, 0, 359], 'packedBins': {'min': 0, 'size': 0.078125, 'count': 64}}",1.06640625,0.9978461726263134
,"{'packedBins': {'min': 0, 'size': 0.078125, 'count': 64}, '_type': 'histogram', 'values': [378, 0, 0, 0, 0, 0, 0, 0, 0, 0, 0, 0, 337, 0, 0, 0, 0, 0, 0, 0, 0, 0, 0, 0, 0, 301, 0, 0, 0, 0, 0, 0, 0, 0, 0, 0, 0, 0, 413, 0, 0, 0, 0, 0, 0, 0, 0, 0, 0, 0, 0, 292, 0, 0, 0, 0, 0, 0, 0, 0, 0, 0, 0, 327]}",0.44124120473861694,0.9942592344585915,2080,1.1337890625,2.6904076245613395,,,0.9957720384215997,1.2802734375,1.25390625,1.1572265625,0.9953844231569112,,"{'values': [384, 0, 0, 0, 0, 0, 0, 0, 0, 0, 0, 0, 351, 0, 0, 0, 0, 0, 0, 0, 0, 0, 0, 0, 0, 367, 0, 0, 0, 0, 0, 0, 0, 0, 0, 0, 0, 0, 316, 0, 0, 0, 0, 0, 0, 0, 0, 0, 0, 0, 0, 302, 0, 0, 0, 0, 0, 0, 0, 0, 0, 0, 0, 328], 'packedBins': {'size': 0.078125, 'count': 64, 'min': 0}, '_type': 'histogram'}",1.212890625,"{'_type': 'histogram', 'values': [372, 0, 0, 0, 0, 0, 0, 0, 0, 0, 0, 0, 290, 0, 0, 0, 0, 0, 0, 0, 0, 0, 0, 0, 0, 343, 0, 0, 0, 0, 0, 0, 0, 0, 0, 0, 0, 0, 274, 0, 0, 0, 0, 0, 0, 0, 0, 0, 0, 0, 0, 388, 0, 0, 0, 0, 0, 0, 0, 0, 0, 0, 0, 381], 'packedBins': {'min': 0, 'size': 0.078125, 'count': 64}}",,0.9980307988466207,,"{'_type': 'histogram', 'values': [290, 0, 0, 0, 0, 0, 0, 0, 0, 0, 0, 0, 357, 0, 0, 0, 0, 0, 0, 0, 0, 0, 0, 0, 0, 381, 0, 0, 0, 0, 0, 0, 0, 0, 0, 0, 0, 0, 298, 0, 0, 0, 0, 0, 0, 0, 0, 0, 0, 0, 0, 281, 0, 0, 0, 0, 0, 0, 0, 0, 0, 0, 0, 441], 'packedBins': {'size': 0.078125, 'count': 64, 'min': 0}}",1784918076.0079799,,,0.995145772975923,,,,1.0986328125,"{'_type': 'histogram', 'values': [265, 0, 0, 0, 0, 0, 0, 0, 0, 0, 0, 0, 343, 0, 0, 0, 0, 0, 0, 0, 0, 0, 0, 0, 0, 337, 0, 0, 0, 0, 0, 0, 0, 0, 0, 0, 0, 0, 356, 0, 0, 0, 0, 0, 0, 0, 0, 0, 0, 0, 0, 333, 0, 0, 0, 0, 0, 0, 0, 0, 0, 0, 0, 414], 'packedBins': {'size': 0.078125, 'count': 64, 'min': 0}}",,11435.769856,,,0.9968414733279852,,1.2099609375,,,0.9954451003147203,"{'_type': 'histogram', 'values': [351, 0, 0, 0, 0, 0, 0, 0, 0, 0, 0, 0, 306, 0, 0, 0, 0, 0, 0, 0, 0, 0, 0, 0, 0, 352, 0, 0, 0, 0, 0, 0, 0, 0, 0, 0, 0, 0, 347, 0, 0, 0, 0, 0, 0, 0, 0, 0, 0, 0, 0, 264, 0, 0, 0, 0, 0, 0, 0, 0, 0, 0, 0, 428], 'packedBins': {'size': 0.078125, 'count': 64, 'min': 0}}",,,,,1.13671875,"{'_type': 'histogram', 'values': [302, 0, 0, 0, 0, 0, 0, 0, 0, 0, 0, 0, 312, 0, 0, 0, 0, 0, 0, 0, 0, 0, 0, 0, 0, 378, 0, 0, 0, 0, 0, 0, 0, 0, 0, 0, 0, 0, 303, 0, 0, 0, 0, 0, 0, 0, 0, 0, 0, 0, 0, 316, 0, 0, 0, 0, 0, 0, 0, 0, 0, 0, 0, 437], 'packedBins': {'min': 0, 'size': 0.078125, 'count': 64}}",,"{'_type': 'histogram', 'values': [335, 0, 0, 0, 0, 0, 0, 0, 0, 0, 0, 0, 276, 0, 0, 0, 0, 0, 0, 0, 0, 0, 0, 0, 0, 395, 0, 0, 0, 0, 0, 0, 0, 0, 0, 0, 0, 0, 354, 0, 0, 0, 0, 0, 0, 0, 0, 0, 0, 0, 0, 358, 0, 0, 0, 0, 0, 0, 0, 0, 0, 0, 0, 330], 'packedBins': {'min': 0, 'size': 0.078125, 'count': 64}}",,,7805.475328,1.154296875,"{'_type': 'histogram', 'values': [375, 0, 0, 0, 0, 0, 0, 0, 0, 0, 0, 0, 325, 0, 0, 0, 0, 0, 0, 0, 0, 0, 0, 0, 0, 322, 0, 0, 0, 0, 0, 0, 0, 0, 0, 0, 0, 0, 349, 0, 0, 0, 0, 0, 0, 0, 0, 0, 0, 0, 0, 351, 0, 0, 0, 0, 0, 0, 0, 0, 0, 0, 0, 326], 'packedBins': {'min': 0, 'size': 0.078125, 'count': 64}}",14.737682137435057,0.9987219329642972,5.4634062343214866e-05,"{'values': [358, 0, 0, 0, 0, 0, 0, 0, 0, 0, 0, 0, 359, 0, 0, 0, 0, 0, 0, 0, 0, 0, 0, 0, 0, 387, 0, 0, 0, 0, 0, 0, 0, 0, 0, 0, 0, 0, 253, 0, 0, 0, 0, 0, 0, 0, 0, 0, 0, 0, 0, 335, 0, 0, 0, 0, 0, 0, 0, 0, 0, 0, 0, 356], 'packedBins': {'min': 0, 'size': 0.078125, 'count': 64}, '_type': 'histogram'}",26613.80395655,,,,,5204.784079456148,,,,0.9922312069099761,0.8905711397528648,,,,136314880.0,,,1.2919921875,0.9991458746853057,0.9980125025545182,,,"{'values': [329, 0, 0, 0, 0, 0, 0, 0, 0, 0, 0, 0, 335, 0, 0, 0, 0, 0, 0, 0, 0, 0, 0, 0, 0, 300, 0, 0, 0, 0, 0, 0, 0, 0, 0, 0, 0, 0, 358, 0, 0, 0, 0, 0, 0, 0, 0, 0, 0, 0, 0, 332, 0, 0, 0, 0, 0, 0, 0, 0, 0, 0, 0, 394], 'packedBins': {'min': 0, 'size': 0.078125, 'count': 64}, '_type': 'histogram'}",,,1.125,12.056576795876026,"{'values': [352, 0, 0, 0, 0, 0, 0, 0, 0, 0, 0, 0, 355, 0, 0, 0, 0, 0, 0, 0, 0, 0, 0, 0, 0, 374, 0, 0, 0, 0, 0, 0, 0, 0, 0, 0, 0, 0, 303, 0, 0, 0, 0, 0, 0, 0, 0, 0, 0, 0, 0, 323, 0, 0, 0, 0, 0, 0, 0, 0, 0, 0, 0, 341], 'packedBins': {'min': 0, 'size': 0.078125, 'count': 64}, '_type': 'histogram'}",1.095703125,0.9940248423237653
,"{'_type': 'histogram', 'values': [352, 0, 0, 0, 0, 0, 0, 0, 0, 0, 0, 0, 357, 0, 0, 0, 0, 0, 0, 0, 0, 0, 0, 0, 0, 311, 0, 0, 0, 0, 0, 0, 0, 0, 0, 0, 0, 0, 338, 0, 0, 0, 0, 0, 0, 0, 0, 0, 0, 0, 0, 375, 0, 0, 0, 0, 0, 0, 0, 0, 0, 0, 0, 315], 'packedBins': {'size': 0.078125, 'count': 64, 'min': 0}}",0.4376539885997772,0.9952743792764109,2100,1.0927734375,2.752650097198784,,,0.9987528037989721,1.1748046875,1.060546875,1.119140625,0.9985331152297992,,"{'values': [348, 0, 0, 0, 0, 0, 0, 0, 0, 0, 0, 0, 329, 0, 0, 0, 0, 0, 0, 0, 0, 0, 0, 0, 0, 379, 0, 0, 0, 0, 0, 0, 0, 0, 0, 0, 0, 0, 357, 0, 0, 0, 0, 0, 0, 0, 0, 0, 0, 0, 0, 305, 0, 0, 0, 0, 0, 0, 0, 0, 0, 0, 0, 330], 'packedBins': {'count': 64, 'min': 0, 'size': 0.078125}, '_type': 'histogram'}",1.0986328125,"{'_type': 'histogram', 'values': [319, 0, 0, 0, 0, 0, 0, 0, 0, 0, 0, 0, 410, 0, 0, 0, 0, 0, 0, 0, 0, 0, 0, 0, 0, 315, 0, 0, 0, 0, 0, 0, 0, 0, 0, 0, 0, 0, 329, 0, 0, 0, 0, 0, 0, 0, 0, 0, 0, 0, 0, 330, 0, 0, 0, 0, 0, 0, 0, 0, 0, 0, 0, 345], 'packedBins': {'min': 0, 'size': 0.078125, 'count': 64}}",,0.9986792194387343,,"{'_type': 'histogram', 'values': [325, 0, 0, 0, 0, 0, 0, 0, 0, 0, 0, 0, 349, 0, 0, 0, 0, 0, 0, 0, 0, 0, 0, 0, 0, 347, 0, 0, 0, 0, 0, 0, 0, 0, 0, 0, 0, 0, 336, 0, 0, 0, 0, 0, 0, 0, 0, 0, 0, 0, 0, 336, 0, 0, 0, 0, 0, 0, 0, 0, 0, 0, 0, 355], 'packedBins': {'count': 64, 'min': 0, 'size': 0.078125}}",1784918326.735118,,,0.9976261513972842,,,,1.078125,"{'values': [331, 0, 0, 0, 0, 0, 0, 0, 0, 0, 0, 0, 375, 0, 0, 0, 0, 0, 0, 0, 0, 0, 0, 0, 0, 316, 0, 0, 0, 0, 0, 0, 0, 0, 0, 0, 0, 0, 354, 0, 0, 0, 0, 0, 0, 0, 0, 0, 0, 0, 0, 308, 0, 0, 0, 0, 0, 0, 0, 0, 0, 0, 0, 364], 'packedBins': {'min': 0, 'size': 0.078125, 'count': 64}, '_type': 'histogram'}",,11435.769856,,,0.9989781475857039,,1.0986328125,,,0.9988029689053186,"{'_type': 'histogram', 'values': [328, 0, 0, 0, 0, 0, 0, 0, 0, 0, 0, 0, 319, 0, 0, 0, 0, 0, 0, 0, 0, 0, 0, 0, 0, 348, 0, 0, 0, 0, 0, 0, 0, 0, 0, 0, 0, 0, 362, 0, 0, 0, 0, 0, 0, 0, 0, 0, 0, 0, 0, 329, 0, 0, 0, 0, 0, 0, 0, 0, 0, 0, 0, 362], 'packedBins': {'size': 0.078125, 'count': 64, 'min': 0}}",,,,,1.201171875,"{'_type': 'histogram', 'values': [390, 0, 0, 0, 0, 0, 0, 0, 0, 0, 0, 0, 275, 0, 0, 0, 0, 0, 0, 0, 0, 0, 0, 0, 0, 401, 0, 0, 0, 0, 0, 0, 0, 0, 0, 0, 0, 0, 351, 0, 0, 0, 0, 0, 0, 0, 0, 0, 0, 0, 0, 319, 0, 0, 0, 0, 0, 0, 0, 0, 0, 0, 0, 312], 'packedBins': {'min': 0, 'size': 0.078125, 'count': 64}}",,"{'_type': 'histogram', 'values': [322, 0, 0, 0, 0, 0, 0, 0, 0, 0, 0, 0, 326, 0, 0, 0, 0, 0, 0, 0, 0, 0, 0, 0, 0, 343, 0, 0, 0, 0, 0, 0, 0, 0, 0, 0, 0, 0, 350, 0, 0, 0, 0, 0, 0, 0, 0, 0, 0, 0, 0, 382, 0, 0, 0, 0, 0, 0, 0, 0, 0, 0, 0, 325], 'packedBins': {'min': 0, 'size': 0.078125, 'count': 64}}",,,7805.475328,1.1806640625,"{'_type': 'histogram', 'values': [348, 0, 0, 0, 0, 0, 0, 0, 0, 0, 0, 0, 368, 0, 0, 0, 0, 0, 0, 0, 0, 0, 0, 0, 0, 359, 0, 0, 0, 0, 0, 0, 0, 0, 0, 0, 0, 0, 334, 0, 0, 0, 0, 0, 0, 0, 0, 0, 0, 0, 0, 321, 0, 0, 0, 0, 0, 0, 0, 0, 0, 0, 0, 318], 'packedBins': {'min': 0, 'size': 0.078125, 'count': 64}}",15.684141356901282,0.9979439746240978,5.307793884125961e-05,"{'_type': 'histogram', 'values': [348, 0, 0, 0, 0, 0, 0, 0, 0, 0, 0, 0, 309, 0, 0, 0, 0, 0, 0, 0, 0, 0, 0, 0, 0, 318, 0, 0, 0, 0, 0, 0, 0, 0, 0, 0, 0, 0, 340, 0, 0, 0, 0, 0, 0, 0, 0, 0, 0, 0, 0, 373, 0, 0, 0, 0, 0, 0, 0, 0, 0, 0, 0, 360], 'packedBins': {'min': 0, 'size': 0.078125, 'count': 64}}",26862.792363883,,,,,5230.394902274613,,,,0.9997592994605249,0.9079962969757617,,,,137625600.0,,,1.0400390625,0.9991706245786225,0.9970855125986473,,,"{'_type': 'histogram', 'values': [403, 0, 0, 0, 0, 0, 0, 0, 0, 0, 0, 0, 291, 0, 0, 0, 0, 0, 0, 0, 0, 0, 0, 0, 0, 330, 0, 0, 0, 0, 0, 0, 0, 0, 0, 0, 0, 0, 331, 0, 0, 0, 0, 0, 0, 0, 0, 0, 0, 0, 0, 366, 0, 0, 0, 0, 0, 0, 0, 0, 0, 0, 0, 327], 'packedBins': {'min': 0, 'size': 0.078125, 'count': 64}}",,,1.1103515625,12.0563649892807,"{'packedBins': {'min': 0, 'size': 0.078125, 'count': 64}, '_type': 'histogram', 'values': [347, 0, 0, 0, 0, 0, 0, 0, 0, 0, 0, 0, 350, 0, 0, 0, 0, 0, 0, 0, 0, 0, 0, 0, 0, 328, 0, 0, 0, 0, 0, 0, 0, 0, 0, 0, 0, 0, 333, 0, 0, 0, 0, 0, 0, 0, 0, 0, 0, 0, 0, 296, 0, 0, 0, 0, 0, 0, 0, 0, 0, 0, 0, 394]}",1.154296875,0.9993111401019699
,"{'_type': 'histogram', 'values': [292, 0, 0, 0, 0, 0, 0, 0, 0, 0, 0, 0, 276, 0, 0, 0, 0, 0, 0, 0, 0, 0, 0, 0, 0, 370, 0, 0, 0, 0, 0, 0, 0, 0, 0, 0, 0, 0, 394, 0, 0, 0, 0, 0, 0, 0, 0, 0, 0, 0, 0, 330, 0, 0, 0, 0, 0, 0, 0, 0, 0, 0, 0, 386], 'packedBins': {'min': 0, 'size': 0.078125, 'count': 64}}",0.42599210143089294,0.9969649566666845,2120,1.1572265625,2.784027953632176,,,0.9949643402902373,1.13671875,1.0693359375,1.1220703125,0.9949972070840505,,"{'values': [366, 0, 0, 0, 0, 0, 0, 0, 0, 0, 0, 0, 343, 0, 0, 0, 0, 0, 0, 0, 0, 0, 0, 0, 0, 349, 0, 0, 0, 0, 0, 0, 0, 0, 0, 0, 0, 0, 341, 0, 0, 0, 0, 0, 0, 0, 0, 0, 0, 0, 0, 320, 0, 0, 0, 0, 0, 0, 0, 0, 0, 0, 0, 329], 'packedBins': {'count': 64, 'min': 0, 'size': 0.078125}, '_type': 'histogram'}",1.142578125,"{'_type': 'histogram', 'values': [371, 0, 0, 0, 0, 0, 0, 0, 0, 0, 0, 0, 330, 0, 0, 0, 0, 0, 0, 0, 0, 0, 0, 0, 0, 331, 0, 0, 0, 0, 0, 0, 0, 0, 0, 0, 0, 0, 370, 0, 0, 0, 0, 0, 0, 0, 0, 0, 0, 0, 0, 328, 0, 0, 0, 0, 0, 0, 0, 0, 0, 0, 0, 318], 'packedBins': {'min': 0, 'size': 0.078125, 'count': 64}}",,0.9994913752121726,,"{'_type': 'histogram', 'values': [305, 0, 0, 0, 0, 0, 0, 0, 0, 0, 0, 0, 375, 0, 0, 0, 0, 0, 0, 0, 0, 0, 0, 0, 0, 342, 0, 0, 0, 0, 0, 0, 0, 0, 0, 0, 0, 0, 366, 0, 0, 0, 0, 0, 0, 0, 0, 0, 0, 0, 0, 353, 0, 0, 0, 0, 0, 0, 0, 0, 0, 0, 0, 307], 'packedBins': {'size': 0.078125, 'count': 64, 'min': 0}}",1784918575.723543,,,0.9989499380298804,,,,1.1279296875,"{'_type': 'histogram', 'values': [313, 0, 0, 0, 0, 0, 0, 0, 0, 0, 0, 0, 293, 0, 0, 0, 0, 0, 0, 0, 0, 0, 0, 0, 0, 383, 0, 0, 0, 0, 0, 0, 0, 0, 0, 0, 0, 0, 284, 0, 0, 0, 0, 0, 0, 0, 0, 0, 0, 0, 0, 385, 0, 0, 0, 0, 0, 0, 0, 0, 0, 0, 0, 390], 'packedBins': {'count': 64, 'min': 0, 'size': 0.078125}}",,11435.769856,,,0.9981530846098369,,1.154296875,,,0.996131776790321,"{'_type': 'histogram', 'values': [349, 0, 0, 0, 0, 0, 0, 0, 0, 0, 0, 0, 365, 0, 0, 0, 0, 0, 0, 0, 0, 0, 0, 0, 0, 334, 0, 0, 0, 0, 0, 0, 0, 0, 0, 0, 0, 0, 342, 0, 0, 0, 0, 0, 0, 0, 0, 0, 0, 0, 0, 295, 0, 0, 0, 0, 0, 0, 0, 0, 0, 0, 0, 363], 'packedBins': {'min': 0, 'size': 0.078125, 'count': 64}}",,,,,1.0869140625,"{'_type': 'histogram', 'values': [279, 0, 0, 0, 0, 0, 0, 0, 0, 0, 0, 0, 363, 0, 0, 0, 0, 0, 0, 0, 0, 0, 0, 0, 0, 336, 0, 0, 0, 0, 0, 0, 0, 0, 0, 0, 0, 0, 388, 0, 0, 0, 0, 0, 0, 0, 0, 0, 0, 0, 0, 320, 0, 0, 0, 0, 0, 0, 0, 0, 0, 0, 0, 362], 'packedBins': {'min': 0, 'size': 0.078125, 'count': 64}}",,"{'values': [383, 0, 0, 0, 0, 0, 0, 0, 0, 0, 0, 0, 315, 0, 0, 0, 0, 0, 0, 0, 0, 0, 0, 0, 0, 322, 0, 0, 0, 0, 0, 0, 0, 0, 0, 0, 0, 0, 356, 0, 0, 0, 0, 0, 0, 0, 0, 0, 0, 0, 0, 308, 0, 0, 0, 0, 0, 0, 0, 0, 0, 0, 0, 364], 'packedBins': {'min': 0, 'size': 0.078125, 'count': 64}, '_type': 'histogram'}",,,7805.475328,1.171875,"{'_type': 'histogram', 'values': [319, 0, 0, 0, 0, 0, 0, 0, 0, 0, 0, 0, 367, 0, 0, 0, 0, 0, 0, 0, 0, 0, 0, 0, 0, 385, 0, 0, 0, 0, 0, 0, 0, 0, 0, 0, 0, 0, 295, 0, 0, 0, 0, 0, 0, 0, 0, 0, 0, 0, 0, 332, 0, 0, 0, 0, 0, 0, 0, 0, 0, 0, 0, 350], 'packedBins': {'size': 0.078125, 'count': 64, 'min': 0}}",16.184078553551423,0.9981264718213241,5.154967565028349e-05,"{'values': [388, 0, 0, 0, 0, 0, 0, 0, 0, 0, 0, 0, 349, 0, 0, 0, 0, 0, 0, 0, 0, 0, 0, 0, 0, 315, 0, 0, 0, 0, 0, 0, 0, 0, 0, 0, 0, 0, 395, 0, 0, 0, 0, 0, 0, 0, 0, 0, 0, 0, 0, 284, 0, 0, 0, 0, 0, 0, 0, 0, 0, 0, 0, 317], 'packedBins': {'min': 0, 'size': 0.078125, 'count': 64}, '_type': 'histogram'}",27109.490809907,,,,,5266.954359837444,,,,0.9982367152977383,0.9218639194499701,,,,138936320.0,,,1.0986328125,0.9978457069025144,0.994313391483215,,,"{'values': [272, 0, 0, 0, 0, 0, 0, 0, 0, 0, 0, 0, 400, 0, 0, 0, 0, 0, 0, 0, 0, 0, 0, 0, 0, 384, 0, 0, 0, 0, 0, 0, 0, 0, 0, 0, 0, 0, 293, 0, 0, 0, 0, 0, 0, 0, 0, 0, 0, 0, 0, 322, 0, 0, 0, 0, 0, 0, 0, 0, 0, 0, 0, 377], 'packedBins': {'min': 0, 'size': 0.078125, 'count': 64}, '_type': 'histogram'}",,,1.072265625,12.05979415923357,"{'_type': 'histogram', 'values': [368, 0, 0, 0, 0, 0, 0, 0, 0, 0, 0, 0, 321, 0, 0, 0, 0, 0, 0, 0, 0, 0, 0, 0, 0, 388, 0, 0, 0, 0, 0, 0, 0, 0, 0, 0, 0, 0, 312, 0, 0, 0, 0, 0, 0, 0, 0, 0, 0, 0, 0, 342, 0, 0, 0, 0, 0, 0, 0, 0, 0, 0, 0, 317], 'packedBins': {'count': 64, 'min': 0, 'size': 0.078125}}",1.13671875,0.998654136885561
,"{'_type': 'histogram', 'values': [325, 0, 0, 0, 0, 0, 0, 0, 0, 0, 0, 0, 368, 0, 0, 0, 0, 0, 0, 0, 0, 0, 0, 0, 0, 387, 0, 0, 0, 0, 0, 0, 0, 0, 0, 0, 0, 0, 352, 0, 0, 0, 0, 0, 0, 0, 0, 0, 0, 0, 0, 320, 0, 0, 0, 0, 0, 0, 0, 0, 0, 0, 0, 296], 'packedBins': {'min': 0, 'size': 0.078125, 'count': 64}}",0.4333125650882721,0.999390446211738,2140,1.130859375,2.730513441748917,,,0.9977274795895464,1.078125,1.201171875,1.2275390625,0.999608271885715,,"{'values': [418, 0, 0, 0, 0, 0, 0, 0, 0, 0, 0, 0, 342, 0, 0, 0, 0, 0, 0, 0, 0, 0, 0, 0, 0, 359, 0, 0, 0, 0, 0, 0, 0, 0, 0, 0, 0, 0, 287, 0, 0, 0, 0, 0, 0, 0, 0, 0, 0, 0, 0, 320, 0, 0, 0, 0, 0, 0, 0, 0, 0, 0, 0, 322], 'packedBins': {'count': 64, 'min': 0, 'size': 0.078125}, '_type': 'histogram'}",1.06640625,"{'_type': 'histogram', 'values': [351, 0, 0, 0, 0, 0, 0, 0, 0, 0, 0, 0, 328, 0, 0, 0, 0, 0, 0, 0, 0, 0, 0, 0, 0, 315, 0, 0, 0, 0, 0, 0, 0, 0, 0, 0, 0, 0, 348, 0, 0, 0, 0, 0, 0, 0, 0, 0, 0, 0, 0, 397, 0, 0, 0, 0, 0, 0, 0, 0, 0, 0, 0, 309], 'packedBins': {'size': 0.078125, 'count': 64, 'min': 0}}",,0.996105097469837,,"{'_type': 'histogram', 'values': [300, 0, 0, 0, 0, 0, 0, 0, 0, 0, 0, 0, 307, 0, 0, 0, 0, 0, 0, 0, 0, 0, 0, 0, 0, 291, 0, 0, 0, 0, 0, 0, 0, 0, 0, 0, 0, 0, 402, 0, 0, 0, 0, 0, 0, 0, 0, 0, 0, 0, 0, 366, 0, 0, 0, 0, 0, 0, 0, 0, 0, 0, 0, 382], 'packedBins': {'size': 0.078125, 'count': 64, 'min': 0}}",1784918822.4215753,,,0.9979833615510967,,,,1.1279296875,"{'values': [333, 0, 0, 0, 0, 0, 0, 0, 0, 0, 0, 0, 332, 0, 0, 0, 0, 0, 0, 0, 0, 0, 0, 0, 0, 331, 0, 0, 0, 0, 0, 0, 0, 0, 0, 0, 0, 0, 364, 0, 0, 0, 0, 0, 0, 0, 0, 0, 0, 0, 0, 354, 0, 0, 0, 0, 0, 0, 0, 0, 0, 0, 0, 334], 'packedBins': {'min': 0, 'size': 0.078125, 'count': 64}, '_type': 'histogram'}",,11435.769856,,,0.9967769373158417,,1.1337890625,,,0.9975652081115899,"{'_type': 'histogram', 'values': [321, 0, 0, 0, 0, 0, 0, 0, 0, 0, 0, 0, 352, 0, 0, 0, 0, 0, 0, 0, 0, 0, 0, 0, 0, 361, 0, 0, 0, 0, 0, 0, 0, 0, 0, 0, 0, 0, 302, 0, 0, 0, 0, 0, 0, 0, 0, 0, 0, 0, 0, 410, 0, 0, 0, 0, 0, 0, 0, 0, 0, 0, 0, 302], 'packedBins': {'count': 64, 'min': 0, 'size': 0.078125}}",,,,,1.1630859375,"{'_type': 'histogram', 'values': [356, 0, 0, 0, 0, 0, 0, 0, 0, 0, 0, 0, 321, 0, 0, 0, 0, 0, 0, 0, 0, 0, 0, 0, 0, 329, 0, 0, 0, 0, 0, 0, 0, 0, 0, 0, 0, 0, 339, 0, 0, 0, 0, 0, 0, 0, 0, 0, 0, 0, 0, 335, 0, 0, 0, 0, 0, 0, 0, 0, 0, 0, 0, 368], 'packedBins': {'min': 0, 'size': 0.078125, 'count': 64}}",,"{'_type': 'histogram', 'values': [325, 0, 0, 0, 0, 0, 0, 0, 0, 0, 0, 0, 352, 0, 0, 0, 0, 0, 0, 0, 0, 0, 0, 0, 0, 331, 0, 0, 0, 0, 0, 0, 0, 0, 0, 0, 0, 0, 310, 0, 0, 0, 0, 0, 0, 0, 0, 0, 0, 0, 0, 311, 0, 0, 0, 0, 0, 0, 0, 0, 0, 0, 0, 419], 'packedBins': {'min': 0, 'size': 0.078125, 'count': 64}}",,,7805.475328,1.095703125,"{'_type': 'histogram', 'values': [305, 0, 0, 0, 0, 0, 0, 0, 0, 0, 0, 0, 351, 0, 0, 0, 0, 0, 0, 0, 0, 0, 0, 0, 0, 320, 0, 0, 0, 0, 0, 0, 0, 0, 0, 0, 0, 0, 348, 0, 0, 0, 0, 0, 0, 0, 0, 0, 0, 0, 0, 385, 0, 0, 0, 0, 0, 0, 0, 0, 0, 0, 0, 339], 'packedBins': {'count': 64, 'min': 0, 'size': 0.078125}}",15.340761585627051,0.9972988806305484,5.005002077355433e-05,"{'_type': 'histogram', 'values': [335, 0, 0, 0, 0, 0, 0, 0, 0, 0, 0, 0, 332, 0, 0, 0, 0, 0, 0, 0, 0, 0, 0, 0, 0, 365, 0, 0, 0, 0, 0, 0, 0, 0, 0, 0, 0, 0, 284, 0, 0, 0, 0, 0, 0, 0, 0, 0, 0, 0, 0, 386, 0, 0, 0, 0, 0, 0, 0, 0, 0, 0, 0, 346], 'packedBins': {'min': 0, 'size': 0.078125, 'count': 64}}",27357.188257555,,,,,5315.863976049708,,,,0.9954746405099696,0.9095943841617554,,,,140247040.0,,,1.177734375,0.9984802888446014,0.9990561895880176,,,"{'_type': 'histogram', 'values': [317, 0, 0, 0, 0, 0, 0, 0, 0, 0, 0, 0, 374, 0, 0, 0, 0, 0, 0, 0, 0, 0, 0, 0, 0, 341, 0, 0, 0, 0, 0, 0, 0, 0, 0, 0, 0, 0, 344, 0, 0, 0, 0, 0, 0, 0, 0, 0, 0, 0, 0, 318, 0, 0, 0, 0, 0, 0, 0, 0, 0, 0, 0, 354], 'packedBins': {'min': 0, 'size': 0.078125, 'count': 64}}",,,1.224609375,12.053985284268856,"{'values': [313, 0, 0, 0, 0, 0, 0, 0, 0, 0, 0, 0, 341, 0, 0, 0, 0, 0, 0, 0, 0, 0, 0, 0, 0, 317, 0, 0, 0, 0, 0, 0, 0, 0, 0, 0, 0, 0, 319, 0, 0, 0, 0, 0, 0, 0, 0, 0, 0, 0, 0, 345, 0, 0, 0, 0, 0, 0, 0, 0, 0, 0, 0, 413], 'packedBins': {'min': 0, 'size': 0.078125, 'count': 64}, '_type': 'histogram'}",1.2099609375,0.9965821317039283
,"{'values': [373, 0, 0, 0, 0, 0, 0, 0, 0, 0, 0, 0, 311, 0, 0, 0, 0, 0, 0, 0, 0, 0, 0, 0, 0, 390, 0, 0, 0, 0, 0, 0, 0, 0, 0, 0, 0, 0, 334, 0, 0, 0, 0, 0, 0, 0, 0, 0, 0, 0, 0, 329, 0, 0, 0, 0, 0, 0, 0, 0, 0, 0, 0, 311], 'packedBins': {'size': 0.078125, 'count': 64, 'min': 0}, '_type': 'histogram'}",0.43880948424339294,0.998444561176023,2160,1.1220703125,2.6890712160617114,,,0.9978675959210662,1.1279296875,1.1513671875,1.1279296875,0.9993273739029627,,"{'packedBins': {'count': 64, 'min': 0, 'size': 0.078125}, '_type': 'histogram', 'values': [382, 0, 0, 0, 0, 0, 0, 0, 0, 0, 0, 0, 323, 0, 0, 0, 0, 0, 0, 0, 0, 0, 0, 0, 0, 344, 0, 0, 0, 0, 0, 0, 0, 0, 0, 0, 0, 0, 320, 0, 0, 0, 0, 0, 0, 0, 0, 0, 0, 0, 0, 326, 0, 0, 0, 0, 0, 0, 0, 0, 0, 0, 0, 353]}",1.04296875,"{'_type': 'histogram', 'values': [340, 0, 0, 0, 0, 0, 0, 0, 0, 0, 0, 0, 323, 0, 0, 0, 0, 0, 0, 0, 0, 0, 0, 0, 0, 372, 0, 0, 0, 0, 0, 0, 0, 0, 0, 0, 0, 0, 299, 0, 0, 0, 0, 0, 0, 0, 0, 0, 0, 0, 0, 328, 0, 0, 0, 0, 0, 0, 0, 0, 0, 0, 0, 386], 'packedBins': {'min': 0, 'size': 0.078125, 'count': 64}}",,0.9988905249795257,,"{'_type': 'histogram', 'values': [347, 0, 0, 0, 0, 0, 0, 0, 0, 0, 0, 0, 374, 0, 0, 0, 0, 0, 0, 0, 0, 0, 0, 0, 0, 366, 0, 0, 0, 0, 0, 0, 0, 0, 0, 0, 0, 0, 314, 0, 0, 0, 0, 0, 0, 0, 0, 0, 0, 0, 0, 297, 0, 0, 0, 0, 0, 0, 0, 0, 0, 0, 0, 350], 'packedBins': {'size': 0.078125, 'count': 64, 'min': 0}}",1784919070.1193852,,,0.9979152993444753,,,,1.142578125,"{'_type': 'histogram', 'values': [355, 0, 0, 0, 0, 0, 0, 0, 0, 0, 0, 0, 348, 0, 0, 0, 0, 0, 0, 0, 0, 0, 0, 0, 0, 324, 0, 0, 0, 0, 0, 0, 0, 0, 0, 0, 0, 0, 313, 0, 0, 0, 0, 0, 0, 0, 0, 0, 0, 0, 0, 352, 0, 0, 0, 0, 0, 0, 0, 0, 0, 0, 0, 356], 'packedBins': {'min': 0, 'size': 0.078125, 'count': 64}}",,11435.769856,,,0.9973658783256293,,1.142578125,,,0.9977821688699402,"{'packedBins': {'min': 0, 'size': 0.078125, 'count': 64}, '_type': 'histogram', 'values': [337, 0, 0, 0, 0, 0, 0, 0, 0, 0, 0, 0, 282, 0, 0, 0, 0, 0, 0, 0, 0, 0, 0, 0, 0, 393, 0, 0, 0, 0, 0, 0, 0, 0, 0, 0, 0, 0, 329, 0, 0, 0, 0, 0, 0, 0, 0, 0, 0, 0, 0, 373, 0, 0, 0, 0, 0, 0, 0, 0, 0, 0, 0, 334]}",,,,,1.130859375,"{'values': [316, 0, 0, 0, 0, 0, 0, 0, 0, 0, 0, 0, 343, 0, 0, 0, 0, 0, 0, 0, 0, 0, 0, 0, 0, 355, 0, 0, 0, 0, 0, 0, 0, 0, 0, 0, 0, 0, 342, 0, 0, 0, 0, 0, 0, 0, 0, 0, 0, 0, 0, 307, 0, 0, 0, 0, 0, 0, 0, 0, 0, 0, 0, 385], 'packedBins': {'min': 0, 'size': 0.078125, 'count': 64}, '_type': 'histogram'}",,"{'packedBins': {'min': 0, 'size': 0.078125, 'count': 64}, '_type': 'histogram', 'values': [357, 0, 0, 0, 0, 0, 0, 0, 0, 0, 0, 0, 302, 0, 0, 0, 0, 0, 0, 0, 0, 0, 0, 0, 0, 327, 0, 0, 0, 0, 0, 0, 0, 0, 0, 0, 0, 0, 375, 0, 0, 0, 0, 0, 0, 0, 0, 0, 0, 0, 0, 385, 0, 0, 0, 0, 0, 0, 0, 0, 0, 0, 0, 302]}",,,7805.475328,1.1337890625,"{'_type': 'histogram', 'values': [338, 0, 0, 0, 0, 0, 0, 0, 0, 0, 0, 0, 303, 0, 0, 0, 0, 0, 0, 0, 0, 0, 0, 0, 0, 338, 0, 0, 0, 0, 0, 0, 0, 0, 0, 0, 0, 0, 322, 0, 0, 0, 0, 0, 0, 0, 0, 0, 0, 0, 0, 390, 0, 0, 0, 0, 0, 0, 0, 0, 0, 0, 0, 357], 'packedBins': {'min': 0, 'size': 0.078125, 'count': 64}}",14.717999728560406,0.9987143483195712,4.857970821209698e-05,"{'values': [383, 0, 0, 0, 0, 0, 0, 0, 0, 0, 0, 0, 315, 0, 0, 0, 0, 0, 0, 0, 0, 0, 0, 0, 0, 366, 0, 0, 0, 0, 0, 0, 0, 0, 0, 0, 0, 0, 319, 0, 0, 0, 0, 0, 0, 0, 0, 0, 0, 0, 0, 302, 0, 0, 0, 0, 0, 0, 0, 0, 0, 0, 0, 363], 'packedBins': {'min': 0, 'size': 0.078125, 'count': 64}, '_type': 'histogram'}",27604.478221053,,,,,5294.368620446575,,,,0.9981798304622922,0.9042038180865347,,,,141557760.0,,,1.095703125,0.9982290641210408,0.9983985875838671,,,"{'packedBins': {'count': 64, 'min': 0, 'size': 0.078125}, '_type': 'histogram', 'values': [334, 0, 0, 0, 0, 0, 0, 0, 0, 0, 0, 0, 342, 0, 0, 0, 0, 0, 0, 0, 0, 0, 0, 0, 0, 313, 0, 0, 0, 0, 0, 0, 0, 0, 0, 0, 0, 0, 359, 0, 0, 0, 0, 0, 0, 0, 0, 0, 0, 0, 0, 313, 0, 0, 0, 0, 0, 0, 0, 0, 0, 0, 0, 387]}",,,1.119140625,12.05470943003893,"{'packedBins': {'min': 0, 'size': 0.078125, 'count': 64}, '_type': 'histogram', 'values': [364, 0, 0, 0, 0, 0, 0, 0, 0, 0, 0, 0, 347, 0, 0, 0, 0, 0, 0, 0, 0, 0, 0, 0, 0, 316, 0, 0, 0, 0, 0, 0, 0, 0, 0, 0, 0, 0, 359, 0, 0, 0, 0, 0, 0, 0, 0, 0, 0, 0, 0, 304, 0, 0, 0, 0, 0, 0, 0, 0, 0, 0, 0, 358]}",1.06640625,0.9970106641309551
,"{'_type': 'histogram', 'values': [340, 0, 0, 0, 0, 0, 0, 0, 0, 0, 0, 0, 416, 0, 0, 0, 0, 0, 0, 0, 0, 0, 0, 0, 0, 340, 0, 0, 0, 0, 0, 0, 0, 0, 0, 0, 0, 0, 277, 0, 0, 0, 0, 0, 0, 0, 0, 0, 0, 0, 0, 379, 0, 0, 0, 0, 0, 0, 0, 0, 0, 0, 0, 296], 'packedBins': {'min': 0, 'size': 0.078125, 'count': 64}}",0.4395430386066437,0.9983410374287083,2180,1.1923828125,2.645842861197889,,,0.9947466476802028,1.1337890625,1.130859375,1.13671875,0.9972525078465649,,"{'packedBins': {'min': 0, 'size': 0.078125, 'count': 64}, '_type': 'histogram', 'values': [316, 0, 0, 0, 0, 0, 0, 0, 0, 0, 0, 0, 367, 0, 0, 0, 0, 0, 0, 0, 0, 0, 0, 0, 0, 367, 0, 0, 0, 0, 0, 0, 0, 0, 0, 0, 0, 0, 313, 0, 0, 0, 0, 0, 0, 0, 0, 0, 0, 0, 0, 316, 0, 0, 0, 0, 0, 0, 0, 0, 0, 0, 0, 369]}",1.189453125,"{'_type': 'histogram', 'values': [344, 0, 0, 0, 0, 0, 0, 0, 0, 0, 0, 0, 290, 0, 0, 0, 0, 0, 0, 0, 0, 0, 0, 0, 0, 356, 0, 0, 0, 0, 0, 0, 0, 0, 0, 0, 0, 0, 316, 0, 0, 0, 0, 0, 0, 0, 0, 0, 0, 0, 0, 349, 0, 0, 0, 0, 0, 0, 0, 0, 0, 0, 0, 393], 'packedBins': {'min': 0, 'size': 0.078125, 'count': 64}}",,0.9983338519758098,,"{'_type': 'histogram', 'values': [343, 0, 0, 0, 0, 0, 0, 0, 0, 0, 0, 0, 399, 0, 0, 0, 0, 0, 0, 0, 0, 0, 0, 0, 0, 311, 0, 0, 0, 0, 0, 0, 0, 0, 0, 0, 0, 0, 380, 0, 0, 0, 0, 0, 0, 0, 0, 0, 0, 0, 0, 282, 0, 0, 0, 0, 0, 0, 0, 0, 0, 0, 0, 333], 'packedBins': {'size': 0.078125, 'count': 64, 'min': 0}}",1784919317.4092283,,,0.9975018696749295,,,,1.1279296875,"{'_type': 'histogram', 'values': [319, 0, 0, 0, 0, 0, 0, 0, 0, 0, 0, 0, 331, 0, 0, 0, 0, 0, 0, 0, 0, 0, 0, 0, 0, 307, 0, 0, 0, 0, 0, 0, 0, 0, 0, 0, 0, 0, 366, 0, 0, 0, 0, 0, 0, 0, 0, 0, 0, 0, 0, 406, 0, 0, 0, 0, 0, 0, 0, 0, 0, 0, 0, 319], 'packedBins': {'min': 0, 'size': 0.078125, 'count': 64}}",,11435.769856,,,0.9972137862392788,,1.21875,,,0.9956863452425886,"{'packedBins': {'min': 0, 'size': 0.078125, 'count': 64}, '_type': 'histogram', 'values': [286, 0, 0, 0, 0, 0, 0, 0, 0, 0, 0, 0, 372, 0, 0, 0, 0, 0, 0, 0, 0, 0, 0, 0, 0, 386, 0, 0, 0, 0, 0, 0, 0, 0, 0, 0, 0, 0, 333, 0, 0, 0, 0, 0, 0, 0, 0, 0, 0, 0, 0, 330, 0, 0, 0, 0, 0, 0, 0, 0, 0, 0, 0, 341]}",,,,,1.1513671875,"{'_type': 'histogram', 'values': [353, 0, 0, 0, 0, 0, 0, 0, 0, 0, 0, 0, 348, 0, 0, 0, 0, 0, 0, 0, 0, 0, 0, 0, 0, 329, 0, 0, 0, 0, 0, 0, 0, 0, 0, 0, 0, 0, 387, 0, 0, 0, 0, 0, 0, 0, 0, 0, 0, 0, 0, 301, 0, 0, 0, 0, 0, 0, 0, 0, 0, 0, 0, 330], 'packedBins': {'count': 64, 'min': 0, 'size': 0.078125}}",,"{'_type': 'histogram', 'values': [351, 0, 0, 0, 0, 0, 0, 0, 0, 0, 0, 0, 320, 0, 0, 0, 0, 0, 0, 0, 0, 0, 0, 0, 0, 374, 0, 0, 0, 0, 0, 0, 0, 0, 0, 0, 0, 0, 328, 0, 0, 0, 0, 0, 0, 0, 0, 0, 0, 0, 0, 388, 0, 0, 0, 0, 0, 0, 0, 0, 0, 0, 0, 287], 'packedBins': {'min': 0, 'size': 0.078125, 'count': 64}}",,,7805.475328,1.095703125,"{'_type': 'histogram', 'values': [319, 0, 0, 0, 0, 0, 0, 0, 0, 0, 0, 0, 324, 0, 0, 0, 0, 0, 0, 0, 0, 0, 0, 0, 0, 385, 0, 0, 0, 0, 0, 0, 0, 0, 0, 0, 0, 0, 337, 0, 0, 0, 0, 0, 0, 0, 0, 0, 0, 0, 0, 334, 0, 0, 0, 0, 0, 0, 0, 0, 0, 0, 0, 349], 'packedBins': {'min': 0, 'size': 0.078125, 'count': 64}}",14.09532047646867,0.9973888983876928,4.713945760543901e-05,"{'packedBins': {'min': 0, 'size': 0.078125, 'count': 64}, '_type': 'histogram', 'values': [343, 0, 0, 0, 0, 0, 0, 0, 0, 0, 0, 0, 388, 0, 0, 0, 0, 0, 0, 0, 0, 0, 0, 0, 0, 407, 0, 0, 0, 0, 0, 0, 0, 0, 0, 0, 0, 0, 306, 0, 0, 0, 0, 0, 0, 0, 0, 0, 0, 0, 0, 294, 0, 0, 0, 0, 0, 0, 0, 0, 0, 0, 0, 310]}",27850.738214831,,,,,5303.125199753157,,,,0.9962636431574018,0.8910163801629096,,,,142868480.0,,,1.1689453125,0.998891323363181,0.9982192839212624,,,"{'values': [311, 0, 0, 0, 0, 0, 0, 0, 0, 0, 0, 0, 365, 0, 0, 0, 0, 0, 0, 0, 0, 0, 0, 0, 0, 300, 0, 0, 0, 0, 0, 0, 0, 0, 0, 0, 0, 0, 374, 0, 0, 0, 0, 0, 0, 0, 0, 0, 0, 0, 0, 345, 0, 0, 0, 0, 0, 0, 0, 0, 0, 0, 0, 353], 'packedBins': {'size': 0.078125, 'count': 64, 'min': 0}, '_type': 'histogram'}",,,1.0810546875,12.054469846189022,"{'values': [386, 0, 0, 0, 0, 0, 0, 0, 0, 0, 0, 0, 353, 0, 0, 0, 0, 0, 0, 0, 0, 0, 0, 0, 0, 325, 0, 0, 0, 0, 0, 0, 0, 0, 0, 0, 0, 0, 370, 0, 0, 0, 0, 0, 0, 0, 0, 0, 0, 0, 0, 328, 0, 0, 0, 0, 0, 0, 0, 0, 0, 0, 0, 286], 'packedBins': {'min': 0, 'size': 0.078125, 'count': 64}, '_type': 'histogram'}",1.130859375,0.9974975450967962
,"{'_type': 'histogram', 'values': [366, 0, 0, 0, 0, 0, 0, 0, 0, 0, 0, 0, 339, 0, 0, 0, 0, 0, 0, 0, 0, 0, 0, 0, 0, 333, 0, 0, 0, 0, 0, 0, 0, 0, 0, 0, 0, 0, 349, 0, 0, 0, 0, 0, 0, 0, 0, 0, 0, 0, 0, 320, 0, 0, 0, 0, 0, 0, 0, 0, 0, 0, 0, 341], 'packedBins': {'size': 0.078125, 'count': 64, 'min': 0}}",0.416599839925766,0.9981429717502021,2200,1.1015625,2.6775623045861723,,,0.9995237762821869,1.142578125,1.107421875,1.1337890625,0.9998722707477616,,"{'values': [367, 0, 0, 0, 0, 0, 0, 0, 0, 0, 0, 0, 293, 0, 0, 0, 0, 0, 0, 0, 0, 0, 0, 0, 0, 322, 0, 0, 0, 0, 0, 0, 0, 0, 0, 0, 0, 0, 348, 0, 0, 0, 0, 0, 0, 0, 0, 0, 0, 0, 0, 314, 0, 0, 0, 0, 0, 0, 0, 0, 0, 0, 0, 404], 'packedBins': {'count': 64, 'min': 0, 'size': 0.078125}, '_type': 'histogram'}",1.0283203125,"{'_type': 'histogram', 'values': [330, 0, 0, 0, 0, 0, 0, 0, 0, 0, 0, 0, 362, 0, 0, 0, 0, 0, 0, 0, 0, 0, 0, 0, 0, 310, 0, 0, 0, 0, 0, 0, 0, 0, 0, 0, 0, 0, 371, 0, 0, 0, 0, 0, 0, 0, 0, 0, 0, 0, 0, 355, 0, 0, 0, 0, 0, 0, 0, 0, 0, 0, 0, 320], 'packedBins': {'min': 0, 'size': 0.078125, 'count': 64}}",,0.9968074754906602,,"{'_type': 'histogram', 'values': [339, 0, 0, 0, 0, 0, 0, 0, 0, 0, 0, 0, 313, 0, 0, 0, 0, 0, 0, 0, 0, 0, 0, 0, 0, 377, 0, 0, 0, 0, 0, 0, 0, 0, 0, 0, 0, 0, 310, 0, 0, 0, 0, 0, 0, 0, 0, 0, 0, 0, 0, 347, 0, 0, 0, 0, 0, 0, 0, 0, 0, 0, 0, 362], 'packedBins': {'size': 0.078125, 'count': 64, 'min': 0}}",1784919563.6693106,,,0.9987758238610356,,,,1.0810546875,"{'_type': 'histogram', 'values': [330, 0, 0, 0, 0, 0, 0, 0, 0, 0, 0, 0, 334, 0, 0, 0, 0, 0, 0, 0, 0, 0, 0, 0, 0, 351, 0, 0, 0, 0, 0, 0, 0, 0, 0, 0, 0, 0, 346, 0, 0, 0, 0, 0, 0, 0, 0, 0, 0, 0, 0, 346, 0, 0, 0, 0, 0, 0, 0, 0, 0, 0, 0, 341], 'packedBins': {'size': 0.078125, 'count': 64, 'min': 0}}",,11435.769856,,,0.9983820876549893,,1.072265625,,,0.9983480232856929,"{'_type': 'histogram', 'values': [335, 0, 0, 0, 0, 0, 0, 0, 0, 0, 0, 0, 348, 0, 0, 0, 0, 0, 0, 0, 0, 0, 0, 0, 0, 287, 0, 0, 0, 0, 0, 0, 0, 0, 0, 0, 0, 0, 328, 0, 0, 0, 0, 0, 0, 0, 0, 0, 0, 0, 0, 372, 0, 0, 0, 0, 0, 0, 0, 0, 0, 0, 0, 378], 'packedBins': {'min': 0, 'size': 0.078125, 'count': 64}}",,,,,1.0869140625,"{'_type': 'histogram', 'values': [366, 0, 0, 0, 0, 0, 0, 0, 0, 0, 0, 0, 316, 0, 0, 0, 0, 0, 0, 0, 0, 0, 0, 0, 0, 338, 0, 0, 0, 0, 0, 0, 0, 0, 0, 0, 0, 0, 326, 0, 0, 0, 0, 0, 0, 0, 0, 0, 0, 0, 0, 390, 0, 0, 0, 0, 0, 0, 0, 0, 0, 0, 0, 312], 'packedBins': {'min': 0, 'size': 0.078125, 'count': 64}}",,"{'values': [300, 0, 0, 0, 0, 0, 0, 0, 0, 0, 0, 0, 329, 0, 0, 0, 0, 0, 0, 0, 0, 0, 0, 0, 0, 347, 0, 0, 0, 0, 0, 0, 0, 0, 0, 0, 0, 0, 387, 0, 0, 0, 0, 0, 0, 0, 0, 0, 0, 0, 0, 336, 0, 0, 0, 0, 0, 0, 0, 0, 0, 0, 0, 349], 'packedBins': {'min': 0, 'size': 0.078125, 'count': 64}, '_type': 'histogram'}",,,7805.475328,1.0751953125,"{'_type': 'histogram', 'values': [330, 0, 0, 0, 0, 0, 0, 0, 0, 0, 0, 0, 344, 0, 0, 0, 0, 0, 0, 0, 0, 0, 0, 0, 0, 322, 0, 0, 0, 0, 0, 0, 0, 0, 0, 0, 0, 0, 369, 0, 0, 0, 0, 0, 0, 0, 0, 0, 0, 0, 0, 321, 0, 0, 0, 0, 0, 0, 0, 0, 0, 0, 0, 362], 'packedBins': {'min': 0, 'size': 0.078125, 'count': 64}}",14.549582580581868,0.9992375557417321,4.572997387938544e-05,"{'values': [372, 0, 0, 0, 0, 0, 0, 0, 0, 0, 0, 0, 323, 0, 0, 0, 0, 0, 0, 0, 0, 0, 0, 0, 0, 348, 0, 0, 0, 0, 0, 0, 0, 0, 0, 0, 0, 0, 305, 0, 0, 0, 0, 0, 0, 0, 0, 0, 0, 0, 0, 324, 0, 0, 0, 0, 0, 0, 0, 0, 0, 0, 0, 376], 'packedBins': {'count': 64, 'min': 0, 'size': 0.078125}, '_type': 'histogram'}",28097.407488534,,,,,5325.289244135993,,,,0.9985927278760678,0.8990787503775209,,,,144179200.0,,,1.1044921875,0.9991600459951887,0.9993622366559144,,,"{'packedBins': {'min': 0, 'size': 0.078125, 'count': 64}, '_type': 'histogram', 'values': [339, 0, 0, 0, 0, 0, 0, 0, 0, 0, 0, 0, 317, 0, 0, 0, 0, 0, 0, 0, 0, 0, 0, 0, 0, 352, 0, 0, 0, 0, 0, 0, 0, 0, 0, 0, 0, 0, 327, 0, 0, 0, 0, 0, 0, 0, 0, 0, 0, 0, 0, 346, 0, 0, 0, 0, 0, 0, 0, 0, 0, 0, 0, 367]}",,,1.18359375,12.055034255981445,"{'values': [326, 0, 0, 0, 0, 0, 0, 0, 0, 0, 0, 0, 365, 0, 0, 0, 0, 0, 0, 0, 0, 0, 0, 0, 0, 338, 0, 0, 0, 0, 0, 0, 0, 0, 0, 0, 0, 0, 356, 0, 0, 0, 0, 0, 0, 0, 0, 0, 0, 0, 0, 313, 0, 0, 0, 0, 0, 0, 0, 0, 0, 0, 0, 350], 'packedBins': {'size': 0.078125, 'count': 64, 'min': 0}, '_type': 'histogram'}",1.0693359375,0.9977648040254357
,"{'packedBins': {'size': 0.078125, 'count': 64, 'min': 0}, '_type': 'histogram', 'values': [360, 0, 0, 0, 0, 0, 0, 0, 0, 0, 0, 0, 337, 0, 0, 0, 0, 0, 0, 0, 0, 0, 0, 0, 0, 327, 0, 0, 0, 0, 0, 0, 0, 0, 0, 0, 0, 0, 369, 0, 0, 0, 0, 0, 0, 0, 0, 0, 0, 0, 0, 321, 0, 0, 0, 0, 0, 0, 0, 0, 0, 0, 0, 334]}",0.4315080940723419,0.9995298972235449,2220,1.1279296875,2.6698354994878173,,,0.9992849930372562,1.06640625,1.0927734375,1.16015625,0.9995933021921766,,"{'values': [345, 0, 0, 0, 0, 0, 0, 0, 0, 0, 0, 0, 326, 0, 0, 0, 0, 0, 0, 0, 0, 0, 0, 0, 0, 309, 0, 0, 0, 0, 0, 0, 0, 0, 0, 0, 0, 0, 363, 0, 0, 0, 0, 0, 0, 0, 0, 0, 0, 0, 0, 351, 0, 0, 0, 0, 0, 0, 0, 0, 0, 0, 0, 354], 'packedBins': {'count': 64, 'min': 0, 'size': 0.078125}, '_type': 'histogram'}",1.0634765625,"{'_type': 'histogram', 'values': [297, 0, 0, 0, 0, 0, 0, 0, 0, 0, 0, 0, 346, 0, 0, 0, 0, 0, 0, 0, 0, 0, 0, 0, 0, 367, 0, 0, 0, 0, 0, 0, 0, 0, 0, 0, 0, 0, 280, 0, 0, 0, 0, 0, 0, 0, 0, 0, 0, 0, 0, 382, 0, 0, 0, 0, 0, 0, 0, 0, 0, 0, 0, 376], 'packedBins': {'min': 0, 'size': 0.078125, 'count': 64}}",,0.9991843301647065,,"{'_type': 'histogram', 'values': [336, 0, 0, 0, 0, 0, 0, 0, 0, 0, 0, 0, 320, 0, 0, 0, 0, 0, 0, 0, 0, 0, 0, 0, 0, 377, 0, 0, 0, 0, 0, 0, 0, 0, 0, 0, 0, 0, 362, 0, 0, 0, 0, 0, 0, 0, 0, 0, 0, 0, 0, 334, 0, 0, 0, 0, 0, 0, 0, 0, 0, 0, 0, 319], 'packedBins': {'size': 0.078125, 'count': 64, 'min': 0}}",1784919810.3386395,,,0.9962134115190839,,,,1.1630859375,"{'values': [348, 0, 0, 0, 0, 0, 0, 0, 0, 0, 0, 0, 349, 0, 0, 0, 0, 0, 0, 0, 0, 0, 0, 0, 0, 363, 0, 0, 0, 0, 0, 0, 0, 0, 0, 0, 0, 0, 330, 0, 0, 0, 0, 0, 0, 0, 0, 0, 0, 0, 0, 332, 0, 0, 0, 0, 0, 0, 0, 0, 0, 0, 0, 326], 'packedBins': {'size': 0.078125, 'count': 64, 'min': 0}, '_type': 'histogram'}",,11435.769856,,,0.9975224945860269,,1.0810546875,,,0.998682679101241,"{'_type': 'histogram', 'values': [373, 0, 0, 0, 0, 0, 0, 0, 0, 0, 0, 0, 373, 0, 0, 0, 0, 0, 0, 0, 0, 0, 0, 0, 0, 322, 0, 0, 0, 0, 0, 0, 0, 0, 0, 0, 0, 0, 350, 0, 0, 0, 0, 0, 0, 0, 0, 0, 0, 0, 0, 318, 0, 0, 0, 0, 0, 0, 0, 0, 0, 0, 0, 312], 'packedBins': {'size': 0.078125, 'count': 64, 'min': 0}}",,,,,1.119140625,"{'packedBins': {'min': 0, 'size': 0.078125, 'count': 64}, '_type': 'histogram', 'values': [343, 0, 0, 0, 0, 0, 0, 0, 0, 0, 0, 0, 334, 0, 0, 0, 0, 0, 0, 0, 0, 0, 0, 0, 0, 364, 0, 0, 0, 0, 0, 0, 0, 0, 0, 0, 0, 0, 354, 0, 0, 0, 0, 0, 0, 0, 0, 0, 0, 0, 0, 329, 0, 0, 0, 0, 0, 0, 0, 0, 0, 0, 0, 324]}",,"{'_type': 'histogram', 'values': [340, 0, 0, 0, 0, 0, 0, 0, 0, 0, 0, 0, 396, 0, 0, 0, 0, 0, 0, 0, 0, 0, 0, 0, 0, 341, 0, 0, 0, 0, 0, 0, 0, 0, 0, 0, 0, 0, 306, 0, 0, 0, 0, 0, 0, 0, 0, 0, 0, 0, 0, 363, 0, 0, 0, 0, 0, 0, 0, 0, 0, 0, 0, 302], 'packedBins': {'min': 0, 'size': 0.078125, 'count': 64}}",,,7805.475328,1.0693359375,"{'_type': 'histogram', 'values': [357, 0, 0, 0, 0, 0, 0, 0, 0, 0, 0, 0, 397, 0, 0, 0, 0, 0, 0, 0, 0, 0, 0, 0, 0, 323, 0, 0, 0, 0, 0, 0, 0, 0, 0, 0, 0, 0, 290, 0, 0, 0, 0, 0, 0, 0, 0, 0, 0, 0, 0, 365, 0, 0, 0, 0, 0, 0, 0, 0, 0, 0, 0, 316], 'packedBins': {'min': 0, 'size': 0.078125, 'count': 64}}",14.437594005839856,0.999109149037158,4.43519469009954e-05,"{'values': [331, 0, 0, 0, 0, 0, 0, 0, 0, 0, 0, 0, 357, 0, 0, 0, 0, 0, 0, 0, 0, 0, 0, 0, 0, 339, 0, 0, 0, 0, 0, 0, 0, 0, 0, 0, 0, 0, 385, 0, 0, 0, 0, 0, 0, 0, 0, 0, 0, 0, 0, 318, 0, 0, 0, 0, 0, 0, 0, 0, 0, 0, 0, 318], 'packedBins': {'min': 0, 'size': 0.078125, 'count': 64}, '_type': 'histogram'}",28342.528448195,,,,,5316.463074391656,,,,0.9989196659829471,0.9017488848883659,,,,145489920.0,,,1.1044921875,0.9970016823148321,0.999452054817145,,,"{'values': [324, 0, 0, 0, 0, 0, 0, 0, 0, 0, 0, 0, 334, 0, 0, 0, 0, 0, 0, 0, 0, 0, 0, 0, 0, 359, 0, 0, 0, 0, 0, 0, 0, 0, 0, 0, 0, 0, 330, 0, 0, 0, 0, 0, 0, 0, 0, 0, 0, 0, 0, 365, 0, 0, 0, 0, 0, 0, 0, 0, 0, 0, 0, 336], 'packedBins': {'min': 0, 'size': 0.078125, 'count': 64}, '_type': 'histogram'}",,,1.0634765625,12.053538712859154,"{'values': [366, 0, 0, 0, 0, 0, 0, 0, 0, 0, 0, 0, 313, 0, 0, 0, 0, 0, 0, 0, 0, 0, 0, 0, 0, 344, 0, 0, 0, 0, 0, 0, 0, 0, 0, 0, 0, 0, 321, 0, 0, 0, 0, 0, 0, 0, 0, 0, 0, 0, 0, 361, 0, 0, 0, 0, 0, 0, 0, 0, 0, 0, 0, 343], 'packedBins': {'min': 0, 'size': 0.078125, 'count': 64}, '_type': 'histogram'}",1.072265625,0.9984649864912065
,"{'_type': 'histogram', 'values': [380, 0, 0, 0, 0, 0, 0, 0, 0, 0, 0, 0, 329, 0, 0, 0, 0, 0, 0, 0, 0, 0, 0, 0, 0, 322, 0, 0, 0, 0, 0, 0, 0, 0, 0, 0, 0, 0, 342, 0, 0, 0, 0, 0, 0, 0, 0, 0, 0, 0, 0, 306, 0, 0, 0, 0, 0, 0, 0, 0, 0, 0, 0, 369], 'packedBins': {'size': 0.078125, 'count': 64, 'min': 0}}",0.4528668522834778,0.9993070151197504,2240,1.1337890625,2.72152172671631,,,0.9983966581567,1.0517578125,1.08984375,1.0576171875,0.9970119947703807,,"{'values': [360, 0, 0, 0, 0, 0, 0, 0, 0, 0, 0, 0, 318, 0, 0, 0, 0, 0, 0, 0, 0, 0, 0, 0, 0, 339, 0, 0, 0, 0, 0, 0, 0, 0, 0, 0, 0, 0, 327, 0, 0, 0, 0, 0, 0, 0, 0, 0, 0, 0, 0, 332, 0, 0, 0, 0, 0, 0, 0, 0, 0, 0, 0, 372], 'packedBins': {'size': 0.078125, 'count': 64, 'min': 0}, '_type': 'histogram'}",1.1689453125,"{'_type': 'histogram', 'values': [338, 0, 0, 0, 0, 0, 0, 0, 0, 0, 0, 0, 282, 0, 0, 0, 0, 0, 0, 0, 0, 0, 0, 0, 0, 335, 0, 0, 0, 0, 0, 0, 0, 0, 0, 0, 0, 0, 366, 0, 0, 0, 0, 0, 0, 0, 0, 0, 0, 0, 0, 409, 0, 0, 0, 0, 0, 0, 0, 0, 0, 0, 0, 318], 'packedBins': {'min': 0, 'size': 0.078125, 'count': 64}}",,0.999155854480998,,"{'_type': 'histogram', 'values': [328, 0, 0, 0, 0, 0, 0, 0, 0, 0, 0, 0, 352, 0, 0, 0, 0, 0, 0, 0, 0, 0, 0, 0, 0, 374, 0, 0, 0, 0, 0, 0, 0, 0, 0, 0, 0, 0, 394, 0, 0, 0, 0, 0, 0, 0, 0, 0, 0, 0, 0, 350, 0, 0, 0, 0, 0, 0, 0, 0, 0, 0, 0, 250], 'packedBins': {'size': 0.078125, 'count': 64, 'min': 0}}",1784920055.4596477,,,0.9963072881305627,,,,1.125,"{'packedBins': {'size': 0.078125, 'count': 64, 'min': 0}, '_type': 'histogram', 'values': [313, 0, 0, 0, 0, 0, 0, 0, 0, 0, 0, 0, 345, 0, 0, 0, 0, 0, 0, 0, 0, 0, 0, 0, 0, 286, 0, 0, 0, 0, 0, 0, 0, 0, 0, 0, 0, 0, 351, 0, 0, 0, 0, 0, 0, 0, 0, 0, 0, 0, 0, 354, 0, 0, 0, 0, 0, 0, 0, 0, 0, 0, 0, 399]}",,11435.769856,,,0.9980041860581079,,1.11328125,,,0.9977866265120161,"{'_type': 'histogram', 'values': [321, 0, 0, 0, 0, 0, 0, 0, 0, 0, 0, 0, 331, 0, 0, 0, 0, 0, 0, 0, 0, 0, 0, 0, 0, 365, 0, 0, 0, 0, 0, 0, 0, 0, 0, 0, 0, 0, 372, 0, 0, 0, 0, 0, 0, 0, 0, 0, 0, 0, 0, 353, 0, 0, 0, 0, 0, 0, 0, 0, 0, 0, 0, 306], 'packedBins': {'min': 0, 'size': 0.078125, 'count': 64}}",,,,,1.1982421875,"{'_type': 'histogram', 'values': [359, 0, 0, 0, 0, 0, 0, 0, 0, 0, 0, 0, 343, 0, 0, 0, 0, 0, 0, 0, 0, 0, 0, 0, 0, 349, 0, 0, 0, 0, 0, 0, 0, 0, 0, 0, 0, 0, 358, 0, 0, 0, 0, 0, 0, 0, 0, 0, 0, 0, 0, 312, 0, 0, 0, 0, 0, 0, 0, 0, 0, 0, 0, 327], 'packedBins': {'size': 0.078125, 'count': 64, 'min': 0}}",,"{'_type': 'histogram', 'values': [340, 0, 0, 0, 0, 0, 0, 0, 0, 0, 0, 0, 280, 0, 0, 0, 0, 0, 0, 0, 0, 0, 0, 0, 0, 355, 0, 0, 0, 0, 0, 0, 0, 0, 0, 0, 0, 0, 361, 0, 0, 0, 0, 0, 0, 0, 0, 0, 0, 0, 0, 356, 0, 0, 0, 0, 0, 0, 0, 0, 0, 0, 0, 356], 'packedBins': {'min': 0, 'size': 0.078125, 'count': 64}}",,,7805.475328,1.0869140625,"{'_type': 'histogram', 'values': [374, 0, 0, 0, 0, 0, 0, 0, 0, 0, 0, 0, 368, 0, 0, 0, 0, 0, 0, 0, 0, 0, 0, 0, 0, 293, 0, 0, 0, 0, 0, 0, 0, 0, 0, 0, 0, 0, 328, 0, 0, 0, 0, 0, 0, 0, 0, 0, 0, 0, 0, 384, 0, 0, 0, 0, 0, 0, 0, 0, 0, 0, 0, 301], 'packedBins': {'min': 0, 'size': 0.078125, 'count': 64}}",15.2034401319683,0.9991255159020934,4.300605114092883e-05,"{'values': [387, 0, 0, 0, 0, 0, 0, 0, 0, 0, 0, 0, 308, 0, 0, 0, 0, 0, 0, 0, 0, 0, 0, 0, 0, 343, 0, 0, 0, 0, 0, 0, 0, 0, 0, 0, 0, 0, 358, 0, 0, 0, 0, 0, 0, 0, 0, 0, 0, 0, 0, 298, 0, 0, 0, 0, 0, 0, 0, 0, 0, 0, 0, 354], 'packedBins': {'size': 0.078125, 'count': 64, 'min': 0}, '_type': 'histogram'}",28474.289426992,,,,,5350.0486987278155,,,,0.9947115187993659,0.9071716789156199,,,,146800640.0,,,1.154296875,0.9968835215338354,0.997712044172209,,,"{'values': [355, 0, 0, 0, 0, 0, 0, 0, 0, 0, 0, 0, 335, 0, 0, 0, 0, 0, 0, 0, 0, 0, 0, 0, 0, 278, 0, 0, 0, 0, 0, 0, 0, 0, 0, 0, 0, 0, 358, 0, 0, 0, 0, 0, 0, 0, 0, 0, 0, 0, 0, 351, 0, 0, 0, 0, 0, 0, 0, 0, 0, 0, 0, 371], 'packedBins': {'min': 0, 'size': 0.078125, 'count': 64}, '_type': 'histogram'}",,,1.08984375,12.053704936802387,"{'values': [312, 0, 0, 0, 0, 0, 0, 0, 0, 0, 0, 0, 376, 0, 0, 0, 0, 0, 0, 0, 0, 0, 0, 0, 0, 340, 0, 0, 0, 0, 0, 0, 0, 0, 0, 0, 0, 0, 333, 0, 0, 0, 0, 0, 0, 0, 0, 0, 0, 0, 0, 349, 0, 0, 0, 0, 0, 0, 0, 0, 0, 0, 0, 338], 'packedBins': {'min': 0, 'size': 0.078125, 'count': 64}, '_type': 'histogram'}",1.1015625,0.9986350422098031
"{'_type': 'histogram', 'values': [15364, 0, 0, 0, 0, 0, 0, 0, 0, 0, 0, 0, 17932, 0, 0, 0, 0, 0, 0, 0, 0, 0, 0, 0, 0, 16339, 0, 0, 0, 0, 0, 0, 0, 0, 0, 0, 0, 0, 17056, 0, 0, 0, 0, 0, 0, 0, 0, 0, 0, 0, 0, 18023, 0, 0, 0, 0, 0, 0, 0, 0, 0, 0, 0, 17686], 'packedBins': {'count': 64, 'min': 0, 'size': 0.078125}}",,,,2250,,,0.9990602480382658,1.056035041809082,,,,,,1.052285075187683,,,,"{'_type': 'histogram', 'values': [17037, 0, 0, 0, 0, 0, 0, 0, 0, 0, 0, 0, 17563, 0, 0, 0, 0, 0, 0, 0, 0, 0, 0, 0, 0, 15830, 0, 0, 0, 0, 0, 0, 0, 0, 0, 0, 0, 0, 18071, 0, 0, 0, 0, 0, 0, 0, 0, 0, 0, 0, 0, 15778, 0, 0, 0, 0, 0, 0, 0, 0, 0, 0, 0, 18121], 'packedBins': {'count': 64, 'min': 0, 'size': 0.078125}}",,0.9994439379166487,,1784920187.2205875,1.0422656536102295,"{'_type': 'histogram', 'values': [18789, 0, 0, 0, 0, 0, 0, 0, 0, 0, 0, 0, 17075, 0, 0, 0, 0, 0, 0, 0, 0, 0, 0, 0, 0, 16412, 0, 0, 0, 0, 0, 0, 0, 0, 0, 0, 0, 0, 16037, 0, 0, 0, 0, 0, 0, 0, 0, 0, 0, 0, 0, 17815, 0, 0, 0, 0, 0, 0, 0, 0, 0, 0, 0, 16272], 'packedBins': {'min': 0, 'size': 0.078125, 'count': 64}}",,1.050175666809082,1.5582951470456317,37.78567347703809,,,"{'values': [17510, 0, 0, 0, 0, 0, 0, 0, 0, 0, 0, 0, 20440, 0, 0, 0, 0, 0, 0, 0, 0, 0, 0, 0, 0, 17305, 0, 0, 0, 0, 0, 0, 0, 0, 0, 0, 0, 0, 15871, 0, 0, 0, 0, 0, 0, 0, 0, 0, 0, 0, 0, 16864, 0, 0, 0, 0, 0, 0, 0, 0, 0, 0, 0, 14410], 'packedBins': {'min': 0, 'size': 0.078125, 'count': 64}, '_type': 'histogram'}",,0.9991135401472626,0.999299829666852,,1.100917935371399,,0.9989991716886291,"{'values': [16415, 0, 0, 0, 0, 0, 0, 0, 0, 0, 0, 0, 15431, 0, 0, 0, 0, 0, 0, 0, 0, 0, 0, 0, 0, 17810, 0, 0, 0, 0, 0, 0, 0, 0, 0, 0, 0, 0, 19214, 0, 0, 0, 0, 0, 0, 0, 0, 0, 0, 0, 0, 18501, 0, 0, 0, 0, 0, 0, 0, 0, 0, 0, 0, 15029], 'packedBins': {'min': 0, 'size': 0.078125, 'count': 64}, '_type': 'histogram'}",,,0.999632822183118,"{'packedBins': {'min': 0, 'size': 0.078125, 'count': 64}, '_type': 'histogram', 'values': [16895, 0, 0, 0, 0, 0, 0, 0, 0, 0, 0, 0, 17967, 0, 0, 0, 0, 0, 0, 0, 0, 0, 0, 0, 0, 16931, 0, 0, 0, 0, 0, 0, 0, 0, 0, 0, 0, 0, 16061, 0, 0, 0, 0, 0, 0, 0, 0, 0, 0, 0, 0, 18380, 0, 0, 0, 0, 0, 0, 0, 0, 0, 0, 0, 16166]}",0.33041015625,1.0769530534744263,,,0.9991064877583068,,1.125820279121399,"{'_type': 'histogram', 'values': [18028, 0, 0, 0, 0, 0, 0, 0, 0, 0, 0, 0, 18435, 0, 0, 0, 0, 0, 0, 0, 0, 0, 0, 0, 0, 17325, 0, 0, 0, 0, 0, 0, 0, 0, 0, 0, 0, 0, 15368, 0, 0, 0, 0, 0, 0, 0, 0, 0, 0, 0, 0, 16419, 0, 0, 0, 0, 0, 0, 0, 0, 0, 0, 0, 16825], 'packedBins': {'min': 0, 'size': 0.078125, 'count': 64}}",,,,,,,,28634.263040244,"{'values': [17977, 0, 0, 0, 0, 0, 0, 0, 0, 0, 0, 0, 17951, 0, 0, 0, 0, 0, 0, 0, 0, 0, 0, 0, 0, 17808, 0, 0, 0, 0, 0, 0, 0, 0, 0, 0, 0, 0, 15966, 0, 0, 0, 0, 0, 0, 0, 0, 0, 0, 0, 0, 15508, 0, 0, 0, 0, 0, 0, 0, 0, 0, 0, 0, 17190], 'packedBins': {'min': 0, 'size': 0.078125, 'count': 64}, '_type': 'histogram'}",0.9976848325959548,0.9997930977019361,1.0617773532867432,,0.996821114544773,0.9998271620712325,3.631930022239685,,,"{'_type': 'histogram', 'values': [16659, 0, 0, 0, 0, 0, 0, 0, 0, 0, 0, 0, 17466, 0, 0, 0, 0, 0, 0, 0, 0, 0, 0, 0, 0, 17788, 0, 0, 0, 0, 0, 0, 0, 0, 0, 0, 0, 0, 17214, 0, 0, 0, 0, 0, 0, 0, 0, 0, 0, 0, 0, 16810, 0, 0, 0, 0, 0, 0, 0, 0, 0, 0, 0, 16463], 'packedBins': {'min': 0, 'size': 0.078125, 'count': 64}}","{'packedBins': {'min': 0, 'size': 0.078125, 'count': 64}, '_type': 'histogram', 'values': [17923, 0, 0, 0, 0, 0, 0, 0, 0, 0, 0, 0, 16005, 0, 0, 0, 0, 0, 0, 0, 0, 0, 0, 0, 0, 16641, 0, 0, 0, 0, 0, 0, 0, 0, 0, 0, 0, 0, 17239, 0, 0, 0, 0, 0, 0, 0, 0, 0, 0, 0, 0, 17532, 0, 0, 0, 0, 0, 0, 0, 0, 0, 0, 0, 17060]}","{'_type': 'histogram', 'values': [15783, 0, 0, 0, 0, 0, 0, 0, 0, 0, 0, 0, 16962, 0, 0, 0, 0, 0, 0, 0, 0, 0, 0, 0, 0, 17637, 0, 0, 0, 0, 0, 0, 0, 0, 0, 0, 0, 0, 17609, 0, 0, 0, 0, 0, 0, 0, 0, 0, 0, 0, 0, 17959, 0, 0, 0, 0, 0, 0, 0, 0, 0, 0, 0, 16450], 'packedBins': {'size': 0.078125, 'count': 64, 'min': 0}}",,"{'_type': 'histogram', 'values': [16862, 0, 0, 0, 0, 0, 0, 0, 0, 0, 0, 0, 17057, 0, 0, 0, 0, 0, 0, 0, 0, 0, 0, 0, 0, 18000, 0, 0, 0, 0, 0, 0, 0, 0, 0, 0, 0, 0, 16853, 0, 0, 0, 0, 0, 0, 0, 0, 0, 0, 0, 0, 16742, 0, 0, 0, 0, 0, 0, 0, 0, 0, 0, 0, 16886], 'packedBins': {'count': 64, 'min': 0, 'size': 0.078125}}",1.0546875,,,,1.080175757408142,0.9991087498453304,,1.0533398389816284,1.1976561546325684,,,,,
,"{'packedBins': {'size': 0.078125, 'count': 64, 'min': 0}, '_type': 'histogram', 'values': [330, 0, 0, 0, 0, 0, 0, 0, 0, 0, 0, 0, 354, 0, 0, 0, 0, 0, 0, 0, 0, 0, 0, 0, 0, 354, 0, 0, 0, 0, 0, 0, 0, 0, 0, 0, 0, 0, 364, 0, 0, 0, 0, 0, 0, 0, 0, 0, 0, 0, 0, 303, 0, 0, 0, 0, 0, 0, 0, 0, 0, 0, 0, 343]}",0.4402150511741638,0.9961999055289137,2260,1.0458984375,2.6906752716749907,,,0.999010016399948,1.212890625,1.072265625,1.1982421875,0.9979369887671132,,"{'values': [346, 0, 0, 0, 0, 0, 0, 0, 0, 0, 0, 0, 347, 0, 0, 0, 0, 0, 0, 0, 0, 0, 0, 0, 0, 344, 0, 0, 0, 0, 0, 0, 0, 0, 0, 0, 0, 0, 340, 0, 0, 0, 0, 0, 0, 0, 0, 0, 0, 0, 0, 327, 0, 0, 0, 0, 0, 0, 0, 0, 0, 0, 0, 344], 'packedBins': {'count': 64, 'min': 0, 'size': 0.078125}, '_type': 'histogram'}",1.1396484375,"{'_type': 'histogram', 'values': [390, 0, 0, 0, 0, 0, 0, 0, 0, 0, 0, 0, 343, 0, 0, 0, 0, 0, 0, 0, 0, 0, 0, 0, 0, 305, 0, 0, 0, 0, 0, 0, 0, 0, 0, 0, 0, 0, 346, 0, 0, 0, 0, 0, 0, 0, 0, 0, 0, 0, 0, 320, 0, 0, 0, 0, 0, 0, 0, 0, 0, 0, 0, 344], 'packedBins': {'size': 0.078125, 'count': 64, 'min': 0}}",,0.9998890368045247,,"{'values': [338, 0, 0, 0, 0, 0, 0, 0, 0, 0, 0, 0, 382, 0, 0, 0, 0, 0, 0, 0, 0, 0, 0, 0, 0, 343, 0, 0, 0, 0, 0, 0, 0, 0, 0, 0, 0, 0, 345, 0, 0, 0, 0, 0, 0, 0, 0, 0, 0, 0, 0, 331, 0, 0, 0, 0, 0, 0, 0, 0, 0, 0, 0, 309], 'packedBins': {'size': 0.078125, 'count': 64, 'min': 0}, '_type': 'histogram'}",1784920347.1942677,,,0.9983516160121422,,,,1.171875,"{'_type': 'histogram', 'values': [389, 0, 0, 0, 0, 0, 0, 0, 0, 0, 0, 0, 320, 0, 0, 0, 0, 0, 0, 0, 0, 0, 0, 0, 0, 346, 0, 0, 0, 0, 0, 0, 0, 0, 0, 0, 0, 0, 294, 0, 0, 0, 0, 0, 0, 0, 0, 0, 0, 0, 0, 346, 0, 0, 0, 0, 0, 0, 0, 0, 0, 0, 0, 353], 'packedBins': {'min': 0, 'size': 0.078125, 'count': 64}}",,11435.769856,,,0.9965580471303243,,1.06640625,,,0.9987987108591566,"{'packedBins': {'count': 64, 'min': 0, 'size': 0.078125}, '_type': 'histogram', 'values': [341, 0, 0, 0, 0, 0, 0, 0, 0, 0, 0, 0, 366, 0, 0, 0, 0, 0, 0, 0, 0, 0, 0, 0, 0, 343, 0, 0, 0, 0, 0, 0, 0, 0, 0, 0, 0, 0, 333, 0, 0, 0, 0, 0, 0, 0, 0, 0, 0, 0, 0, 309, 0, 0, 0, 0, 0, 0, 0, 0, 0, 0, 0, 356]}",,,,,1.142578125,"{'_type': 'histogram', 'values': [336, 0, 0, 0, 0, 0, 0, 0, 0, 0, 0, 0, 354, 0, 0, 0, 0, 0, 0, 0, 0, 0, 0, 0, 0, 414, 0, 0, 0, 0, 0, 0, 0, 0, 0, 0, 0, 0, 342, 0, 0, 0, 0, 0, 0, 0, 0, 0, 0, 0, 0, 322, 0, 0, 0, 0, 0, 0, 0, 0, 0, 0, 0, 280], 'packedBins': {'min': 0, 'size': 0.078125, 'count': 64}}",,"{'packedBins': {'min': 0, 'size': 0.078125, 'count': 64}, '_type': 'histogram', 'values': [333, 0, 0, 0, 0, 0, 0, 0, 0, 0, 0, 0, 353, 0, 0, 0, 0, 0, 0, 0, 0, 0, 0, 0, 0, 409, 0, 0, 0, 0, 0, 0, 0, 0, 0, 0, 0, 0, 304, 0, 0, 0, 0, 0, 0, 0, 0, 0, 0, 0, 0, 293, 0, 0, 0, 0, 0, 0, 0, 0, 0, 0, 0, 356]}",,,7805.475328,1.1953125,"{'_type': 'histogram', 'values': [352, 0, 0, 0, 0, 0, 0, 0, 0, 0, 0, 0, 360, 0, 0, 0, 0, 0, 0, 0, 0, 0, 0, 0, 0, 300, 0, 0, 0, 0, 0, 0, 0, 0, 0, 0, 0, 0, 400, 0, 0, 0, 0, 0, 0, 0, 0, 0, 0, 0, 0, 299, 0, 0, 0, 0, 0, 0, 0, 0, 0, 0, 0, 337], 'packedBins': {'size': 0.078125, 'count': 64, 'min': 0}}",14.74162716343491,0.9946248276407856,4.169294534332918e-05,"{'values': [353, 0, 0, 0, 0, 0, 0, 0, 0, 0, 0, 0, 352, 0, 0, 0, 0, 0, 0, 0, 0, 0, 0, 0, 0, 357, 0, 0, 0, 0, 0, 0, 0, 0, 0, 0, 0, 0, 293, 0, 0, 0, 0, 0, 0, 0, 0, 0, 0, 0, 0, 349, 0, 0, 0, 0, 0, 0, 0, 0, 0, 0, 0, 344], 'packedBins': {'min': 0, 'size': 0.078125, 'count': 64}, '_type': 'histogram'}",28879.94985278,,,,,4494.843692799299,,,,0.9988794806722928,0.897376618301496,,,,148111360.0,,,1.119140625,0.9970512486334371,0.9966264419968021,,,"{'values': [329, 0, 0, 0, 0, 0, 0, 0, 0, 0, 0, 0, 374, 0, 0, 0, 0, 0, 0, 0, 0, 0, 0, 0, 0, 325, 0, 0, 0, 0, 0, 0, 0, 0, 0, 0, 0, 0, 296, 0, 0, 0, 0, 0, 0, 0, 0, 0, 0, 0, 0, 408, 0, 0, 0, 0, 0, 0, 0, 0, 0, 0, 0, 316], 'packedBins': {'min': 0, 'size': 0.078125, 'count': 64}, '_type': 'histogram'}",,,1.0166015625,12.053680795431138,"{'values': [343, 0, 0, 0, 0, 0, 0, 0, 0, 0, 0, 0, 379, 0, 0, 0, 0, 0, 0, 0, 0, 0, 0, 0, 0, 311, 0, 0, 0, 0, 0, 0, 0, 0, 0, 0, 0, 0, 329, 0, 0, 0, 0, 0, 0, 0, 0, 0, 0, 0, 0, 269, 0, 0, 0, 0, 0, 0, 0, 0, 0, 0, 0, 417], 'packedBins': {'min': 0, 'size': 0.078125, 'count': 64}, '_type': 'histogram'}",1.2216796875,0.9992178622782327
,"{'_type': 'histogram', 'values': [334, 0, 0, 0, 0, 0, 0, 0, 0, 0, 0, 0, 353, 0, 0, 0, 0, 0, 0, 0, 0, 0, 0, 0, 0, 352, 0, 0, 0, 0, 0, 0, 0, 0, 0, 0, 0, 0, 350, 0, 0, 0, 0, 0, 0, 0, 0, 0, 0, 0, 0, 304, 0, 0, 0, 0, 0, 0, 0, 0, 0, 0, 0, 355], 'packedBins': {'count': 64, 'min': 0, 'size': 0.078125}}",0.4466162621974945,0.9978615415116795,2280,1.0634765625,2.689112308062613,,,0.9991985014745897,1.1484375,1.08984375,1.048828125,0.9977115784484101,,"{'values': [352, 0, 0, 0, 0, 0, 0, 0, 0, 0, 0, 0, 349, 0, 0, 0, 0, 0, 0, 0, 0, 0, 0, 0, 0, 374, 0, 0, 0, 0, 0, 0, 0, 0, 0, 0, 0, 0, 303, 0, 0, 0, 0, 0, 0, 0, 0, 0, 0, 0, 0, 324, 0, 0, 0, 0, 0, 0, 0, 0, 0, 0, 0, 346], 'packedBins': {'count': 64, 'min': 0, 'size': 0.078125}, '_type': 'histogram'}",1.0810546875,"{'values': [332, 0, 0, 0, 0, 0, 0, 0, 0, 0, 0, 0, 371, 0, 0, 0, 0, 0, 0, 0, 0, 0, 0, 0, 0, 365, 0, 0, 0, 0, 0, 0, 0, 0, 0, 0, 0, 0, 366, 0, 0, 0, 0, 0, 0, 0, 0, 0, 0, 0, 0, 339, 0, 0, 0, 0, 0, 0, 0, 0, 0, 0, 0, 275], 'packedBins': {'min': 0, 'size': 0.078125, 'count': 64}, '_type': 'histogram'}",,0.9987782190120018,,"{'values': [318, 0, 0, 0, 0, 0, 0, 0, 0, 0, 0, 0, 378, 0, 0, 0, 0, 0, 0, 0, 0, 0, 0, 0, 0, 337, 0, 0, 0, 0, 0, 0, 0, 0, 0, 0, 0, 0, 349, 0, 0, 0, 0, 0, 0, 0, 0, 0, 0, 0, 0, 338, 0, 0, 0, 0, 0, 0, 0, 0, 0, 0, 0, 328], 'packedBins': {'count': 64, 'min': 0, 'size': 0.078125}, '_type': 'histogram'}",1784920592.8805544,,,0.997282513765613,,,,1.0869140625,"{'_type': 'histogram', 'values': [279, 0, 0, 0, 0, 0, 0, 0, 0, 0, 0, 0, 355, 0, 0, 0, 0, 0, 0, 0, 0, 0, 0, 0, 0, 360, 0, 0, 0, 0, 0, 0, 0, 0, 0, 0, 0, 0, 355, 0, 0, 0, 0, 0, 0, 0, 0, 0, 0, 0, 0, 330, 0, 0, 0, 0, 0, 0, 0, 0, 0, 0, 0, 369], 'packedBins': {'min': 0, 'size': 0.078125, 'count': 64}}",,11435.769856,,,0.9993795349684478,,1.0400390625,,,0.9989508029455071,"{'packedBins': {'min': 0, 'size': 0.078125, 'count': 64}, '_type': 'histogram', 'values': [351, 0, 0, 0, 0, 0, 0, 0, 0, 0, 0, 0, 347, 0, 0, 0, 0, 0, 0, 0, 0, 0, 0, 0, 0, 336, 0, 0, 0, 0, 0, 0, 0, 0, 0, 0, 0, 0, 321, 0, 0, 0, 0, 0, 0, 0, 0, 0, 0, 0, 0, 321, 0, 0, 0, 0, 0, 0, 0, 0, 0, 0, 0, 372]}",,,,,1.0869140625,"{'_type': 'histogram', 'values': [392, 0, 0, 0, 0, 0, 0, 0, 0, 0, 0, 0, 369, 0, 0, 0, 0, 0, 0, 0, 0, 0, 0, 0, 0, 333, 0, 0, 0, 0, 0, 0, 0, 0, 0, 0, 0, 0, 304, 0, 0, 0, 0, 0, 0, 0, 0, 0, 0, 0, 0, 318, 0, 0, 0, 0, 0, 0, 0, 0, 0, 0, 0, 332], 'packedBins': {'min': 0, 'size': 0.078125, 'count': 64}}",,"{'_type': 'histogram', 'values': [310, 0, 0, 0, 0, 0, 0, 0, 0, 0, 0, 0, 358, 0, 0, 0, 0, 0, 0, 0, 0, 0, 0, 0, 0, 341, 0, 0, 0, 0, 0, 0, 0, 0, 0, 0, 0, 0, 353, 0, 0, 0, 0, 0, 0, 0, 0, 0, 0, 0, 0, 351, 0, 0, 0, 0, 0, 0, 0, 0, 0, 0, 0, 335], 'packedBins': {'count': 64, 'min': 0, 'size': 0.078125}}",,,7805.475328,1.125,"{'values': [371, 0, 0, 0, 0, 0, 0, 0, 0, 0, 0, 0, 277, 0, 0, 0, 0, 0, 0, 0, 0, 0, 0, 0, 0, 371, 0, 0, 0, 0, 0, 0, 0, 0, 0, 0, 0, 0, 341, 0, 0, 0, 0, 0, 0, 0, 0, 0, 0, 0, 0, 340, 0, 0, 0, 0, 0, 0, 0, 0, 0, 0, 0, 348], 'packedBins': {'count': 64, 'min': 0, 'size': 0.078125}, '_type': 'histogram'}",14.718604533044747,0.9982932009413567,4.041327220340324e-05,"{'values': [363, 0, 0, 0, 0, 0, 0, 0, 0, 0, 0, 0, 332, 0, 0, 0, 0, 0, 0, 0, 0, 0, 0, 0, 0, 305, 0, 0, 0, 0, 0, 0, 0, 0, 0, 0, 0, 0, 362, 0, 0, 0, 0, 0, 0, 0, 0, 0, 0, 0, 0, 331, 0, 0, 0, 0, 0, 0, 0, 0, 0, 0, 0, 355], 'packedBins': {'min': 0, 'size': 0.078125, 'count': 64}, '_type': 'histogram'}",29124.723056666,,,,,5337.754335823402,,,,0.9991519956266636,0.8855122582055628,,,,149422080.0,,,1.107421875,0.99753147640215,0.9991499331355539,,,"{'values': [335, 0, 0, 0, 0, 0, 0, 0, 0, 0, 0, 0, 333, 0, 0, 0, 0, 0, 0, 0, 0, 0, 0, 0, 0, 384, 0, 0, 0, 0, 0, 0, 0, 0, 0, 0, 0, 0, 333, 0, 0, 0, 0, 0, 0, 0, 0, 0, 0, 0, 0, 330, 0, 0, 0, 0, 0, 0, 0, 0, 0, 0, 0, 333], 'packedBins': {'min': 0, 'size': 0.078125, 'count': 64}, '_type': 'histogram'}",,,1.095703125,12.054055120050908,"{'_type': 'histogram', 'values': [351, 0, 0, 0, 0, 0, 0, 0, 0, 0, 0, 0, 390, 0, 0, 0, 0, 0, 0, 0, 0, 0, 0, 0, 0, 316, 0, 0, 0, 0, 0, 0, 0, 0, 0, 0, 0, 0, 308, 0, 0, 0, 0, 0, 0, 0, 0, 0, 0, 0, 0, 349, 0, 0, 0, 0, 0, 0, 0, 0, 0, 0, 0, 334], 'packedBins': {'size': 0.078125, 'count': 64, 'min': 0}}",1.142578125,0.9992374226777896
,"{'_type': 'histogram', 'values': [353, 0, 0, 0, 0, 0, 0, 0, 0, 0, 0, 0, 331, 0, 0, 0, 0, 0, 0, 0, 0, 0, 0, 0, 0, 363, 0, 0, 0, 0, 0, 0, 0, 0, 0, 0, 0, 0, 351, 0, 0, 0, 0, 0, 0, 0, 0, 0, 0, 0, 0, 299, 0, 0, 0, 0, 0, 0, 0, 0, 0, 0, 0, 351], 'packedBins': {'min': 0, 'size': 0.078125, 'count': 64}}",0.45596081018447876,0.9980922743880852,2300,1.04296875,2.6925750272348523,,,0.9988987749439646,1.1484375,1.083984375,1.083984375,0.9982687171759249,,"{'values': [361, 0, 0, 0, 0, 0, 0, 0, 0, 0, 0, 0, 375, 0, 0, 0, 0, 0, 0, 0, 0, 0, 0, 0, 0, 311, 0, 0, 0, 0, 0, 0, 0, 0, 0, 0, 0, 0, 358, 0, 0, 0, 0, 0, 0, 0, 0, 0, 0, 0, 0, 308, 0, 0, 0, 0, 0, 0, 0, 0, 0, 0, 0, 335], 'packedBins': {'count': 64, 'min': 0, 'size': 0.078125}, '_type': 'histogram'}",1.107421875,"{'_type': 'histogram', 'values': [348, 0, 0, 0, 0, 0, 0, 0, 0, 0, 0, 0, 322, 0, 0, 0, 0, 0, 0, 0, 0, 0, 0, 0, 0, 342, 0, 0, 0, 0, 0, 0, 0, 0, 0, 0, 0, 0, 342, 0, 0, 0, 0, 0, 0, 0, 0, 0, 0, 0, 0, 364, 0, 0, 0, 0, 0, 0, 0, 0, 0, 0, 0, 330], 'packedBins': {'min': 0, 'size': 0.078125, 'count': 64}}",,0.9984475551147306,,"{'_type': 'histogram', 'values': [328, 0, 0, 0, 0, 0, 0, 0, 0, 0, 0, 0, 360, 0, 0, 0, 0, 0, 0, 0, 0, 0, 0, 0, 0, 330, 0, 0, 0, 0, 0, 0, 0, 0, 0, 0, 0, 0, 321, 0, 0, 0, 0, 0, 0, 0, 0, 0, 0, 0, 0, 365, 0, 0, 0, 0, 0, 0, 0, 0, 0, 0, 0, 344], 'packedBins': {'count': 64, 'min': 0, 'size': 0.078125}}",1784920837.6543767,,,0.9995774010510401,,,,1.078125,"{'_type': 'histogram', 'values': [378, 0, 0, 0, 0, 0, 0, 0, 0, 0, 0, 0, 304, 0, 0, 0, 0, 0, 0, 0, 0, 0, 0, 0, 0, 366, 0, 0, 0, 0, 0, 0, 0, 0, 0, 0, 0, 0, 316, 0, 0, 0, 0, 0, 0, 0, 0, 0, 0, 0, 0, 355, 0, 0, 0, 0, 0, 0, 0, 0, 0, 0, 0, 329], 'packedBins': {'min': 0, 'size': 0.078125, 'count': 64}}",,11435.769856,,,0.9992448077266018,,1.0634765625,,,0.9997611623557208,"{'_type': 'histogram', 'values': [344, 0, 0, 0, 0, 0, 0, 0, 0, 0, 0, 0, 308, 0, 0, 0, 0, 0, 0, 0, 0, 0, 0, 0, 0, 362, 0, 0, 0, 0, 0, 0, 0, 0, 0, 0, 0, 0, 370, 0, 0, 0, 0, 0, 0, 0, 0, 0, 0, 0, 0, 296, 0, 0, 0, 0, 0, 0, 0, 0, 0, 0, 0, 368], 'packedBins': {'size': 0.078125, 'count': 64, 'min': 0}}",,,,,1.06640625,"{'values': [306, 0, 0, 0, 0, 0, 0, 0, 0, 0, 0, 0, 339, 0, 0, 0, 0, 0, 0, 0, 0, 0, 0, 0, 0, 352, 0, 0, 0, 0, 0, 0, 0, 0, 0, 0, 0, 0, 347, 0, 0, 0, 0, 0, 0, 0, 0, 0, 0, 0, 0, 392, 0, 0, 0, 0, 0, 0, 0, 0, 0, 0, 0, 312], 'packedBins': {'min': 0, 'size': 0.078125, 'count': 64}, '_type': 'histogram'}",,"{'_type': 'histogram', 'values': [342, 0, 0, 0, 0, 0, 0, 0, 0, 0, 0, 0, 323, 0, 0, 0, 0, 0, 0, 0, 0, 0, 0, 0, 0, 321, 0, 0, 0, 0, 0, 0, 0, 0, 0, 0, 0, 0, 334, 0, 0, 0, 0, 0, 0, 0, 0, 0, 0, 0, 0, 358, 0, 0, 0, 0, 0, 0, 0, 0, 0, 0, 0, 370], 'packedBins': {'min': 0, 'size': 0.078125, 'count': 64}}",,,7805.475328,1.171875,"{'_type': 'histogram', 'values': [367, 0, 0, 0, 0, 0, 0, 0, 0, 0, 0, 0, 323, 0, 0, 0, 0, 0, 0, 0, 0, 0, 0, 0, 0, 332, 0, 0, 0, 0, 0, 0, 0, 0, 0, 0, 0, 0, 347, 0, 0, 0, 0, 0, 0, 0, 0, 0, 0, 0, 0, 311, 0, 0, 0, 0, 0, 0, 0, 0, 0, 0, 0, 368], 'packedBins': {'min': 0, 'size': 0.078125, 'count': 64}}",14.769659270244613,0.9996076065660021,3.916765805285625e-05,"{'values': [331, 0, 0, 0, 0, 0, 0, 0, 0, 0, 0, 0, 332, 0, 0, 0, 0, 0, 0, 0, 0, 0, 0, 0, 0, 348, 0, 0, 0, 0, 0, 0, 0, 0, 0, 0, 0, 0, 332, 0, 0, 0, 0, 0, 0, 0, 0, 0, 0, 0, 0, 356, 0, 0, 0, 0, 0, 0, 0, 0, 0, 0, 0, 349], 'packedBins': {'min': 0, 'size': 0.078125, 'count': 64}, '_type': 'histogram'}",29369.546846559,,,,,5357.666613327384,,,,0.9993497286453135,0.8980019100941717,,,,150732800.0,,,1.0693359375,0.998903365649983,0.9966484640792964,,,"{'values': [327, 0, 0, 0, 0, 0, 0, 0, 0, 0, 0, 0, 291, 0, 0, 0, 0, 0, 0, 0, 0, 0, 0, 0, 0, 400, 0, 0, 0, 0, 0, 0, 0, 0, 0, 0, 0, 0, 305, 0, 0, 0, 0, 0, 0, 0, 0, 0, 0, 0, 0, 365, 0, 0, 0, 0, 0, 0, 0, 0, 0, 0, 0, 360], 'packedBins': {'count': 64, 'min': 0, 'size': 0.078125}, '_type': 'histogram'}",,,1.0986328125,12.053124530613422,"{'packedBins': {'min': 0, 'size': 0.078125, 'count': 64}, '_type': 'histogram', 'values': [340, 0, 0, 0, 0, 0, 0, 0, 0, 0, 0, 0, 334, 0, 0, 0, 0, 0, 0, 0, 0, 0, 0, 0, 0, 334, 0, 0, 0, 0, 0, 0, 0, 0, 0, 0, 0, 0, 327, 0, 0, 0, 0, 0, 0, 0, 0, 0, 0, 0, 0, 367, 0, 0, 0, 0, 0, 0, 0, 0, 0, 0, 0, 346]}",1.0751953125,0.9979159646641882
,"{'_type': 'histogram', 'values': [313, 0, 0, 0, 0, 0, 0, 0, 0, 0, 0, 0, 354, 0, 0, 0, 0, 0, 0, 0, 0, 0, 0, 0, 0, 320, 0, 0, 0, 0, 0, 0, 0, 0, 0, 0, 0, 0, 359, 0, 0, 0, 0, 0, 0, 0, 0, 0, 0, 0, 0, 323, 0, 0, 0, 0, 0, 0, 0, 0, 0, 0, 0, 379], 'packedBins': {'count': 64, 'min': 0, 'size': 0.078125}}",0.4481576681137085,0.9984201439425625,2320,1.224609375,2.6949350226670505,,,0.9986156814061601,1.0986328125,1.06640625,1.0810546875,0.9970820529361406,,"{'values': [328, 0, 0, 0, 0, 0, 0, 0, 0, 0, 0, 0, 350, 0, 0, 0, 0, 0, 0, 0, 0, 0, 0, 0, 0, 332, 0, 0, 0, 0, 0, 0, 0, 0, 0, 0, 0, 0, 354, 0, 0, 0, 0, 0, 0, 0, 0, 0, 0, 0, 0, 329, 0, 0, 0, 0, 0, 0, 0, 0, 0, 0, 0, 355], 'packedBins': {'count': 64, 'min': 0, 'size': 0.078125}, '_type': 'histogram'}",1.1455078125,"{'_type': 'histogram', 'values': [400, 0, 0, 0, 0, 0, 0, 0, 0, 0, 0, 0, 343, 0, 0, 0, 0, 0, 0, 0, 0, 0, 0, 0, 0, 290, 0, 0, 0, 0, 0, 0, 0, 0, 0, 0, 0, 0, 338, 0, 0, 0, 0, 0, 0, 0, 0, 0, 0, 0, 0, 335, 0, 0, 0, 0, 0, 0, 0, 0, 0, 0, 0, 342], 'packedBins': {'min': 0, 'size': 0.078125, 'count': 64}}",,0.9996649571252472,,"{'_type': 'histogram', 'values': [352, 0, 0, 0, 0, 0, 0, 0, 0, 0, 0, 0, 312, 0, 0, 0, 0, 0, 0, 0, 0, 0, 0, 0, 0, 350, 0, 0, 0, 0, 0, 0, 0, 0, 0, 0, 0, 0, 344, 0, 0, 0, 0, 0, 0, 0, 0, 0, 0, 0, 0, 331, 0, 0, 0, 0, 0, 0, 0, 0, 0, 0, 0, 359], 'packedBins': {'count': 64, 'min': 0, 'size': 0.078125}}",1784921082.4773455,,,0.9975678028584699,,,,1.0986328125,"{'_type': 'histogram', 'values': [379, 0, 0, 0, 0, 0, 0, 0, 0, 0, 0, 0, 307, 0, 0, 0, 0, 0, 0, 0, 0, 0, 0, 0, 0, 391, 0, 0, 0, 0, 0, 0, 0, 0, 0, 0, 0, 0, 296, 0, 0, 0, 0, 0, 0, 0, 0, 0, 0, 0, 0, 347, 0, 0, 0, 0, 0, 0, 0, 0, 0, 0, 0, 328], 'packedBins': {'min': 0, 'size': 0.078125, 'count': 64}}",,11435.769856,,,0.999260176611968,,1.1103515625,,,0.9972113245563414,"{'_type': 'histogram', 'values': [319, 0, 0, 0, 0, 0, 0, 0, 0, 0, 0, 0, 360, 0, 0, 0, 0, 0, 0, 0, 0, 0, 0, 0, 0, 364, 0, 0, 0, 0, 0, 0, 0, 0, 0, 0, 0, 0, 308, 0, 0, 0, 0, 0, 0, 0, 0, 0, 0, 0, 0, 355, 0, 0, 0, 0, 0, 0, 0, 0, 0, 0, 0, 342], 'packedBins': {'min': 0, 'size': 0.078125, 'count': 64}}",,,,,1.171875,"{'_type': 'histogram', 'values': [356, 0, 0, 0, 0, 0, 0, 0, 0, 0, 0, 0, 356, 0, 0, 0, 0, 0, 0, 0, 0, 0, 0, 0, 0, 318, 0, 0, 0, 0, 0, 0, 0, 0, 0, 0, 0, 0, 344, 0, 0, 0, 0, 0, 0, 0, 0, 0, 0, 0, 0, 375, 0, 0, 0, 0, 0, 0, 0, 0, 0, 0, 0, 299], 'packedBins': {'size': 0.078125, 'count': 64, 'min': 0}}",,"{'_type': 'histogram', 'values': [324, 0, 0, 0, 0, 0, 0, 0, 0, 0, 0, 0, 369, 0, 0, 0, 0, 0, 0, 0, 0, 0, 0, 0, 0, 359, 0, 0, 0, 0, 0, 0, 0, 0, 0, 0, 0, 0, 336, 0, 0, 0, 0, 0, 0, 0, 0, 0, 0, 0, 0, 320, 0, 0, 0, 0, 0, 0, 0, 0, 0, 0, 0, 340], 'packedBins': {'min': 0, 'size': 0.078125, 'count': 64}}",,,7805.475328,1.107421875,"{'_type': 'histogram', 'values': [375, 0, 0, 0, 0, 0, 0, 0, 0, 0, 0, 0, 315, 0, 0, 0, 0, 0, 0, 0, 0, 0, 0, 0, 0, 367, 0, 0, 0, 0, 0, 0, 0, 0, 0, 0, 0, 0, 368, 0, 0, 0, 0, 0, 0, 0, 0, 0, 0, 0, 0, 331, 0, 0, 0, 0, 0, 0, 0, 0, 0, 0, 0, 292], 'packedBins': {'min': 0, 'size': 0.078125, 'count': 64}}",14.804556761420375,0.9996004211131037,3.7956712553335896e-05,"{'values': [326, 0, 0, 0, 0, 0, 0, 0, 0, 0, 0, 0, 321, 0, 0, 0, 0, 0, 0, 0, 0, 0, 0, 0, 0, 328, 0, 0, 0, 0, 0, 0, 0, 0, 0, 0, 0, 0, 339, 0, 0, 0, 0, 0, 0, 0, 0, 0, 0, 0, 0, 418, 0, 0, 0, 0, 0, 0, 0, 0, 0, 0, 0, 316], 'packedBins': {'min': 0, 'size': 0.078125, 'count': 64}, '_type': 'histogram'}",29614.366020208,,,,,5356.583577640247,,,,0.9994030872862816,0.9108931892085821,,,,152043520.0,,,1.0517578125,0.9976789777824819,0.9985355769127366,,,"{'values': [356, 0, 0, 0, 0, 0, 0, 0, 0, 0, 0, 0, 308, 0, 0, 0, 0, 0, 0, 0, 0, 0, 0, 0, 0, 378, 0, 0, 0, 0, 0, 0, 0, 0, 0, 0, 0, 0, 356, 0, 0, 0, 0, 0, 0, 0, 0, 0, 0, 0, 0, 336, 0, 0, 0, 0, 0, 0, 0, 0, 0, 0, 0, 314], 'packedBins': {'size': 0.078125, 'count': 64, 'min': 0}, '_type': 'histogram'}",,,1.0400390625,12.05359431952238,"{'_type': 'histogram', 'values': [335, 0, 0, 0, 0, 0, 0, 0, 0, 0, 0, 0, 331, 0, 0, 0, 0, 0, 0, 0, 0, 0, 0, 0, 0, 358, 0, 0, 0, 0, 0, 0, 0, 0, 0, 0, 0, 0, 358, 0, 0, 0, 0, 0, 0, 0, 0, 0, 0, 0, 0, 342, 0, 0, 0, 0, 0, 0, 0, 0, 0, 0, 0, 324], 'packedBins': {'min': 0, 'size': 0.078125, 'count': 64}}",1.048828125,0.9989265853079604
,"{'_type': 'histogram', 'values': [358, 0, 0, 0, 0, 0, 0, 0, 0, 0, 0, 0, 371, 0, 0, 0, 0, 0, 0, 0, 0, 0, 0, 0, 0, 367, 0, 0, 0, 0, 0, 0, 0, 0, 0, 0, 0, 0, 311, 0, 0, 0, 0, 0, 0, 0, 0, 0, 0, 0, 0, 303, 0, 0, 0, 0, 0, 0, 0, 0, 0, 0, 0, 338], 'packedBins': {'size': 0.078125, 'count': 64, 'min': 0}}",0.4538755416870117,0.9996178524895796,2340,1.2392578125,2.6885476067662237,,,0.998299654542571,1.072265625,1.083984375,1.0546875,0.9993752769222857,,"{'values': [340, 0, 0, 0, 0, 0, 0, 0, 0, 0, 0, 0, 339, 0, 0, 0, 0, 0, 0, 0, 0, 0, 0, 0, 0, 301, 0, 0, 0, 0, 0, 0, 0, 0, 0, 0, 0, 0, 352, 0, 0, 0, 0, 0, 0, 0, 0, 0, 0, 0, 0, 300, 0, 0, 0, 0, 0, 0, 0, 0, 0, 0, 0, 416], 'packedBins': {'count': 64, 'min': 0, 'size': 0.078125}, '_type': 'histogram'}",1.083984375,"{'_type': 'histogram', 'values': [315, 0, 0, 0, 0, 0, 0, 0, 0, 0, 0, 0, 339, 0, 0, 0, 0, 0, 0, 0, 0, 0, 0, 0, 0, 339, 0, 0, 0, 0, 0, 0, 0, 0, 0, 0, 0, 0, 343, 0, 0, 0, 0, 0, 0, 0, 0, 0, 0, 0, 0, 356, 0, 0, 0, 0, 0, 0, 0, 0, 0, 0, 0, 356], 'packedBins': {'min': 0, 'size': 0.078125, 'count': 64}}",,0.9964852611537418,,"{'values': [295, 0, 0, 0, 0, 0, 0, 0, 0, 0, 0, 0, 314, 0, 0, 0, 0, 0, 0, 0, 0, 0, 0, 0, 0, 353, 0, 0, 0, 0, 0, 0, 0, 0, 0, 0, 0, 0, 388, 0, 0, 0, 0, 0, 0, 0, 0, 0, 0, 0, 0, 353, 0, 0, 0, 0, 0, 0, 0, 0, 0, 0, 0, 345], 'packedBins': {'size': 0.078125, 'count': 64, 'min': 0}, '_type': 'histogram'}",1784921327.2967713,,,0.9995410080627489,,,,1.072265625,"{'_type': 'histogram', 'values': [348, 0, 0, 0, 0, 0, 0, 0, 0, 0, 0, 0, 341, 0, 0, 0, 0, 0, 0, 0, 0, 0, 0, 0, 0, 327, 0, 0, 0, 0, 0, 0, 0, 0, 0, 0, 0, 0, 343, 0, 0, 0, 0, 0, 0, 0, 0, 0, 0, 0, 0, 319, 0, 0, 0, 0, 0, 0, 0, 0, 0, 0, 0, 370], 'packedBins': {'min': 0, 'size': 0.078125, 'count': 64}}",,11435.769856,,,0.9996207798963159,,1.0869140625,,,0.9957657844162991,"{'values': [370, 0, 0, 0, 0, 0, 0, 0, 0, 0, 0, 0, 344, 0, 0, 0, 0, 0, 0, 0, 0, 0, 0, 0, 0, 350, 0, 0, 0, 0, 0, 0, 0, 0, 0, 0, 0, 0, 346, 0, 0, 0, 0, 0, 0, 0, 0, 0, 0, 0, 0, 322, 0, 0, 0, 0, 0, 0, 0, 0, 0, 0, 0, 316], 'packedBins': {'count': 64, 'min': 0, 'size': 0.078125}, '_type': 'histogram'}",,,,,1.04296875,"{'_type': 'histogram', 'values': [329, 0, 0, 0, 0, 0, 0, 0, 0, 0, 0, 0, 366, 0, 0, 0, 0, 0, 0, 0, 0, 0, 0, 0, 0, 346, 0, 0, 0, 0, 0, 0, 0, 0, 0, 0, 0, 0, 339, 0, 0, 0, 0, 0, 0, 0, 0, 0, 0, 0, 0, 328, 0, 0, 0, 0, 0, 0, 0, 0, 0, 0, 0, 340], 'packedBins': {'count': 64, 'min': 0, 'size': 0.078125}}",,"{'_type': 'histogram', 'values': [318, 0, 0, 0, 0, 0, 0, 0, 0, 0, 0, 0, 344, 0, 0, 0, 0, 0, 0, 0, 0, 0, 0, 0, 0, 360, 0, 0, 0, 0, 0, 0, 0, 0, 0, 0, 0, 0, 346, 0, 0, 0, 0, 0, 0, 0, 0, 0, 0, 0, 0, 343, 0, 0, 0, 0, 0, 0, 0, 0, 0, 0, 0, 337], 'packedBins': {'min': 0, 'size': 0.078125, 'count': 64}}",,,7805.475328,1.0869140625,"{'packedBins': {'min': 0, 'size': 0.078125, 'count': 64}, '_type': 'histogram', 'values': [303, 0, 0, 0, 0, 0, 0, 0, 0, 0, 0, 0, 341, 0, 0, 0, 0, 0, 0, 0, 0, 0, 0, 0, 0, 353, 0, 0, 0, 0, 0, 0, 0, 0, 0, 0, 0, 0, 366, 0, 0, 0, 0, 0, 0, 0, 0, 0, 0, 0, 0, 323, 0, 0, 0, 0, 0, 0, 0, 0, 0, 0, 0, 362]}",14.710295264332114,0.998578623098156,3.67810283980354e-05,"{'values': [315, 0, 0, 0, 0, 0, 0, 0, 0, 0, 0, 0, 332, 0, 0, 0, 0, 0, 0, 0, 0, 0, 0, 0, 0, 296, 0, 0, 0, 0, 0, 0, 0, 0, 0, 0, 0, 0, 368, 0, 0, 0, 0, 0, 0, 0, 0, 0, 0, 0, 0, 314, 0, 0, 0, 0, 0, 0, 0, 0, 0, 0, 0, 423], 'packedBins': {'min': 0, 'size': 0.078125, 'count': 64}, '_type': 'histogram'}",29860.215689774,,,,,5356.671361208023,,,,0.997849831884734,0.907836285373196,,,,153354240.0,,,1.13671875,0.9987953177286212,0.9992516605196439,,,"{'values': [325, 0, 0, 0, 0, 0, 0, 0, 0, 0, 0, 0, 328, 0, 0, 0, 0, 0, 0, 0, 0, 0, 0, 0, 0, 345, 0, 0, 0, 0, 0, 0, 0, 0, 0, 0, 0, 0, 323, 0, 0, 0, 0, 0, 0, 0, 0, 0, 0, 0, 0, 356, 0, 0, 0, 0, 0, 0, 0, 0, 0, 0, 0, 371], 'packedBins': {'min': 0, 'size': 0.078125, 'count': 64}, '_type': 'histogram'}",,,1.21875,12.054192206263542,"{'values': [357, 0, 0, 0, 0, 0, 0, 0, 0, 0, 0, 0, 304, 0, 0, 0, 0, 0, 0, 0, 0, 0, 0, 0, 0, 362, 0, 0, 0, 0, 0, 0, 0, 0, 0, 0, 0, 0, 325, 0, 0, 0, 0, 0, 0, 0, 0, 0, 0, 0, 0, 327, 0, 0, 0, 0, 0, 0, 0, 0, 0, 0, 0, 373], 'packedBins': {'min': 0, 'size': 0.078125, 'count': 64}, '_type': 'histogram'}",1.0927734375,0.9992246485393034
,"{'_type': 'histogram', 'values': [353, 0, 0, 0, 0, 0, 0, 0, 0, 0, 0, 0, 297, 0, 0, 0, 0, 0, 0, 0, 0, 0, 0, 0, 0, 337, 0, 0, 0, 0, 0, 0, 0, 0, 0, 0, 0, 0, 346, 0, 0, 0, 0, 0, 0, 0, 0, 0, 0, 0, 0, 381, 0, 0, 0, 0, 0, 0, 0, 0, 0, 0, 0, 334], 'packedBins': {'min': 0, 'size': 0.078125, 'count': 64}}",0.44609910249710083,0.995939432861345,2360,1.0751953125,2.7047056874260305,,,0.9984824178676823,1.189453125,1.125,1.154296875,0.995659067134363,,"{'packedBins': {'count': 64, 'min': 0, 'size': 0.078125}, '_type': 'histogram', 'values': [341, 0, 0, 0, 0, 0, 0, 0, 0, 0, 0, 0, 336, 0, 0, 0, 0, 0, 0, 0, 0, 0, 0, 0, 0, 373, 0, 0, 0, 0, 0, 0, 0, 0, 0, 0, 0, 0, 335, 0, 0, 0, 0, 0, 0, 0, 0, 0, 0, 0, 0, 346, 0, 0, 0, 0, 0, 0, 0, 0, 0, 0, 0, 317]}",1.1513671875,"{'_type': 'histogram', 'values': [306, 0, 0, 0, 0, 0, 0, 0, 0, 0, 0, 0, 355, 0, 0, 0, 0, 0, 0, 0, 0, 0, 0, 0, 0, 346, 0, 0, 0, 0, 0, 0, 0, 0, 0, 0, 0, 0, 407, 0, 0, 0, 0, 0, 0, 0, 0, 0, 0, 0, 0, 337, 0, 0, 0, 0, 0, 0, 0, 0, 0, 0, 0, 297], 'packedBins': {'min': 0, 'size': 0.078125, 'count': 64}}",,0.999333095652493,,"{'values': [343, 0, 0, 0, 0, 0, 0, 0, 0, 0, 0, 0, 312, 0, 0, 0, 0, 0, 0, 0, 0, 0, 0, 0, 0, 342, 0, 0, 0, 0, 0, 0, 0, 0, 0, 0, 0, 0, 374, 0, 0, 0, 0, 0, 0, 0, 0, 0, 0, 0, 0, 334, 0, 0, 0, 0, 0, 0, 0, 0, 0, 0, 0, 343], 'packedBins': {'min': 0, 'size': 0.078125, 'count': 64}, '_type': 'histogram'}",1784921573.1463923,,,0.9969523155921409,,,,1.1484375,"{'values': [266, 0, 0, 0, 0, 0, 0, 0, 0, 0, 0, 0, 357, 0, 0, 0, 0, 0, 0, 0, 0, 0, 0, 0, 0, 346, 0, 0, 0, 0, 0, 0, 0, 0, 0, 0, 0, 0, 393, 0, 0, 0, 0, 0, 0, 0, 0, 0, 0, 0, 0, 312, 0, 0, 0, 0, 0, 0, 0, 0, 0, 0, 0, 374], 'packedBins': {'min': 0, 'size': 0.078125, 'count': 64}, '_type': 'histogram'}",,11435.769856,,,0.9983564728460457,,1.1162109375,,,0.9989014362228159,"{'_type': 'histogram', 'values': [378, 0, 0, 0, 0, 0, 0, 0, 0, 0, 0, 0, 384, 0, 0, 0, 0, 0, 0, 0, 0, 0, 0, 0, 0, 325, 0, 0, 0, 0, 0, 0, 0, 0, 0, 0, 0, 0, 332, 0, 0, 0, 0, 0, 0, 0, 0, 0, 0, 0, 0, 289, 0, 0, 0, 0, 0, 0, 0, 0, 0, 0, 0, 340], 'packedBins': {'min': 0, 'size': 0.078125, 'count': 64}}",,,,,1.1923828125,"{'_type': 'histogram', 'values': [406, 0, 0, 0, 0, 0, 0, 0, 0, 0, 0, 0, 294, 0, 0, 0, 0, 0, 0, 0, 0, 0, 0, 0, 0, 386, 0, 0, 0, 0, 0, 0, 0, 0, 0, 0, 0, 0, 341, 0, 0, 0, 0, 0, 0, 0, 0, 0, 0, 0, 0, 309, 0, 0, 0, 0, 0, 0, 0, 0, 0, 0, 0, 312], 'packedBins': {'min': 0, 'size': 0.078125, 'count': 64}}",,"{'packedBins': {'size': 0.078125, 'count': 64, 'min': 0}, '_type': 'histogram', 'values': [345, 0, 0, 0, 0, 0, 0, 0, 0, 0, 0, 0, 394, 0, 0, 0, 0, 0, 0, 0, 0, 0, 0, 0, 0, 324, 0, 0, 0, 0, 0, 0, 0, 0, 0, 0, 0, 0, 347, 0, 0, 0, 0, 0, 0, 0, 0, 0, 0, 0, 0, 312, 0, 0, 0, 0, 0, 0, 0, 0, 0, 0, 0, 326]}",,,7805.475328,1.072265625,"{'_type': 'histogram', 'values': [392, 0, 0, 0, 0, 0, 0, 0, 0, 0, 0, 0, 334, 0, 0, 0, 0, 0, 0, 0, 0, 0, 0, 0, 0, 332, 0, 0, 0, 0, 0, 0, 0, 0, 0, 0, 0, 0, 361, 0, 0, 0, 0, 0, 0, 0, 0, 0, 0, 0, 0, 315, 0, 0, 0, 0, 0, 0, 0, 0, 0, 0, 0, 314], 'packedBins': {'min': 0, 'size': 0.078125, 'count': 64}}",14.949916094696015,0.9992952389608335,3.564118102160195e-05,"{'values': [328, 0, 0, 0, 0, 0, 0, 0, 0, 0, 0, 0, 309, 0, 0, 0, 0, 0, 0, 0, 0, 0, 0, 0, 0, 328, 0, 0, 0, 0, 0, 0, 0, 0, 0, 0, 0, 0, 350, 0, 0, 0, 0, 0, 0, 0, 0, 0, 0, 0, 0, 367, 0, 0, 0, 0, 0, 0, 0, 0, 0, 0, 0, 366], 'packedBins': {'min': 0, 'size': 0.078125, 'count': 64}, '_type': 'histogram'}",30106.909241523,,,,,5334.2100280871255,,,,0.999209213121966,0.8982880858704447,,,,154664960.0,,,1.095703125,0.9982234754354532,0.9991454089615067,,,"{'values': [366, 0, 0, 0, 0, 0, 0, 0, 0, 0, 0, 0, 347, 0, 0, 0, 0, 0, 0, 0, 0, 0, 0, 0, 0, 362, 0, 0, 0, 0, 0, 0, 0, 0, 0, 0, 0, 0, 336, 0, 0, 0, 0, 0, 0, 0, 0, 0, 0, 0, 0, 319, 0, 0, 0, 0, 0, 0, 0, 0, 0, 0, 0, 318], 'packedBins': {'min': 0, 'size': 0.078125, 'count': 64}, '_type': 'histogram'}",,,1.0927734375,12.050392936170102,"{'packedBins': {'min': 0, 'size': 0.078125, 'count': 64}, '_type': 'histogram', 'values': [356, 0, 0, 0, 0, 0, 0, 0, 0, 0, 0, 0, 356, 0, 0, 0, 0, 0, 0, 0, 0, 0, 0, 0, 0, 328, 0, 0, 0, 0, 0, 0, 0, 0, 0, 0, 0, 0, 353, 0, 0, 0, 0, 0, 0, 0, 0, 0, 0, 0, 0, 310, 0, 0, 0, 0, 0, 0, 0, 0, 0, 0, 0, 345]}",1.04296875,0.9974854362780229
,"{'values': [400, 0, 0, 0, 0, 0, 0, 0, 0, 0, 0, 0, 307, 0, 0, 0, 0, 0, 0, 0, 0, 0, 0, 0, 0, 345, 0, 0, 0, 0, 0, 0, 0, 0, 0, 0, 0, 0, 335, 0, 0, 0, 0, 0, 0, 0, 0, 0, 0, 0, 0, 377, 0, 0, 0, 0, 0, 0, 0, 0, 0, 0, 0, 284], 'packedBins': {'min': 0, 'size': 0.078125, 'count': 64}, '_type': 'histogram'}",0.4528602957725525,0.9994677563623675,2380,1.1279296875,2.628554587252438,,,0.996306423214936,1.0693359375,1.1806640625,1.0546875,0.9991899188502943,,"{'values': [340, 0, 0, 0, 0, 0, 0, 0, 0, 0, 0, 0, 376, 0, 0, 0, 0, 0, 0, 0, 0, 0, 0, 0, 0, 381, 0, 0, 0, 0, 0, 0, 0, 0, 0, 0, 0, 0, 295, 0, 0, 0, 0, 0, 0, 0, 0, 0, 0, 0, 0, 339, 0, 0, 0, 0, 0, 0, 0, 0, 0, 0, 0, 317], 'packedBins': {'count': 64, 'min': 0, 'size': 0.078125}, '_type': 'histogram'}",1.072265625,"{'_type': 'histogram', 'values': [294, 0, 0, 0, 0, 0, 0, 0, 0, 0, 0, 0, 385, 0, 0, 0, 0, 0, 0, 0, 0, 0, 0, 0, 0, 364, 0, 0, 0, 0, 0, 0, 0, 0, 0, 0, 0, 0, 344, 0, 0, 0, 0, 0, 0, 0, 0, 0, 0, 0, 0, 328, 0, 0, 0, 0, 0, 0, 0, 0, 0, 0, 0, 333], 'packedBins': {'min': 0, 'size': 0.078125, 'count': 64}}",,0.9977869591718725,,"{'_type': 'histogram', 'values': [319, 0, 0, 0, 0, 0, 0, 0, 0, 0, 0, 0, 369, 0, 0, 0, 0, 0, 0, 0, 0, 0, 0, 0, 0, 339, 0, 0, 0, 0, 0, 0, 0, 0, 0, 0, 0, 0, 348, 0, 0, 0, 0, 0, 0, 0, 0, 0, 0, 0, 0, 358, 0, 0, 0, 0, 0, 0, 0, 0, 0, 0, 0, 315], 'packedBins': {'size': 0.078125, 'count': 64, 'min': 0}}",1784921819.840426,,,0.9980271395882002,,,,1.1865234375,"{'_type': 'histogram', 'values': [344, 0, 0, 0, 0, 0, 0, 0, 0, 0, 0, 0, 366, 0, 0, 0, 0, 0, 0, 0, 0, 0, 0, 0, 0, 331, 0, 0, 0, 0, 0, 0, 0, 0, 0, 0, 0, 0, 361, 0, 0, 0, 0, 0, 0, 0, 0, 0, 0, 0, 0, 334, 0, 0, 0, 0, 0, 0, 0, 0, 0, 0, 0, 312], 'packedBins': {'min': 0, 'size': 0.078125, 'count': 64}}",,11435.769856,,,0.9994142646574569,,1.171875,,,0.9977067881464778,"{'_type': 'histogram', 'values': [339, 0, 0, 0, 0, 0, 0, 0, 0, 0, 0, 0, 336, 0, 0, 0, 0, 0, 0, 0, 0, 0, 0, 0, 0, 315, 0, 0, 0, 0, 0, 0, 0, 0, 0, 0, 0, 0, 334, 0, 0, 0, 0, 0, 0, 0, 0, 0, 0, 0, 0, 321, 0, 0, 0, 0, 0, 0, 0, 0, 0, 0, 0, 403], 'packedBins': {'min': 0, 'size': 0.078125, 'count': 64}}",,,,,1.1279296875,"{'_type': 'histogram', 'values': [365, 0, 0, 0, 0, 0, 0, 0, 0, 0, 0, 0, 349, 0, 0, 0, 0, 0, 0, 0, 0, 0, 0, 0, 0, 337, 0, 0, 0, 0, 0, 0, 0, 0, 0, 0, 0, 0, 333, 0, 0, 0, 0, 0, 0, 0, 0, 0, 0, 0, 0, 347, 0, 0, 0, 0, 0, 0, 0, 0, 0, 0, 0, 317], 'packedBins': {'min': 0, 'size': 0.078125, 'count': 64}}",,"{'_type': 'histogram', 'values': [360, 0, 0, 0, 0, 0, 0, 0, 0, 0, 0, 0, 335, 0, 0, 0, 0, 0, 0, 0, 0, 0, 0, 0, 0, 339, 0, 0, 0, 0, 0, 0, 0, 0, 0, 0, 0, 0, 353, 0, 0, 0, 0, 0, 0, 0, 0, 0, 0, 0, 0, 349, 0, 0, 0, 0, 0, 0, 0, 0, 0, 0, 0, 312], 'packedBins': {'min': 0, 'size': 0.078125, 'count': 64}}",,,7805.475328,1.0986328125,"{'_type': 'histogram', 'values': [346, 0, 0, 0, 0, 0, 0, 0, 0, 0, 0, 0, 336, 0, 0, 0, 0, 0, 0, 0, 0, 0, 0, 0, 0, 329, 0, 0, 0, 0, 0, 0, 0, 0, 0, 0, 0, 0, 297, 0, 0, 0, 0, 0, 0, 0, 0, 0, 0, 0, 0, 405, 0, 0, 0, 0, 0, 0, 0, 0, 0, 0, 0, 335], 'packedBins': {'min': 0, 'size': 0.078125, 'count': 64}}",13.853731063941499,0.9994719478765584,3.453772831849213e-05,"{'values': [353, 0, 0, 0, 0, 0, 0, 0, 0, 0, 0, 0, 362, 0, 0, 0, 0, 0, 0, 0, 0, 0, 0, 0, 0, 385, 0, 0, 0, 0, 0, 0, 0, 0, 0, 0, 0, 0, 320, 0, 0, 0, 0, 0, 0, 0, 0, 0, 0, 0, 0, 289, 0, 0, 0, 0, 0, 0, 0, 0, 0, 0, 0, 339], 'packedBins': {'min': 0, 'size': 0.078125, 'count': 64}, '_type': 'histogram'}",30352.919206446,,,,,5315.964643139316,,,,0.9990855967193242,0.8843687138985843,,,,155975680.0,,,1.0810546875,0.9975554279118114,0.9990528629894535,,,"{'_type': 'histogram', 'values': [341, 0, 0, 0, 0, 0, 0, 0, 0, 0, 0, 0, 375, 0, 0, 0, 0, 0, 0, 0, 0, 0, 0, 0, 0, 347, 0, 0, 0, 0, 0, 0, 0, 0, 0, 0, 0, 0, 319, 0, 0, 0, 0, 0, 0, 0, 0, 0, 0, 0, 0, 350, 0, 0, 0, 0, 0, 0, 0, 0, 0, 0, 0, 316], 'packedBins': {'min': 0, 'size': 0.078125, 'count': 64}}",,,1.1162109375,12.049940752983094,"{'values': [338, 0, 0, 0, 0, 0, 0, 0, 0, 0, 0, 0, 343, 0, 0, 0, 0, 0, 0, 0, 0, 0, 0, 0, 0, 352, 0, 0, 0, 0, 0, 0, 0, 0, 0, 0, 0, 0, 366, 0, 0, 0, 0, 0, 0, 0, 0, 0, 0, 0, 0, 328, 0, 0, 0, 0, 0, 0, 0, 0, 0, 0, 0, 321], 'packedBins': {'size': 0.078125, 'count': 64, 'min': 0}, '_type': 'histogram'}",1.072265625,0.9980780365462308
,"{'_type': 'histogram', 'values': [398, 0, 0, 0, 0, 0, 0, 0, 0, 0, 0, 0, 341, 0, 0, 0, 0, 0, 0, 0, 0, 0, 0, 0, 0, 310, 0, 0, 0, 0, 0, 0, 0, 0, 0, 0, 0, 0, 317, 0, 0, 0, 0, 0, 0, 0, 0, 0, 0, 0, 0, 346, 0, 0, 0, 0, 0, 0, 0, 0, 0, 0, 0, 336], 'packedBins': {'min': 0, 'size': 0.078125, 'count': 64}}",1.0488617420196533,0.9996192496609765,2400,1.1015625,2.6493184681981803,,,0.9981169577494308,1.0458984375,1.18359375,1.11328125,0.9975930184755857,,"{'values': [380, 0, 0, 0, 0, 0, 0, 0, 0, 0, 0, 0, 347, 0, 0, 0, 0, 0, 0, 0, 0, 0, 0, 0, 0, 329, 0, 0, 0, 0, 0, 0, 0, 0, 0, 0, 0, 0, 344, 0, 0, 0, 0, 0, 0, 0, 0, 0, 0, 0, 0, 312, 0, 0, 0, 0, 0, 0, 0, 0, 0, 0, 0, 336], 'packedBins': {'size': 0.078125, 'count': 64, 'min': 0}, '_type': 'histogram'}",1.095703125,"{'values': [265, 0, 0, 0, 0, 0, 0, 0, 0, 0, 0, 0, 329, 0, 0, 0, 0, 0, 0, 0, 0, 0, 0, 0, 0, 405, 0, 0, 0, 0, 0, 0, 0, 0, 0, 0, 0, 0, 350, 0, 0, 0, 0, 0, 0, 0, 0, 0, 0, 0, 0, 350, 0, 0, 0, 0, 0, 0, 0, 0, 0, 0, 0, 349], 'packedBins': {'min': 0, 'size': 0.078125, 'count': 64}, '_type': 'histogram'}",,0.9989822725679234,,"{'_type': 'histogram', 'values': [342, 0, 0, 0, 0, 0, 0, 0, 0, 0, 0, 0, 376, 0, 0, 0, 0, 0, 0, 0, 0, 0, 0, 0, 0, 351, 0, 0, 0, 0, 0, 0, 0, 0, 0, 0, 0, 0, 263, 0, 0, 0, 0, 0, 0, 0, 0, 0, 0, 0, 0, 349, 0, 0, 0, 0, 0, 0, 0, 0, 0, 0, 0, 367], 'packedBins': {'size': 0.078125, 'count': 64, 'min': 0}}",1784922065.8504124,,,0.9958080322180632,,,,1.1279296875,"{'_type': 'histogram', 'values': [284, 0, 0, 0, 0, 0, 0, 0, 0, 0, 0, 0, 365, 0, 0, 0, 0, 0, 0, 0, 0, 0, 0, 0, 0, 374, 0, 0, 0, 0, 0, 0, 0, 0, 0, 0, 0, 0, 327, 0, 0, 0, 0, 0, 0, 0, 0, 0, 0, 0, 0, 331, 0, 0, 0, 0, 0, 0, 0, 0, 0, 0, 0, 367], 'packedBins': {'count': 64, 'min': 0, 'size': 0.078125}}",,11435.769856,,,0.9977381247049516,,1.166015625,,,0.9972810500622449,"{'_type': 'histogram', 'values': [321, 0, 0, 0, 0, 0, 0, 0, 0, 0, 0, 0, 361, 0, 0, 0, 0, 0, 0, 0, 0, 0, 0, 0, 0, 308, 0, 0, 0, 0, 0, 0, 0, 0, 0, 0, 0, 0, 323, 0, 0, 0, 0, 0, 0, 0, 0, 0, 0, 0, 0, 331, 0, 0, 0, 0, 0, 0, 0, 0, 0, 0, 0, 404], 'packedBins': {'size': 0.078125, 'count': 64, 'min': 0}}",,,,,1.1865234375,"{'_type': 'histogram', 'values': [343, 0, 0, 0, 0, 0, 0, 0, 0, 0, 0, 0, 353, 0, 0, 0, 0, 0, 0, 0, 0, 0, 0, 0, 0, 345, 0, 0, 0, 0, 0, 0, 0, 0, 0, 0, 0, 0, 357, 0, 0, 0, 0, 0, 0, 0, 0, 0, 0, 0, 0, 322, 0, 0, 0, 0, 0, 0, 0, 0, 0, 0, 0, 328], 'packedBins': {'count': 64, 'min': 0, 'size': 0.078125}}",,"{'_type': 'histogram', 'values': [306, 0, 0, 0, 0, 0, 0, 0, 0, 0, 0, 0, 353, 0, 0, 0, 0, 0, 0, 0, 0, 0, 0, 0, 0, 302, 0, 0, 0, 0, 0, 0, 0, 0, 0, 0, 0, 0, 375, 0, 0, 0, 0, 0, 0, 0, 0, 0, 0, 0, 0, 380, 0, 0, 0, 0, 0, 0, 0, 0, 0, 0, 0, 332], 'packedBins': {'min': 0, 'size': 0.078125, 'count': 64}}",,,7805.475328,1.177734375,"{'_type': 'histogram', 'values': [385, 0, 0, 0, 0, 0, 0, 0, 0, 0, 0, 0, 336, 0, 0, 0, 0, 0, 0, 0, 0, 0, 0, 0, 0, 378, 0, 0, 0, 0, 0, 0, 0, 0, 0, 0, 0, 0, 330, 0, 0, 0, 0, 0, 0, 0, 0, 0, 0, 0, 0, 361, 0, 0, 0, 0, 0, 0, 0, 0, 0, 0, 0, 258], 'packedBins': {'size': 0.078125, 'count': 64, 'min': 0}}",14.144395504341695,0.9981555462927744,3.3471210369912305e-05,"{'values': [280, 0, 0, 0, 0, 0, 0, 0, 0, 0, 0, 0, 315, 0, 0, 0, 0, 0, 0, 0, 0, 0, 0, 0, 0, 376, 0, 0, 0, 0, 0, 0, 0, 0, 0, 0, 0, 0, 358, 0, 0, 0, 0, 0, 0, 0, 0, 0, 0, 0, 0, 358, 0, 0, 0, 0, 0, 0, 0, 0, 0, 0, 0, 361], 'packedBins': {'min': 0, 'size': 0.078125, 'count': 64}, '_type': 'histogram'}",30598.194915604,,,,,5330.718603395547,,,,0.9965568495548411,0.8907857251819223,,,,157286400.0,,,1.1015625,0.9955060436004146,0.9979399161738496,,,"{'values': [402, 0, 0, 0, 0, 0, 0, 0, 0, 0, 0, 0, 309, 0, 0, 0, 0, 0, 0, 0, 0, 0, 0, 0, 0, 350, 0, 0, 0, 0, 0, 0, 0, 0, 0, 0, 0, 0, 328, 0, 0, 0, 0, 0, 0, 0, 0, 0, 0, 0, 0, 324, 0, 0, 0, 0, 0, 0, 0, 0, 0, 0, 0, 335], 'packedBins': {'min': 0, 'size': 0.078125, 'count': 64}, '_type': 'histogram'}",,,1.11328125,12.053991834819318,"{'packedBins': {'min': 0, 'size': 0.078125, 'count': 64}, '_type': 'histogram', 'values': [390, 0, 0, 0, 0, 0, 0, 0, 0, 0, 0, 0, 333, 0, 0, 0, 0, 0, 0, 0, 0, 0, 0, 0, 0, 326, 0, 0, 0, 0, 0, 0, 0, 0, 0, 0, 0, 0, 360, 0, 0, 0, 0, 0, 0, 0, 0, 0, 0, 0, 0, 338, 0, 0, 0, 0, 0, 0, 0, 0, 0, 0, 0, 301]}",1.142578125,0.9975618815130258
,"{'_type': 'histogram', 'values': [347, 0, 0, 0, 0, 0, 0, 0, 0, 0, 0, 0, 320, 0, 0, 0, 0, 0, 0, 0, 0, 0, 0, 0, 0, 343, 0, 0, 0, 0, 0, 0, 0, 0, 0, 0, 0, 0, 343, 0, 0, 0, 0, 0, 0, 0, 0, 0, 0, 0, 0, 386, 0, 0, 0, 0, 0, 0, 0, 0, 0, 0, 0, 309], 'packedBins': {'min': 0, 'size': 0.078125, 'count': 64}}",0.4414158761501312,0.9986550018011877,2420,1.1044921875,2.6666965638287365,,,0.9986045040349847,1.125,1.3095703125,1.0546875,0.9991114111241816,,"{'values': [313, 0, 0, 0, 0, 0, 0, 0, 0, 0, 0, 0, 359, 0, 0, 0, 0, 0, 0, 0, 0, 0, 0, 0, 0, 381, 0, 0, 0, 0, 0, 0, 0, 0, 0, 0, 0, 0, 335, 0, 0, 0, 0, 0, 0, 0, 0, 0, 0, 0, 0, 321, 0, 0, 0, 0, 0, 0, 0, 0, 0, 0, 0, 339], 'packedBins': {'count': 64, 'min': 0, 'size': 0.078125}, '_type': 'histogram'}",1.1044921875,"{'_type': 'histogram', 'values': [343, 0, 0, 0, 0, 0, 0, 0, 0, 0, 0, 0, 362, 0, 0, 0, 0, 0, 0, 0, 0, 0, 0, 0, 0, 359, 0, 0, 0, 0, 0, 0, 0, 0, 0, 0, 0, 0, 293, 0, 0, 0, 0, 0, 0, 0, 0, 0, 0, 0, 0, 344, 0, 0, 0, 0, 0, 0, 0, 0, 0, 0, 0, 347], 'packedBins': {'min': 0, 'size': 0.078125, 'count': 64}}",,0.9987559973335937,,"{'_type': 'histogram', 'values': [370, 0, 0, 0, 0, 0, 0, 0, 0, 0, 0, 0, 294, 0, 0, 0, 0, 0, 0, 0, 0, 0, 0, 0, 0, 398, 0, 0, 0, 0, 0, 0, 0, 0, 0, 0, 0, 0, 344, 0, 0, 0, 0, 0, 0, 0, 0, 0, 0, 0, 0, 317, 0, 0, 0, 0, 0, 0, 0, 0, 0, 0, 0, 325], 'packedBins': {'size': 0.078125, 'count': 64, 'min': 0}}",1784922311.1261525,,,0.9987136829998583,,,,1.130859375,"{'_type': 'histogram', 'values': [311, 0, 0, 0, 0, 0, 0, 0, 0, 0, 0, 0, 377, 0, 0, 0, 0, 0, 0, 0, 0, 0, 0, 0, 0, 342, 0, 0, 0, 0, 0, 0, 0, 0, 0, 0, 0, 0, 338, 0, 0, 0, 0, 0, 0, 0, 0, 0, 0, 0, 0, 336, 0, 0, 0, 0, 0, 0, 0, 0, 0, 0, 0, 344], 'packedBins': {'min': 0, 'size': 0.078125, 'count': 64}}",,11435.769856,,,0.9988270534789228,,1.130859375,,,0.9972537054220479,"{'_type': 'histogram', 'values': [357, 0, 0, 0, 0, 0, 0, 0, 0, 0, 0, 0, 447, 0, 0, 0, 0, 0, 0, 0, 0, 0, 0, 0, 0, 296, 0, 0, 0, 0, 0, 0, 0, 0, 0, 0, 0, 0, 295, 0, 0, 0, 0, 0, 0, 0, 0, 0, 0, 0, 0, 329, 0, 0, 0, 0, 0, 0, 0, 0, 0, 0, 0, 324], 'packedBins': {'size': 0.078125, 'count': 64, 'min': 0}}",,,,,1.060546875,"{'_type': 'histogram', 'values': [384, 0, 0, 0, 0, 0, 0, 0, 0, 0, 0, 0, 304, 0, 0, 0, 0, 0, 0, 0, 0, 0, 0, 0, 0, 338, 0, 0, 0, 0, 0, 0, 0, 0, 0, 0, 0, 0, 351, 0, 0, 0, 0, 0, 0, 0, 0, 0, 0, 0, 0, 336, 0, 0, 0, 0, 0, 0, 0, 0, 0, 0, 0, 335], 'packedBins': {'min': 0, 'size': 0.078125, 'count': 64}}",,"{'_type': 'histogram', 'values': [360, 0, 0, 0, 0, 0, 0, 0, 0, 0, 0, 0, 337, 0, 0, 0, 0, 0, 0, 0, 0, 0, 0, 0, 0, 357, 0, 0, 0, 0, 0, 0, 0, 0, 0, 0, 0, 0, 339, 0, 0, 0, 0, 0, 0, 0, 0, 0, 0, 0, 0, 297, 0, 0, 0, 0, 0, 0, 0, 0, 0, 0, 0, 358], 'packedBins': {'min': 0, 'size': 0.078125, 'count': 64}}",,,7805.475328,1.0986328125,"{'_type': 'histogram', 'values': [362, 0, 0, 0, 0, 0, 0, 0, 0, 0, 0, 0, 283, 0, 0, 0, 0, 0, 0, 0, 0, 0, 0, 0, 0, 371, 0, 0, 0, 0, 0, 0, 0, 0, 0, 0, 0, 0, 343, 0, 0, 0, 0, 0, 0, 0, 0, 0, 0, 0, 0, 386, 0, 0, 0, 0, 0, 0, 0, 0, 0, 0, 0, 303], 'packedBins': {'min': 0, 'size': 0.078125, 'count': 64}}",14.392346379029988,0.9982823562300377,3.24421491794777e-05,"{'values': [377, 0, 0, 0, 0, 0, 0, 0, 0, 0, 0, 0, 348, 0, 0, 0, 0, 0, 0, 0, 0, 0, 0, 0, 0, 338, 0, 0, 0, 0, 0, 0, 0, 0, 0, 0, 0, 0, 375, 0, 0, 0, 0, 0, 0, 0, 0, 0, 0, 0, 0, 277, 0, 0, 0, 0, 0, 0, 0, 0, 0, 0, 0, 333], 'packedBins': {'min': 0, 'size': 0.078125, 'count': 64}, '_type': 'histogram'}",30843.661808638,,,,,5346.670738450934,,,,0.9971724033531415,0.8973783920519054,,,,158597120.0,,,1.166015625,0.9966734135685271,0.9984106964026405,,,"{'packedBins': {'size': 0.078125, 'count': 64, 'min': 0}, '_type': 'histogram', 'values': [342, 0, 0, 0, 0, 0, 0, 0, 0, 0, 0, 0, 356, 0, 0, 0, 0, 0, 0, 0, 0, 0, 0, 0, 0, 343, 0, 0, 0, 0, 0, 0, 0, 0, 0, 0, 0, 0, 291, 0, 0, 0, 0, 0, 0, 0, 0, 0, 0, 0, 0, 375, 0, 0, 0, 0, 0, 0, 0, 0, 0, 0, 0, 341]}",,,1.1162109375,12.052037523686886,"{'values': [387, 0, 0, 0, 0, 0, 0, 0, 0, 0, 0, 0, 341, 0, 0, 0, 0, 0, 0, 0, 0, 0, 0, 0, 0, 313, 0, 0, 0, 0, 0, 0, 0, 0, 0, 0, 0, 0, 363, 0, 0, 0, 0, 0, 0, 0, 0, 0, 0, 0, 0, 311, 0, 0, 0, 0, 0, 0, 0, 0, 0, 0, 0, 333], 'packedBins': {'min': 0, 'size': 0.078125, 'count': 64}, '_type': 'histogram'}",1.1337890625,0.9939046190516589
,"{'packedBins': {'count': 64, 'min': 0, 'size': 0.078125}, '_type': 'histogram', 'values': [351, 0, 0, 0, 0, 0, 0, 0, 0, 0, 0, 0, 307, 0, 0, 0, 0, 0, 0, 0, 0, 0, 0, 0, 0, 348, 0, 0, 0, 0, 0, 0, 0, 0, 0, 0, 0, 0, 339, 0, 0, 0, 0, 0, 0, 0, 0, 0, 0, 0, 0, 390, 0, 0, 0, 0, 0, 0, 0, 0, 0, 0, 0, 313]}",0.4544433355331421,0.9986563989725846,2440,1.060546875,2.7075556380674244,,,0.9982228766477116,1.1103515625,1.0400390625,1.154296875,0.9984966557095367,,"{'values': [336, 0, 0, 0, 0, 0, 0, 0, 0, 0, 0, 0, 340, 0, 0, 0, 0, 0, 0, 0, 0, 0, 0, 0, 0, 379, 0, 0, 0, 0, 0, 0, 0, 0, 0, 0, 0, 0, 347, 0, 0, 0, 0, 0, 0, 0, 0, 0, 0, 0, 0, 312, 0, 0, 0, 0, 0, 0, 0, 0, 0, 0, 0, 334], 'packedBins': {'count': 64, 'min': 0, 'size': 0.078125}, '_type': 'histogram'}",1.11328125,"{'_type': 'histogram', 'values': [397, 0, 0, 0, 0, 0, 0, 0, 0, 0, 0, 0, 322, 0, 0, 0, 0, 0, 0, 0, 0, 0, 0, 0, 0, 323, 0, 0, 0, 0, 0, 0, 0, 0, 0, 0, 0, 0, 345, 0, 0, 0, 0, 0, 0, 0, 0, 0, 0, 0, 0, 345, 0, 0, 0, 0, 0, 0, 0, 0, 0, 0, 0, 316], 'packedBins': {'min': 0, 'size': 0.078125, 'count': 64}}",,0.9990531291173387,,"{'_type': 'histogram', 'values': [307, 0, 0, 0, 0, 0, 0, 0, 0, 0, 0, 0, 334, 0, 0, 0, 0, 0, 0, 0, 0, 0, 0, 0, 0, 315, 0, 0, 0, 0, 0, 0, 0, 0, 0, 0, 0, 0, 362, 0, 0, 0, 0, 0, 0, 0, 0, 0, 0, 0, 0, 366, 0, 0, 0, 0, 0, 0, 0, 0, 0, 0, 0, 364], 'packedBins': {'size': 0.078125, 'count': 64, 'min': 0}}",1784922556.5929742,,,0.9982629954263946,,,,1.0546875,"{'_type': 'histogram', 'values': [338, 0, 0, 0, 0, 0, 0, 0, 0, 0, 0, 0, 309, 0, 0, 0, 0, 0, 0, 0, 0, 0, 0, 0, 0, 356, 0, 0, 0, 0, 0, 0, 0, 0, 0, 0, 0, 0, 380, 0, 0, 0, 0, 0, 0, 0, 0, 0, 0, 0, 0, 312, 0, 0, 0, 0, 0, 0, 0, 0, 0, 0, 0, 353], 'packedBins': {'min': 0, 'size': 0.078125, 'count': 64}}",,11435.769856,,,0.9964384226459594,,1.142578125,,,0.999356248778499,"{'_type': 'histogram', 'values': [355, 0, 0, 0, 0, 0, 0, 0, 0, 0, 0, 0, 344, 0, 0, 0, 0, 0, 0, 0, 0, 0, 0, 0, 0, 345, 0, 0, 0, 0, 0, 0, 0, 0, 0, 0, 0, 0, 323, 0, 0, 0, 0, 0, 0, 0, 0, 0, 0, 0, 0, 343, 0, 0, 0, 0, 0, 0, 0, 0, 0, 0, 0, 338], 'packedBins': {'min': 0, 'size': 0.078125, 'count': 64}}",,,,,1.1630859375,"{'_type': 'histogram', 'values': [299, 0, 0, 0, 0, 0, 0, 0, 0, 0, 0, 0, 352, 0, 0, 0, 0, 0, 0, 0, 0, 0, 0, 0, 0, 339, 0, 0, 0, 0, 0, 0, 0, 0, 0, 0, 0, 0, 340, 0, 0, 0, 0, 0, 0, 0, 0, 0, 0, 0, 0, 379, 0, 0, 0, 0, 0, 0, 0, 0, 0, 0, 0, 339], 'packedBins': {'min': 0, 'size': 0.078125, 'count': 64}}",,"{'_type': 'histogram', 'values': [338, 0, 0, 0, 0, 0, 0, 0, 0, 0, 0, 0, 330, 0, 0, 0, 0, 0, 0, 0, 0, 0, 0, 0, 0, 322, 0, 0, 0, 0, 0, 0, 0, 0, 0, 0, 0, 0, 280, 0, 0, 0, 0, 0, 0, 0, 0, 0, 0, 0, 0, 384, 0, 0, 0, 0, 0, 0, 0, 0, 0, 0, 0, 394], 'packedBins': {'min': 0, 'size': 0.078125, 'count': 64}}",,,7805.475328,1.060546875,"{'values': [351, 0, 0, 0, 0, 0, 0, 0, 0, 0, 0, 0, 318, 0, 0, 0, 0, 0, 0, 0, 0, 0, 0, 0, 0, 360, 0, 0, 0, 0, 0, 0, 0, 0, 0, 0, 0, 0, 343, 0, 0, 0, 0, 0, 0, 0, 0, 0, 0, 0, 0, 338, 0, 0, 0, 0, 0, 0, 0, 0, 0, 0, 0, 338], 'packedBins': {'min': 0, 'size': 0.078125, 'count': 64}, '_type': 'histogram'}",14.992583388620302,0.9977518968230069,3.1451048417719535e-05,"{'values': [362, 0, 0, 0, 0, 0, 0, 0, 0, 0, 0, 0, 352, 0, 0, 0, 0, 0, 0, 0, 0, 0, 0, 0, 0, 317, 0, 0, 0, 0, 0, 0, 0, 0, 0, 0, 0, 0, 334, 0, 0, 0, 0, 0, 0, 0, 0, 0, 0, 0, 0, 356, 0, 0, 0, 0, 0, 0, 0, 0, 0, 0, 0, 327], 'packedBins': {'min': 0, 'size': 0.078125, 'count': 64}, '_type': 'histogram'}",31089.492210701,,,,,5342.5046252384345,,,,0.9986019092881047,0.9044127534609288,,,,159907840.0,,,1.072265625,0.9995939675118893,0.9992281082018101,,,"{'values': [354, 0, 0, 0, 0, 0, 0, 0, 0, 0, 0, 0, 352, 0, 0, 0, 0, 0, 0, 0, 0, 0, 0, 0, 0, 346, 0, 0, 0, 0, 0, 0, 0, 0, 0, 0, 0, 0, 319, 0, 0, 0, 0, 0, 0, 0, 0, 0, 0, 0, 0, 362, 0, 0, 0, 0, 0, 0, 0, 0, 0, 0, 0, 315], 'packedBins': {'min': 0, 'size': 0.078125, 'count': 64}, '_type': 'histogram'}",,,1.1103515625,12.055279855430125,"{'values': [377, 0, 0, 0, 0, 0, 0, 0, 0, 0, 0, 0, 352, 0, 0, 0, 0, 0, 0, 0, 0, 0, 0, 0, 0, 280, 0, 0, 0, 0, 0, 0, 0, 0, 0, 0, 0, 0, 358, 0, 0, 0, 0, 0, 0, 0, 0, 0, 0, 0, 0, 342, 0, 0, 0, 0, 0, 0, 0, 0, 0, 0, 0, 339], 'packedBins': {'min': 0, 'size': 0.078125, 'count': 64}, '_type': 'histogram'}",1.1044921875,0.9997760655172879
,"{'_type': 'histogram', 'values': [284, 0, 0, 0, 0, 0, 0, 0, 0, 0, 0, 0, 384, 0, 0, 0, 0, 0, 0, 0, 0, 0, 0, 0, 0, 318, 0, 0, 0, 0, 0, 0, 0, 0, 0, 0, 0, 0, 405, 0, 0, 0, 0, 0, 0, 0, 0, 0, 0, 0, 0, 295, 0, 0, 0, 0, 0, 0, 0, 0, 0, 0, 0, 362], 'packedBins': {'size': 0.078125, 'count': 64, 'min': 0}}",0.45914241671562195,0.9965116078143694,2460,1.41796875,2.709589313343167,,,0.9950951421457775,1.1865234375,1.1953125,1.08984375,0.9975010712912741,,"{'packedBins': {'count': 64, 'min': 0, 'size': 0.078125}, '_type': 'histogram', 'values': [319, 0, 0, 0, 0, 0, 0, 0, 0, 0, 0, 0, 338, 0, 0, 0, 0, 0, 0, 0, 0, 0, 0, 0, 0, 331, 0, 0, 0, 0, 0, 0, 0, 0, 0, 0, 0, 0, 355, 0, 0, 0, 0, 0, 0, 0, 0, 0, 0, 0, 0, 325, 0, 0, 0, 0, 0, 0, 0, 0, 0, 0, 0, 380]}",1.0810546875,"{'packedBins': {'min': 0, 'size': 0.078125, 'count': 64}, '_type': 'histogram', 'values': [355, 0, 0, 0, 0, 0, 0, 0, 0, 0, 0, 0, 314, 0, 0, 0, 0, 0, 0, 0, 0, 0, 0, 0, 0, 326, 0, 0, 0, 0, 0, 0, 0, 0, 0, 0, 0, 0, 371, 0, 0, 0, 0, 0, 0, 0, 0, 0, 0, 0, 0, 371, 0, 0, 0, 0, 0, 0, 0, 0, 0, 0, 0, 311]}",,0.9989915870439029,,"{'_type': 'histogram', 'values': [384, 0, 0, 0, 0, 0, 0, 0, 0, 0, 0, 0, 314, 0, 0, 0, 0, 0, 0, 0, 0, 0, 0, 0, 0, 365, 0, 0, 0, 0, 0, 0, 0, 0, 0, 0, 0, 0, 357, 0, 0, 0, 0, 0, 0, 0, 0, 0, 0, 0, 0, 326, 0, 0, 0, 0, 0, 0, 0, 0, 0, 0, 0, 302], 'packedBins': {'size': 0.078125, 'count': 64, 'min': 0}}",1784922802.4234579,,,0.9984627909361542,,,,1.13671875,"{'_type': 'histogram', 'values': [355, 0, 0, 0, 0, 0, 0, 0, 0, 0, 0, 0, 273, 0, 0, 0, 0, 0, 0, 0, 0, 0, 0, 0, 0, 369, 0, 0, 0, 0, 0, 0, 0, 0, 0, 0, 0, 0, 345, 0, 0, 0, 0, 0, 0, 0, 0, 0, 0, 0, 0, 357, 0, 0, 0, 0, 0, 0, 0, 0, 0, 0, 0, 349], 'packedBins': {'size': 0.078125, 'count': 64, 'min': 0}}",,11435.769856,,,0.9992447411946306,,1.1865234375,,,0.989496410230433,"{'_type': 'histogram', 'values': [352, 0, 0, 0, 0, 0, 0, 0, 0, 0, 0, 0, 408, 0, 0, 0, 0, 0, 0, 0, 0, 0, 0, 0, 0, 344, 0, 0, 0, 0, 0, 0, 0, 0, 0, 0, 0, 0, 315, 0, 0, 0, 0, 0, 0, 0, 0, 0, 0, 0, 0, 293, 0, 0, 0, 0, 0, 0, 0, 0, 0, 0, 0, 336], 'packedBins': {'min': 0, 'size': 0.078125, 'count': 64}}",,,,,1.0869140625,"{'_type': 'histogram', 'values': [311, 0, 0, 0, 0, 0, 0, 0, 0, 0, 0, 0, 319, 0, 0, 0, 0, 0, 0, 0, 0, 0, 0, 0, 0, 365, 0, 0, 0, 0, 0, 0, 0, 0, 0, 0, 0, 0, 357, 0, 0, 0, 0, 0, 0, 0, 0, 0, 0, 0, 0, 405, 0, 0, 0, 0, 0, 0, 0, 0, 0, 0, 0, 291], 'packedBins': {'min': 0, 'size': 0.078125, 'count': 64}}",,"{'_type': 'histogram', 'values': [372, 0, 0, 0, 0, 0, 0, 0, 0, 0, 0, 0, 338, 0, 0, 0, 0, 0, 0, 0, 0, 0, 0, 0, 0, 346, 0, 0, 0, 0, 0, 0, 0, 0, 0, 0, 0, 0, 313, 0, 0, 0, 0, 0, 0, 0, 0, 0, 0, 0, 0, 347, 0, 0, 0, 0, 0, 0, 0, 0, 0, 0, 0, 332], 'packedBins': {'min': 0, 'size': 0.078125, 'count': 64}}",,,7805.475328,1.1337890625,"{'_type': 'histogram', 'values': [296, 0, 0, 0, 0, 0, 0, 0, 0, 0, 0, 0, 364, 0, 0, 0, 0, 0, 0, 0, 0, 0, 0, 0, 0, 375, 0, 0, 0, 0, 0, 0, 0, 0, 0, 0, 0, 0, 279, 0, 0, 0, 0, 0, 0, 0, 0, 0, 0, 0, 0, 346, 0, 0, 0, 0, 0, 0, 0, 0, 0, 0, 0, 388], 'packedBins': {'min': 0, 'size': 0.078125, 'count': 64}}",15.023104459231421,0.9955468942307817,3.0498393175565197e-05,"{'_type': 'histogram', 'values': [300, 0, 0, 0, 0, 0, 0, 0, 0, 0, 0, 0, 279, 0, 0, 0, 0, 0, 0, 0, 0, 0, 0, 0, 0, 329, 0, 0, 0, 0, 0, 0, 0, 0, 0, 0, 0, 0, 358, 0, 0, 0, 0, 0, 0, 0, 0, 0, 0, 0, 0, 298, 0, 0, 0, 0, 0, 0, 0, 0, 0, 0, 0, 484], 'packedBins': {'min': 0, 'size': 0.078125, 'count': 64}}",31334.20686036,,,,,5334.601749821307,,,,0.9979420451969306,0.8995417480822653,,,,161218560.0,,,1.125,0.9960056987047418,0.9959595255166721,,,"{'_type': 'histogram', 'values': [263, 0, 0, 0, 0, 0, 0, 0, 0, 0, 0, 0, 374, 0, 0, 0, 0, 0, 0, 0, 0, 0, 0, 0, 0, 356, 0, 0, 0, 0, 0, 0, 0, 0, 0, 0, 0, 0, 341, 0, 0, 0, 0, 0, 0, 0, 0, 0, 0, 0, 0, 327, 0, 0, 0, 0, 0, 0, 0, 0, 0, 0, 0, 387], 'packedBins': {'min': 0, 'size': 0.078125, 'count': 64}}",,,1.11328125,12.053144019842147,"{'packedBins': {'min': 0, 'size': 0.078125, 'count': 64}, '_type': 'histogram', 'values': [382, 0, 0, 0, 0, 0, 0, 0, 0, 0, 0, 0, 333, 0, 0, 0, 0, 0, 0, 0, 0, 0, 0, 0, 0, 397, 0, 0, 0, 0, 0, 0, 0, 0, 0, 0, 0, 0, 264, 0, 0, 0, 0, 0, 0, 0, 0, 0, 0, 0, 0, 335, 0, 0, 0, 0, 0, 0, 0, 0, 0, 0, 0, 337]}",1.1630859375,0.99700780325619
,"{'_type': 'histogram', 'values': [340, 0, 0, 0, 0, 0, 0, 0, 0, 0, 0, 0, 333, 0, 0, 0, 0, 0, 0, 0, 0, 0, 0, 0, 0, 361, 0, 0, 0, 0, 0, 0, 0, 0, 0, 0, 0, 0, 356, 0, 0, 0, 0, 0, 0, 0, 0, 0, 0, 0, 0, 319, 0, 0, 0, 0, 0, 0, 0, 0, 0, 0, 0, 339], 'packedBins': {'size': 0.078125, 'count': 64, 'min': 0}}",0.4494512677192688,0.9963884571355266,2480,1.212890625,2.6793125927448274,,,0.9995293649677746,1.1806640625,1.1953125,1.0927734375,0.9958359091140303,,"{'values': [333, 0, 0, 0, 0, 0, 0, 0, 0, 0, 0, 0, 339, 0, 0, 0, 0, 0, 0, 0, 0, 0, 0, 0, 0, 381, 0, 0, 0, 0, 0, 0, 0, 0, 0, 0, 0, 0, 372, 0, 0, 0, 0, 0, 0, 0, 0, 0, 0, 0, 0, 344, 0, 0, 0, 0, 0, 0, 0, 0, 0, 0, 0, 279], 'packedBins': {'size': 0.078125, 'count': 64, 'min': 0}, '_type': 'histogram'}",1.21875,"{'_type': 'histogram', 'values': [342, 0, 0, 0, 0, 0, 0, 0, 0, 0, 0, 0, 294, 0, 0, 0, 0, 0, 0, 0, 0, 0, 0, 0, 0, 365, 0, 0, 0, 0, 0, 0, 0, 0, 0, 0, 0, 0, 324, 0, 0, 0, 0, 0, 0, 0, 0, 0, 0, 0, 0, 370, 0, 0, 0, 0, 0, 0, 0, 0, 0, 0, 0, 353], 'packedBins': {'min': 0, 'size': 0.078125, 'count': 64}}",,0.997342192943853,,"{'values': [336, 0, 0, 0, 0, 0, 0, 0, 0, 0, 0, 0, 307, 0, 0, 0, 0, 0, 0, 0, 0, 0, 0, 0, 0, 374, 0, 0, 0, 0, 0, 0, 0, 0, 0, 0, 0, 0, 362, 0, 0, 0, 0, 0, 0, 0, 0, 0, 0, 0, 0, 349, 0, 0, 0, 0, 0, 0, 0, 0, 0, 0, 0, 320], 'packedBins': {'size': 0.078125, 'count': 64, 'min': 0}, '_type': 'histogram'}",1784923047.1380916,,,0.9983473579659801,,,,1.0576171875,"{'_type': 'histogram', 'values': [288, 0, 0, 0, 0, 0, 0, 0, 0, 0, 0, 0, 350, 0, 0, 0, 0, 0, 0, 0, 0, 0, 0, 0, 0, 364, 0, 0, 0, 0, 0, 0, 0, 0, 0, 0, 0, 0, 325, 0, 0, 0, 0, 0, 0, 0, 0, 0, 0, 0, 0, 305, 0, 0, 0, 0, 0, 0, 0, 0, 0, 0, 0, 416], 'packedBins': {'min': 0, 'size': 0.078125, 'count': 64}}",,11435.769856,,,0.9989995708804567,,1.0576171875,,,0.9962171373094757,"{'_type': 'histogram', 'values': [367, 0, 0, 0, 0, 0, 0, 0, 0, 0, 0, 0, 408, 0, 0, 0, 0, 0, 0, 0, 0, 0, 0, 0, 0, 299, 0, 0, 0, 0, 0, 0, 0, 0, 0, 0, 0, 0, 325, 0, 0, 0, 0, 0, 0, 0, 0, 0, 0, 0, 0, 299, 0, 0, 0, 0, 0, 0, 0, 0, 0, 0, 0, 350], 'packedBins': {'min': 0, 'size': 0.078125, 'count': 64}}",,,,,1.083984375,"{'_type': 'histogram', 'values': [403, 0, 0, 0, 0, 0, 0, 0, 0, 0, 0, 0, 308, 0, 0, 0, 0, 0, 0, 0, 0, 0, 0, 0, 0, 389, 0, 0, 0, 0, 0, 0, 0, 0, 0, 0, 0, 0, 315, 0, 0, 0, 0, 0, 0, 0, 0, 0, 0, 0, 0, 325, 0, 0, 0, 0, 0, 0, 0, 0, 0, 0, 0, 308], 'packedBins': {'min': 0, 'size': 0.078125, 'count': 64}}",,"{'_type': 'histogram', 'values': [335, 0, 0, 0, 0, 0, 0, 0, 0, 0, 0, 0, 373, 0, 0, 0, 0, 0, 0, 0, 0, 0, 0, 0, 0, 307, 0, 0, 0, 0, 0, 0, 0, 0, 0, 0, 0, 0, 336, 0, 0, 0, 0, 0, 0, 0, 0, 0, 0, 0, 0, 357, 0, 0, 0, 0, 0, 0, 0, 0, 0, 0, 0, 340], 'packedBins': {'min': 0, 'size': 0.078125, 'count': 64}}",,,7805.475328,1.1103515625,"{'_type': 'histogram', 'values': [356, 0, 0, 0, 0, 0, 0, 0, 0, 0, 0, 0, 344, 0, 0, 0, 0, 0, 0, 0, 0, 0, 0, 0, 0, 339, 0, 0, 0, 0, 0, 0, 0, 0, 0, 0, 0, 0, 361, 0, 0, 0, 0, 0, 0, 0, 0, 0, 0, 0, 0, 340, 0, 0, 0, 0, 0, 0, 0, 0, 0, 0, 0, 308], 'packedBins': {'min': 0, 'size': 0.078125, 'count': 64}}",14.575070842080217,0.9995088731206198,2.9584649726912012e-05,"{'values': [358, 0, 0, 0, 0, 0, 0, 0, 0, 0, 0, 0, 314, 0, 0, 0, 0, 0, 0, 0, 0, 0, 0, 0, 0, 354, 0, 0, 0, 0, 0, 0, 0, 0, 0, 0, 0, 0, 414, 0, 0, 0, 0, 0, 0, 0, 0, 0, 0, 0, 0, 290, 0, 0, 0, 0, 0, 0, 0, 0, 0, 0, 0, 318], 'packedBins': {'size': 0.078125, 'count': 64, 'min': 0}, '_type': 'histogram'}",31578.840253271,,,,,5358.937390734884,,,,0.9987123523604327,0.9039807707071305,,,,162529280.0,,,1.095703125,0.9992992974110817,0.9986746952646871,,,"{'values': [379, 0, 0, 0, 0, 0, 0, 0, 0, 0, 0, 0, 331, 0, 0, 0, 0, 0, 0, 0, 0, 0, 0, 0, 0, 348, 0, 0, 0, 0, 0, 0, 0, 0, 0, 0, 0, 0, 301, 0, 0, 0, 0, 0, 0, 0, 0, 0, 0, 0, 0, 338, 0, 0, 0, 0, 0, 0, 0, 0, 0, 0, 0, 351], 'packedBins': {'size': 0.078125, 'count': 64, 'min': 0}, '_type': 'histogram'}",,,1.1162109375,12.054939147830009,"{'packedBins': {'min': 0, 'size': 0.078125, 'count': 64}, '_type': 'histogram', 'values': [355, 0, 0, 0, 0, 0, 0, 0, 0, 0, 0, 0, 341, 0, 0, 0, 0, 0, 0, 0, 0, 0, 0, 0, 0, 360, 0, 0, 0, 0, 0, 0, 0, 0, 0, 0, 0, 0, 328, 0, 0, 0, 0, 0, 0, 0, 0, 0, 0, 0, 0, 319, 0, 0, 0, 0, 0, 0, 0, 0, 0, 0, 0, 345]}",1.0546875,0.9964427472240927
"{'packedBins': {'min': 0, 'size': 0.078125, 'count': 64}, '_type': 'histogram', 'values': [15749, 0, 0, 0, 0, 0, 0, 0, 0, 0, 0, 0, 17446, 0, 0, 0, 0, 0, 0, 0, 0, 0, 0, 0, 0, 15509, 0, 0, 0, 0, 0, 0, 0, 0, 0, 0, 0, 0, 17810, 0, 0, 0, 0, 0, 0, 0, 0, 0, 0, 0, 0, 17693, 0, 0, 0, 0, 0, 0, 0, 0, 0, 0, 0, 18193]}","{'_type': 'histogram', 'values': [312, 0, 0, 0, 0, 0, 0, 0, 0, 0, 0, 0, 365, 0, 0, 0, 0, 0, 0, 0, 0, 0, 0, 0, 0, 375, 0, 0, 0, 0, 0, 0, 0, 0, 0, 0, 0, 0, 318, 0, 0, 0, 0, 0, 0, 0, 0, 0, 0, 0, 0, 355, 0, 0, 0, 0, 0, 0, 0, 0, 0, 0, 0, 323], 'packedBins': {'size': 0.078125, 'count': 64, 'min': 0}}",0.45349013805389404,0.9993804664160457,2500,1.1455078125,2.688205241505057,0.99835514220662,1.0659960508346558,0.998556667547633,1.0634765625,1.1513671875,1.1162109375,0.9992750797735351,1.0232226848602295,"{'values': [348, 0, 0, 0, 0, 0, 0, 0, 0, 0, 0, 0, 316, 0, 0, 0, 0, 0, 0, 0, 0, 0, 0, 0, 0, 355, 0, 0, 0, 0, 0, 0, 0, 0, 0, 0, 0, 0, 366, 0, 0, 0, 0, 0, 0, 0, 0, 0, 0, 0, 0, 347, 0, 0, 0, 0, 0, 0, 0, 0, 0, 0, 0, 316], 'packedBins': {'count': 64, 'min': 0, 'size': 0.078125}, '_type': 'histogram'}",1.08984375,"{'_type': 'histogram', 'values': [281, 0, 0, 0, 0, 0, 0, 0, 0, 0, 0, 0, 359, 0, 0, 0, 0, 0, 0, 0, 0, 0, 0, 0, 0, 334, 0, 0, 0, 0, 0, 0, 0, 0, 0, 0, 0, 0, 380, 0, 0, 0, 0, 0, 0, 0, 0, 0, 0, 0, 0, 367, 0, 0, 0, 0, 0, 0, 0, 0, 0, 0, 0, 327], 'packedBins': {'count': 64, 'min': 0, 'size': 0.078125}}","{'_type': 'histogram', 'values': [16505, 0, 0, 0, 0, 0, 0, 0, 0, 0, 0, 0, 16847, 0, 0, 0, 0, 0, 0, 0, 0, 0, 0, 0, 0, 16737, 0, 0, 0, 0, 0, 0, 0, 0, 0, 0, 0, 0, 18382, 0, 0, 0, 0, 0, 0, 0, 0, 0, 0, 0, 0, 16138, 0, 0, 0, 0, 0, 0, 0, 0, 0, 0, 0, 17791], 'packedBins': {'count': 64, 'min': 0, 'size': 0.078125}}",0.9991333001427334,0.9999113915468754,"{'packedBins': {'count': 64, 'min': 0, 'size': 0.078125}, '_type': 'histogram', 'values': [376, 0, 0, 0, 0, 0, 0, 0, 0, 0, 0, 0, 306, 0, 0, 0, 0, 0, 0, 0, 0, 0, 0, 0, 0, 303, 0, 0, 0, 0, 0, 0, 0, 0, 0, 0, 0, 0, 368, 0, 0, 0, 0, 0, 0, 0, 0, 0, 0, 0, 0, 328, 0, 0, 0, 0, 0, 0, 0, 0, 0, 0, 0, 367]}",1784923299.9162264,1.02392578125,"{'_type': 'histogram', 'values': [18182, 0, 0, 0, 0, 0, 0, 0, 0, 0, 0, 0, 17266, 0, 0, 0, 0, 0, 0, 0, 0, 0, 0, 0, 0, 17314, 0, 0, 0, 0, 0, 0, 0, 0, 0, 0, 0, 0, 15877, 0, 0, 0, 0, 0, 0, 0, 0, 0, 0, 0, 0, 16989, 0, 0, 0, 0, 0, 0, 0, 0, 0, 0, 0, 16772], 'packedBins': {'min': 0, 'size': 0.078125, 'count': 64}}",0.99739342256174,1.034999966621399,1.5494102977426567,37.01125435940107,1.060546875,"{'packedBins': {'min': 0, 'size': 0.078125, 'count': 64}, '_type': 'histogram', 'values': [326, 0, 0, 0, 0, 0, 0, 0, 0, 0, 0, 0, 341, 0, 0, 0, 0, 0, 0, 0, 0, 0, 0, 0, 0, 320, 0, 0, 0, 0, 0, 0, 0, 0, 0, 0, 0, 0, 354, 0, 0, 0, 0, 0, 0, 0, 0, 0, 0, 0, 0, 372, 0, 0, 0, 0, 0, 0, 0, 0, 0, 0, 0, 335]}","{'_type': 'histogram', 'values': [16151, 0, 0, 0, 0, 0, 0, 0, 0, 0, 0, 0, 20882, 0, 0, 0, 0, 0, 0, 0, 0, 0, 0, 0, 0, 17469, 0, 0, 0, 0, 0, 0, 0, 0, 0, 0, 0, 0, 15951, 0, 0, 0, 0, 0, 0, 0, 0, 0, 0, 0, 0, 16808, 0, 0, 0, 0, 0, 0, 0, 0, 0, 0, 0, 15139], 'packedBins': {'min': 0, 'size': 0.078125, 'count': 64}}",11435.769856,0.998945613451747,0.9986149495544759,0.998686937147403,1.0653516054153442,1.0986328125,0.9988951156855441,"{'values': [16130, 0, 0, 0, 0, 0, 0, 0, 0, 0, 0, 0, 15991, 0, 0, 0, 0, 0, 0, 0, 0, 0, 0, 0, 0, 17883, 0, 0, 0, 0, 0, 0, 0, 0, 0, 0, 0, 0, 18457, 0, 0, 0, 0, 0, 0, 0, 0, 0, 0, 0, 0, 18758, 0, 0, 0, 0, 0, 0, 0, 0, 0, 0, 0, 15181], 'packedBins': {'min': 0, 'size': 0.078125, 'count': 64}, '_type': 'histogram'}",0.9984731033917029,"{'packedBins': {'min': 0, 'size': 0.078125, 'count': 64}, '_type': 'histogram', 'values': [290, 0, 0, 0, 0, 0, 0, 0, 0, 0, 0, 0, 350, 0, 0, 0, 0, 0, 0, 0, 0, 0, 0, 0, 0, 321, 0, 0, 0, 0, 0, 0, 0, 0, 0, 0, 0, 0, 393, 0, 0, 0, 0, 0, 0, 0, 0, 0, 0, 0, 0, 314, 0, 0, 0, 0, 0, 0, 0, 0, 0, 0, 0, 380]}",0.9998123919736078,"{'packedBins': {'min': 0, 'size': 0.078125, 'count': 64}, '_type': 'histogram', 'values': [15918, 0, 0, 0, 0, 0, 0, 0, 0, 0, 0, 0, 17733, 0, 0, 0, 0, 0, 0, 0, 0, 0, 0, 0, 0, 17689, 0, 0, 0, 0, 0, 0, 0, 0, 0, 0, 0, 0, 15965, 0, 0, 0, 0, 0, 0, 0, 0, 0, 0, 0, 0, 19118, 0, 0, 0, 0, 0, 0, 0, 0, 0, 0, 0, 15977]}",0.33294921875,1.1201952695846558,1.11328125,"{'_type': 'histogram', 'values': [324, 0, 0, 0, 0, 0, 0, 0, 0, 0, 0, 0, 324, 0, 0, 0, 0, 0, 0, 0, 0, 0, 0, 0, 0, 363, 0, 0, 0, 0, 0, 0, 0, 0, 0, 0, 0, 0, 330, 0, 0, 0, 0, 0, 0, 0, 0, 0, 0, 0, 0, 348, 0, 0, 0, 0, 0, 0, 0, 0, 0, 0, 0, 359], 'packedBins': {'min': 0, 'size': 0.078125, 'count': 64}}",0.9994315629699901,"{'_type': 'histogram', 'values': [381, 0, 0, 0, 0, 0, 0, 0, 0, 0, 0, 0, 345, 0, 0, 0, 0, 0, 0, 0, 0, 0, 0, 0, 0, 314, 0, 0, 0, 0, 0, 0, 0, 0, 0, 0, 0, 0, 345, 0, 0, 0, 0, 0, 0, 0, 0, 0, 0, 0, 0, 351, 0, 0, 0, 0, 0, 0, 0, 0, 0, 0, 0, 312], 'packedBins': {'min': 0, 'size': 0.078125, 'count': 64}}",1.0991015434265137,"{'values': [17586, 0, 0, 0, 0, 0, 0, 0, 0, 0, 0, 0, 18959, 0, 0, 0, 0, 0, 0, 0, 0, 0, 0, 0, 0, 17080, 0, 0, 0, 0, 0, 0, 0, 0, 0, 0, 0, 0, 15556, 0, 0, 0, 0, 0, 0, 0, 0, 0, 0, 0, 0, 17063, 0, 0, 0, 0, 0, 0, 0, 0, 0, 0, 0, 16156], 'packedBins': {'min': 0, 'size': 0.078125, 'count': 64}, '_type': 'histogram'}",7805.475328,1.1455078125,"{'_type': 'histogram', 'values': [331, 0, 0, 0, 0, 0, 0, 0, 0, 0, 0, 0, 332, 0, 0, 0, 0, 0, 0, 0, 0, 0, 0, 0, 0, 341, 0, 0, 0, 0, 0, 0, 0, 0, 0, 0, 0, 0, 359, 0, 0, 0, 0, 0, 0, 0, 0, 0, 0, 0, 0, 362, 0, 0, 0, 0, 0, 0, 0, 0, 0, 0, 0, 323], 'packedBins': {'count': 64, 'min': 0, 'size': 0.078125}}",14.70525983227979,0.9979757103743994,2.8710265300411188e-05,"{'values': [340, 0, 0, 0, 0, 0, 0, 0, 0, 0, 0, 0, 307, 0, 0, 0, 0, 0, 0, 0, 0, 0, 0, 0, 0, 326, 0, 0, 0, 0, 0, 0, 0, 0, 0, 0, 0, 0, 391, 0, 0, 0, 0, 0, 0, 0, 0, 0, 0, 0, 0, 340, 0, 0, 0, 0, 0, 0, 0, 0, 0, 0, 0, 344], 'packedBins': {'size': 0.078125, 'count': 64, 'min': 0}, '_type': 'histogram'}",31867.792215078,"{'values': [17469, 0, 0, 0, 0, 0, 0, 0, 0, 0, 0, 0, 18594, 0, 0, 0, 0, 0, 0, 0, 0, 0, 0, 0, 0, 17541, 0, 0, 0, 0, 0, 0, 0, 0, 0, 0, 0, 0, 14622, 0, 0, 0, 0, 0, 0, 0, 0, 0, 0, 0, 0, 16260, 0, 0, 0, 0, 0, 0, 0, 0, 0, 0, 0, 17914], 'packedBins': {'min': 0, 'size': 0.078125, 'count': 64}, '_type': 'histogram'}",0.9982308604842655,0.9999576977988875,1.0770703554153442,5360.723181573338,0.9968387455171627,0.9990146736379377,3.6112220382690428,0.9978040578884919,0.9019005000591278,"{'packedBins': {'min': 0, 'size': 0.078125, 'count': 64}, '_type': 'histogram', 'values': [16976, 0, 0, 0, 0, 0, 0, 0, 0, 0, 0, 0, 16780, 0, 0, 0, 0, 0, 0, 0, 0, 0, 0, 0, 0, 17034, 0, 0, 0, 0, 0, 0, 0, 0, 0, 0, 0, 0, 17475, 0, 0, 0, 0, 0, 0, 0, 0, 0, 0, 0, 0, 17005, 0, 0, 0, 0, 0, 0, 0, 0, 0, 0, 0, 17130]}","{'packedBins': {'min': 0, 'size': 0.078125, 'count': 64}, '_type': 'histogram', 'values': [17275, 0, 0, 0, 0, 0, 0, 0, 0, 0, 0, 0, 16601, 0, 0, 0, 0, 0, 0, 0, 0, 0, 0, 0, 0, 17321, 0, 0, 0, 0, 0, 0, 0, 0, 0, 0, 0, 0, 16374, 0, 0, 0, 0, 0, 0, 0, 0, 0, 0, 0, 0, 17664, 0, 0, 0, 0, 0, 0, 0, 0, 0, 0, 0, 17165]}","{'values': [16773, 0, 0, 0, 0, 0, 0, 0, 0, 0, 0, 0, 16565, 0, 0, 0, 0, 0, 0, 0, 0, 0, 0, 0, 0, 17198, 0, 0, 0, 0, 0, 0, 0, 0, 0, 0, 0, 0, 17253, 0, 0, 0, 0, 0, 0, 0, 0, 0, 0, 0, 0, 17148, 0, 0, 0, 0, 0, 0, 0, 0, 0, 0, 0, 17463], 'packedBins': {'min': 0, 'size': 0.078125, 'count': 64}, '_type': 'histogram'}",163840000.0,"{'values': [17973, 0, 0, 0, 0, 0, 0, 0, 0, 0, 0, 0, 15076, 0, 0, 0, 0, 0, 0, 0, 0, 0, 0, 0, 0, 18009, 0, 0, 0, 0, 0, 0, 0, 0, 0, 0, 0, 0, 16970, 0, 0, 0, 0, 0, 0, 0, 0, 0, 0, 0, 0, 17592, 0, 0, 0, 0, 0, 0, 0, 0, 0, 0, 0, 16780], 'packedBins': {'size': 0.078125, 'count': 64, 'min': 0}, '_type': 'histogram'}",1.055214762687683,1.1015625,0.9994955001943922,0.9979695229010701,1.110878825187683,0.9995432036178012,"{'values': [323, 0, 0, 0, 0, 0, 0, 0, 0, 0, 0, 0, 299, 0, 0, 0, 0, 0, 0, 0, 0, 0, 0, 0, 0, 346, 0, 0, 0, 0, 0, 0, 0, 0, 0, 0, 0, 0, 391, 0, 0, 0, 0, 0, 0, 0, 0, 0, 0, 0, 0, 329, 0, 0, 0, 0, 0, 0, 0, 0, 0, 0, 0, 360], 'packedBins': {'min': 0, 'size': 0.078125, 'count': 64}, '_type': 'histogram'}",1.0894922018051147,1.2235547304153442,1.072265625,12.052766960859298,"{'packedBins': {'min': 0, 'size': 0.078125, 'count': 64}, '_type': 'histogram', 'values': [299, 0, 0, 0, 0, 0, 0, 0, 0, 0, 0, 0, 384, 0, 0, 0, 0, 0, 0, 0, 0, 0, 0, 0, 0, 339, 0, 0, 0, 0, 0, 0, 0, 0, 0, 0, 0, 0, 323, 0, 0, 0, 0, 0, 0, 0, 0, 0, 0, 0, 0, 330, 0, 0, 0, 0, 0, 0, 0, 0, 0, 0, 0, 373]}",1.125,0.9967952336079443
,"{'_type': 'histogram', 'values': [347, 0, 0, 0, 0, 0, 0, 0, 0, 0, 0, 0, 385, 0, 0, 0, 0, 0, 0, 0, 0, 0, 0, 0, 0, 337, 0, 0, 0, 0, 0, 0, 0, 0, 0, 0, 0, 0, 292, 0, 0, 0, 0, 0, 0, 0, 0, 0, 0, 0, 0, 339, 0, 0, 0, 0, 0, 0, 0, 0, 0, 0, 0, 348], 'packedBins': {'min': 0, 'size': 0.078125, 'count': 64}}",0.4476023316383362,0.9997314225645578,2520,1.1455078125,2.6384877555072306,,,0.9982072416344604,1.0517578125,1.0869140625,1.06640625,0.9991659673406328,,"{'values': [362, 0, 0, 0, 0, 0, 0, 0, 0, 0, 0, 0, 327, 0, 0, 0, 0, 0, 0, 0, 0, 0, 0, 0, 0, 327, 0, 0, 0, 0, 0, 0, 0, 0, 0, 0, 0, 0, 353, 0, 0, 0, 0, 0, 0, 0, 0, 0, 0, 0, 0, 309, 0, 0, 0, 0, 0, 0, 0, 0, 0, 0, 0, 370], 'packedBins': {'count': 64, 'min': 0, 'size': 0.078125}, '_type': 'histogram'}",1.1015625,"{'packedBins': {'min': 0, 'size': 0.078125, 'count': 64}, '_type': 'histogram', 'values': [290, 0, 0, 0, 0, 0, 0, 0, 0, 0, 0, 0, 360, 0, 0, 0, 0, 0, 0, 0, 0, 0, 0, 0, 0, 346, 0, 0, 0, 0, 0, 0, 0, 0, 0, 0, 0, 0, 338, 0, 0, 0, 0, 0, 0, 0, 0, 0, 0, 0, 0, 333, 0, 0, 0, 0, 0, 0, 0, 0, 0, 0, 0, 381]}",,0.9988623154237021,,"{'_type': 'histogram', 'values': [394, 0, 0, 0, 0, 0, 0, 0, 0, 0, 0, 0, 351, 0, 0, 0, 0, 0, 0, 0, 0, 0, 0, 0, 0, 330, 0, 0, 0, 0, 0, 0, 0, 0, 0, 0, 0, 0, 345, 0, 0, 0, 0, 0, 0, 0, 0, 0, 0, 0, 0, 295, 0, 0, 0, 0, 0, 0, 0, 0, 0, 0, 0, 333], 'packedBins': {'count': 64, 'min': 0, 'size': 0.078125}}",1784923580.7233262,,,0.9981082420611929,,,,1.0810546875,"{'packedBins': {'min': 0, 'size': 0.078125, 'count': 64}, '_type': 'histogram', 'values': [337, 0, 0, 0, 0, 0, 0, 0, 0, 0, 0, 0, 316, 0, 0, 0, 0, 0, 0, 0, 0, 0, 0, 0, 0, 376, 0, 0, 0, 0, 0, 0, 0, 0, 0, 0, 0, 0, 352, 0, 0, 0, 0, 0, 0, 0, 0, 0, 0, 0, 0, 336, 0, 0, 0, 0, 0, 0, 0, 0, 0, 0, 0, 331]}",,11435.769856,,,0.9992527915631557,,1.1279296875,,,0.9979546862714742,"{'_type': 'histogram', 'values': [348, 0, 0, 0, 0, 0, 0, 0, 0, 0, 0, 0, 369, 0, 0, 0, 0, 0, 0, 0, 0, 0, 0, 0, 0, 371, 0, 0, 0, 0, 0, 0, 0, 0, 0, 0, 0, 0, 317, 0, 0, 0, 0, 0, 0, 0, 0, 0, 0, 0, 0, 302, 0, 0, 0, 0, 0, 0, 0, 0, 0, 0, 0, 341], 'packedBins': {'min': 0, 'size': 0.078125, 'count': 64}}",,,,,1.1162109375,"{'_type': 'histogram', 'values': [346, 0, 0, 0, 0, 0, 0, 0, 0, 0, 0, 0, 325, 0, 0, 0, 0, 0, 0, 0, 0, 0, 0, 0, 0, 333, 0, 0, 0, 0, 0, 0, 0, 0, 0, 0, 0, 0, 343, 0, 0, 0, 0, 0, 0, 0, 0, 0, 0, 0, 0, 342, 0, 0, 0, 0, 0, 0, 0, 0, 0, 0, 0, 359], 'packedBins': {'size': 0.078125, 'count': 64, 'min': 0}}",,"{'_type': 'histogram', 'values': [330, 0, 0, 0, 0, 0, 0, 0, 0, 0, 0, 0, 361, 0, 0, 0, 0, 0, 0, 0, 0, 0, 0, 0, 0, 364, 0, 0, 0, 0, 0, 0, 0, 0, 0, 0, 0, 0, 314, 0, 0, 0, 0, 0, 0, 0, 0, 0, 0, 0, 0, 346, 0, 0, 0, 0, 0, 0, 0, 0, 0, 0, 0, 333], 'packedBins': {'min': 0, 'size': 0.078125, 'count': 64}}",,,7805.475328,1.0869140625,"{'_type': 'histogram', 'values': [290, 0, 0, 0, 0, 0, 0, 0, 0, 0, 0, 0, 353, 0, 0, 0, 0, 0, 0, 0, 0, 0, 0, 0, 0, 369, 0, 0, 0, 0, 0, 0, 0, 0, 0, 0, 0, 0, 326, 0, 0, 0, 0, 0, 0, 0, 0, 0, 0, 0, 0, 349, 0, 0, 0, 0, 0, 0, 0, 0, 0, 0, 0, 361], 'packedBins': {'min': 0, 'size': 0.078125, 'count': 64}}",13.992028232959171,0.9983930654302507,2.787566786057316e-05,"{'values': [352, 0, 0, 0, 0, 0, 0, 0, 0, 0, 0, 0, 355, 0, 0, 0, 0, 0, 0, 0, 0, 0, 0, 0, 0, 391, 0, 0, 0, 0, 0, 0, 0, 0, 0, 0, 0, 0, 336, 0, 0, 0, 0, 0, 0, 0, 0, 0, 0, 0, 0, 308, 0, 0, 0, 0, 0, 0, 0, 0, 0, 0, 0, 306], 'packedBins': {'min': 0, 'size': 0.078125, 'count': 64}, '_type': 'histogram'}",32113.114400693,,,,,4538.160956314618,,,,0.9979248799483399,0.9051475674379617,,,,165150720.0,,,1.154296875,0.9982695155595802,0.9991670318521733,,,"{'values': [342, 0, 0, 0, 0, 0, 0, 0, 0, 0, 0, 0, 318, 0, 0, 0, 0, 0, 0, 0, 0, 0, 0, 0, 0, 322, 0, 0, 0, 0, 0, 0, 0, 0, 0, 0, 0, 0, 371, 0, 0, 0, 0, 0, 0, 0, 0, 0, 0, 0, 0, 337, 0, 0, 0, 0, 0, 0, 0, 0, 0, 0, 0, 358], 'packedBins': {'min': 0, 'size': 0.078125, 'count': 64}, '_type': 'histogram'}",,,1.083984375,12.057093791663647,"{'packedBins': {'count': 64, 'min': 0, 'size': 0.078125}, '_type': 'histogram', 'values': [323, 0, 0, 0, 0, 0, 0, 0, 0, 0, 0, 0, 395, 0, 0, 0, 0, 0, 0, 0, 0, 0, 0, 0, 0, 343, 0, 0, 0, 0, 0, 0, 0, 0, 0, 0, 0, 0, 341, 0, 0, 0, 0, 0, 0, 0, 0, 0, 0, 0, 0, 312, 0, 0, 0, 0, 0, 0, 0, 0, 0, 0, 0, 334]}",1.1572265625,0.9984582002301358
,"{'_type': 'histogram', 'values': [331, 0, 0, 0, 0, 0, 0, 0, 0, 0, 0, 0, 309, 0, 0, 0, 0, 0, 0, 0, 0, 0, 0, 0, 0, 374, 0, 0, 0, 0, 0, 0, 0, 0, 0, 0, 0, 0, 343, 0, 0, 0, 0, 0, 0, 0, 0, 0, 0, 0, 0, 327, 0, 0, 0, 0, 0, 0, 0, 0, 0, 0, 0, 364], 'packedBins': {'min': 0, 'size': 0.078125, 'count': 64}}",0.4377425014972687,0.9936032957537231,2540,1.1337890625,2.7019708530977367,,,0.9988277853306068,1.1513671875,1.0341796875,1.037109375,0.9981988586060788,,"{'packedBins': {'count': 64, 'min': 0, 'size': 0.078125}, '_type': 'histogram', 'values': [292, 0, 0, 0, 0, 0, 0, 0, 0, 0, 0, 0, 343, 0, 0, 0, 0, 0, 0, 0, 0, 0, 0, 0, 0, 298, 0, 0, 0, 0, 0, 0, 0, 0, 0, 0, 0, 0, 363, 0, 0, 0, 0, 0, 0, 0, 0, 0, 0, 0, 0, 388, 0, 0, 0, 0, 0, 0, 0, 0, 0, 0, 0, 364]}",1.1279296875,"{'packedBins': {'size': 0.078125, 'count': 64, 'min': 0}, '_type': 'histogram', 'values': [305, 0, 0, 0, 0, 0, 0, 0, 0, 0, 0, 0, 292, 0, 0, 0, 0, 0, 0, 0, 0, 0, 0, 0, 0, 326, 0, 0, 0, 0, 0, 0, 0, 0, 0, 0, 0, 0, 371, 0, 0, 0, 0, 0, 0, 0, 0, 0, 0, 0, 0, 369, 0, 0, 0, 0, 0, 0, 0, 0, 0, 0, 0, 385]}",,0.9969768658895439,,"{'_type': 'histogram', 'values': [340, 0, 0, 0, 0, 0, 0, 0, 0, 0, 0, 0, 355, 0, 0, 0, 0, 0, 0, 0, 0, 0, 0, 0, 0, 281, 0, 0, 0, 0, 0, 0, 0, 0, 0, 0, 0, 0, 321, 0, 0, 0, 0, 0, 0, 0, 0, 0, 0, 0, 0, 366, 0, 0, 0, 0, 0, 0, 0, 0, 0, 0, 0, 385], 'packedBins': {'size': 0.078125, 'count': 64, 'min': 0}}",1784923826.0456371,,,0.9969660877101962,,,,1.0810546875,"{'_type': 'histogram', 'values': [385, 0, 0, 0, 0, 0, 0, 0, 0, 0, 0, 0, 323, 0, 0, 0, 0, 0, 0, 0, 0, 0, 0, 0, 0, 334, 0, 0, 0, 0, 0, 0, 0, 0, 0, 0, 0, 0, 300, 0, 0, 0, 0, 0, 0, 0, 0, 0, 0, 0, 0, 342, 0, 0, 0, 0, 0, 0, 0, 0, 0, 0, 0, 364], 'packedBins': {'size': 0.078125, 'count': 64, 'min': 0}}",,11435.769856,,,0.9996233081112247,,1.095703125,,,0.9972311510837834,"{'_type': 'histogram', 'values': [348, 0, 0, 0, 0, 0, 0, 0, 0, 0, 0, 0, 342, 0, 0, 0, 0, 0, 0, 0, 0, 0, 0, 0, 0, 353, 0, 0, 0, 0, 0, 0, 0, 0, 0, 0, 0, 0, 315, 0, 0, 0, 0, 0, 0, 0, 0, 0, 0, 0, 0, 351, 0, 0, 0, 0, 0, 0, 0, 0, 0, 0, 0, 339], 'packedBins': {'min': 0, 'size': 0.078125, 'count': 64}}",,,,,1.1279296875,"{'values': [248, 0, 0, 0, 0, 0, 0, 0, 0, 0, 0, 0, 375, 0, 0, 0, 0, 0, 0, 0, 0, 0, 0, 0, 0, 303, 0, 0, 0, 0, 0, 0, 0, 0, 0, 0, 0, 0, 374, 0, 0, 0, 0, 0, 0, 0, 0, 0, 0, 0, 0, 355, 0, 0, 0, 0, 0, 0, 0, 0, 0, 0, 0, 393], 'packedBins': {'min': 0, 'size': 0.078125, 'count': 64}, '_type': 'histogram'}",,"{'values': [329, 0, 0, 0, 0, 0, 0, 0, 0, 0, 0, 0, 347, 0, 0, 0, 0, 0, 0, 0, 0, 0, 0, 0, 0, 354, 0, 0, 0, 0, 0, 0, 0, 0, 0, 0, 0, 0, 352, 0, 0, 0, 0, 0, 0, 0, 0, 0, 0, 0, 0, 346, 0, 0, 0, 0, 0, 0, 0, 0, 0, 0, 0, 320], 'packedBins': {'min': 0, 'size': 0.078125, 'count': 64}, '_type': 'histogram'}",,,7805.475328,1.0869140625,"{'_type': 'histogram', 'values': [351, 0, 0, 0, 0, 0, 0, 0, 0, 0, 0, 0, 364, 0, 0, 0, 0, 0, 0, 0, 0, 0, 0, 0, 0, 316, 0, 0, 0, 0, 0, 0, 0, 0, 0, 0, 0, 0, 333, 0, 0, 0, 0, 0, 0, 0, 0, 0, 0, 0, 0, 315, 0, 0, 0, 0, 0, 0, 0, 0, 0, 0, 0, 369], 'packedBins': {'min': 0, 'size': 0.078125, 'count': 64}}",14.90908640761823,0.9987572614410479,2.7081265898301855e-05,"{'values': [350, 0, 0, 0, 0, 0, 0, 0, 0, 0, 0, 0, 387, 0, 0, 0, 0, 0, 0, 0, 0, 0, 0, 0, 0, 326, 0, 0, 0, 0, 0, 0, 0, 0, 0, 0, 0, 0, 307, 0, 0, 0, 0, 0, 0, 0, 0, 0, 0, 0, 0, 298, 0, 0, 0, 0, 0, 0, 0, 0, 0, 0, 0, 380], 'packedBins': {'size': 0.078125, 'count': 64, 'min': 0}, '_type': 'histogram'}",32359.214846033,,,,,5345.661020609549,,,,0.9972421953910162,0.9041975950822234,,,,166461440.0,,,1.1279296875,0.9988897265958703,0.9981101049563887,,,"{'values': [346, 0, 0, 0, 0, 0, 0, 0, 0, 0, 0, 0, 371, 0, 0, 0, 0, 0, 0, 0, 0, 0, 0, 0, 0, 356, 0, 0, 0, 0, 0, 0, 0, 0, 0, 0, 0, 0, 328, 0, 0, 0, 0, 0, 0, 0, 0, 0, 0, 0, 0, 360, 0, 0, 0, 0, 0, 0, 0, 0, 0, 0, 0, 287], 'packedBins': {'min': 0, 'size': 0.078125, 'count': 64}, '_type': 'histogram'}",,,1.13671875,12.052266934514046,"{'values': [329, 0, 0, 0, 0, 0, 0, 0, 0, 0, 0, 0, 316, 0, 0, 0, 0, 0, 0, 0, 0, 0, 0, 0, 0, 370, 0, 0, 0, 0, 0, 0, 0, 0, 0, 0, 0, 0, 376, 0, 0, 0, 0, 0, 0, 0, 0, 0, 0, 0, 0, 327, 0, 0, 0, 0, 0, 0, 0, 0, 0, 0, 0, 330], 'packedBins': {'min': 0, 'size': 0.078125, 'count': 64}, '_type': 'histogram'}",1.1015625,0.9996050783510935
,"{'_type': 'histogram', 'values': [294, 0, 0, 0, 0, 0, 0, 0, 0, 0, 0, 0, 409, 0, 0, 0, 0, 0, 0, 0, 0, 0, 0, 0, 0, 298, 0, 0, 0, 0, 0, 0, 0, 0, 0, 0, 0, 0, 381, 0, 0, 0, 0, 0, 0, 0, 0, 0, 0, 0, 0, 369, 0, 0, 0, 0, 0, 0, 0, 0, 0, 0, 0, 297], 'packedBins': {'min': 0, 'size': 0.078125, 'count': 64}}",0.44621697068214417,0.9985601937421109,2560,1.189453125,2.645918102003634,,,0.9948361997135483,1.0986328125,1.16015625,1.20703125,0.9947471134040018,,"{'values': [344, 0, 0, 0, 0, 0, 0, 0, 0, 0, 0, 0, 286, 0, 0, 0, 0, 0, 0, 0, 0, 0, 0, 0, 0, 311, 0, 0, 0, 0, 0, 0, 0, 0, 0, 0, 0, 0, 406, 0, 0, 0, 0, 0, 0, 0, 0, 0, 0, 0, 0, 366, 0, 0, 0, 0, 0, 0, 0, 0, 0, 0, 0, 335], 'packedBins': {'count': 64, 'min': 0, 'size': 0.078125}, '_type': 'histogram'}",1.2275390625,"{'_type': 'histogram', 'values': [356, 0, 0, 0, 0, 0, 0, 0, 0, 0, 0, 0, 320, 0, 0, 0, 0, 0, 0, 0, 0, 0, 0, 0, 0, 348, 0, 0, 0, 0, 0, 0, 0, 0, 0, 0, 0, 0, 360, 0, 0, 0, 0, 0, 0, 0, 0, 0, 0, 0, 0, 329, 0, 0, 0, 0, 0, 0, 0, 0, 0, 0, 0, 335], 'packedBins': {'size': 0.078125, 'count': 64, 'min': 0}}",,0.9964980352922279,,"{'_type': 'histogram', 'values': [372, 0, 0, 0, 0, 0, 0, 0, 0, 0, 0, 0, 323, 0, 0, 0, 0, 0, 0, 0, 0, 0, 0, 0, 0, 358, 0, 0, 0, 0, 0, 0, 0, 0, 0, 0, 0, 0, 300, 0, 0, 0, 0, 0, 0, 0, 0, 0, 0, 0, 0, 395, 0, 0, 0, 0, 0, 0, 0, 0, 0, 0, 0, 300], 'packedBins': {'size': 0.078125, 'count': 64, 'min': 0}}",1784924072.1459625,,,0.9994979618773295,,,,1.1865234375,"{'_type': 'histogram', 'values': [270, 0, 0, 0, 0, 0, 0, 0, 0, 0, 0, 0, 344, 0, 0, 0, 0, 0, 0, 0, 0, 0, 0, 0, 0, 349, 0, 0, 0, 0, 0, 0, 0, 0, 0, 0, 0, 0, 419, 0, 0, 0, 0, 0, 0, 0, 0, 0, 0, 0, 0, 303, 0, 0, 0, 0, 0, 0, 0, 0, 0, 0, 0, 363], 'packedBins': {'count': 64, 'min': 0, 'size': 0.078125}}",,11435.769856,,,0.9953932053771205,,1.1982421875,,,0.9958214716762621,"{'_type': 'histogram', 'values': [361, 0, 0, 0, 0, 0, 0, 0, 0, 0, 0, 0, 387, 0, 0, 0, 0, 0, 0, 0, 0, 0, 0, 0, 0, 396, 0, 0, 0, 0, 0, 0, 0, 0, 0, 0, 0, 0, 240, 0, 0, 0, 0, 0, 0, 0, 0, 0, 0, 0, 0, 270, 0, 0, 0, 0, 0, 0, 0, 0, 0, 0, 0, 394], 'packedBins': {'count': 64, 'min': 0, 'size': 0.078125}}",,,,,1.0546875,"{'_type': 'histogram', 'values': [371, 0, 0, 0, 0, 0, 0, 0, 0, 0, 0, 0, 375, 0, 0, 0, 0, 0, 0, 0, 0, 0, 0, 0, 0, 342, 0, 0, 0, 0, 0, 0, 0, 0, 0, 0, 0, 0, 331, 0, 0, 0, 0, 0, 0, 0, 0, 0, 0, 0, 0, 320, 0, 0, 0, 0, 0, 0, 0, 0, 0, 0, 0, 309], 'packedBins': {'min': 0, 'size': 0.078125, 'count': 64}}",,"{'_type': 'histogram', 'values': [288, 0, 0, 0, 0, 0, 0, 0, 0, 0, 0, 0, 332, 0, 0, 0, 0, 0, 0, 0, 0, 0, 0, 0, 0, 334, 0, 0, 0, 0, 0, 0, 0, 0, 0, 0, 0, 0, 384, 0, 0, 0, 0, 0, 0, 0, 0, 0, 0, 0, 0, 298, 0, 0, 0, 0, 0, 0, 0, 0, 0, 0, 0, 412], 'packedBins': {'min': 0, 'size': 0.078125, 'count': 64}}",,,7805.475328,1.259765625,"{'_type': 'histogram', 'values': [343, 0, 0, 0, 0, 0, 0, 0, 0, 0, 0, 0, 379, 0, 0, 0, 0, 0, 0, 0, 0, 0, 0, 0, 0, 333, 0, 0, 0, 0, 0, 0, 0, 0, 0, 0, 0, 0, 405, 0, 0, 0, 0, 0, 0, 0, 0, 0, 0, 0, 0, 347, 0, 0, 0, 0, 0, 0, 0, 0, 0, 0, 0, 241], 'packedBins': {'min': 0, 'size': 0.078125, 'count': 64}}",14.096381059637618,0.9987122192964901,2.6327448230960202e-05,"{'values': [303, 0, 0, 0, 0, 0, 0, 0, 0, 0, 0, 0, 301, 0, 0, 0, 0, 0, 0, 0, 0, 0, 0, 0, 0, 406, 0, 0, 0, 0, 0, 0, 0, 0, 0, 0, 0, 0, 332, 0, 0, 0, 0, 0, 0, 0, 0, 0, 0, 0, 0, 392, 0, 0, 0, 0, 0, 0, 0, 0, 0, 0, 0, 314], 'packedBins': {'min': 0, 'size': 0.078125, 'count': 64}, '_type': 'histogram'}",32606.475196033,,,,,5328.750795252517,,,,0.9968731425463154,0.8770546788349748,,,,167772160.0,,,1.1572265625,0.9934027018603081,0.995905235428106,,,"{'values': [430, 0, 0, 0, 0, 0, 0, 0, 0, 0, 0, 0, 348, 0, 0, 0, 0, 0, 0, 0, 0, 0, 0, 0, 0, 326, 0, 0, 0, 0, 0, 0, 0, 0, 0, 0, 0, 0, 326, 0, 0, 0, 0, 0, 0, 0, 0, 0, 0, 0, 0, 321, 0, 0, 0, 0, 0, 0, 0, 0, 0, 0, 0, 297], 'packedBins': {'min': 0, 'size': 0.078125, 'count': 64}, '_type': 'histogram'}",,,1.189453125,12.049801720678806,"{'values': [384, 0, 0, 0, 0, 0, 0, 0, 0, 0, 0, 0, 320, 0, 0, 0, 0, 0, 0, 0, 0, 0, 0, 0, 0, 341, 0, 0, 0, 0, 0, 0, 0, 0, 0, 0, 0, 0, 332, 0, 0, 0, 0, 0, 0, 0, 0, 0, 0, 0, 0, 315, 0, 0, 0, 0, 0, 0, 0, 0, 0, 0, 0, 356], 'packedBins': {'min': 0, 'size': 0.078125, 'count': 64}, '_type': 'histogram'}",1.125,0.9900944661202862
,"{'_type': 'histogram', 'values': [390, 0, 0, 0, 0, 0, 0, 0, 0, 0, 0, 0, 345, 0, 0, 0, 0, 0, 0, 0, 0, 0, 0, 0, 0, 318, 0, 0, 0, 0, 0, 0, 0, 0, 0, 0, 0, 0, 300, 0, 0, 0, 0, 0, 0, 0, 0, 0, 0, 0, 0, 363, 0, 0, 0, 0, 0, 0, 0, 0, 0, 0, 0, 332], 'packedBins': {'count': 64, 'min': 0, 'size': 0.078125}}",0.45643600821495056,0.9986581953358092,2580,1.072265625,2.674917162116617,,,0.9979387185983666,1.1015625,1.154296875,1.0986328125,0.9993441399597257,,"{'values': [332, 0, 0, 0, 0, 0, 0, 0, 0, 0, 0, 0, 374, 0, 0, 0, 0, 0, 0, 0, 0, 0, 0, 0, 0, 355, 0, 0, 0, 0, 0, 0, 0, 0, 0, 0, 0, 0, 301, 0, 0, 0, 0, 0, 0, 0, 0, 0, 0, 0, 0, 328, 0, 0, 0, 0, 0, 0, 0, 0, 0, 0, 0, 358], 'packedBins': {'count': 64, 'min': 0, 'size': 0.078125}, '_type': 'histogram'}",1.0634765625,"{'_type': 'histogram', 'values': [306, 0, 0, 0, 0, 0, 0, 0, 0, 0, 0, 0, 331, 0, 0, 0, 0, 0, 0, 0, 0, 0, 0, 0, 0, 360, 0, 0, 0, 0, 0, 0, 0, 0, 0, 0, 0, 0, 325, 0, 0, 0, 0, 0, 0, 0, 0, 0, 0, 0, 0, 348, 0, 0, 0, 0, 0, 0, 0, 0, 0, 0, 0, 378], 'packedBins': {'min': 0, 'size': 0.078125, 'count': 64}}",,0.9986206713040062,,"{'_type': 'histogram', 'values': [348, 0, 0, 0, 0, 0, 0, 0, 0, 0, 0, 0, 316, 0, 0, 0, 0, 0, 0, 0, 0, 0, 0, 0, 0, 379, 0, 0, 0, 0, 0, 0, 0, 0, 0, 0, 0, 0, 337, 0, 0, 0, 0, 0, 0, 0, 0, 0, 0, 0, 0, 342, 0, 0, 0, 0, 0, 0, 0, 0, 0, 0, 0, 326], 'packedBins': {'min': 0, 'size': 0.078125, 'count': 64}}",1784924319.4063468,,,0.9986595259752349,,,,1.154296875,"{'values': [317, 0, 0, 0, 0, 0, 0, 0, 0, 0, 0, 0, 343, 0, 0, 0, 0, 0, 0, 0, 0, 0, 0, 0, 0, 335, 0, 0, 0, 0, 0, 0, 0, 0, 0, 0, 0, 0, 363, 0, 0, 0, 0, 0, 0, 0, 0, 0, 0, 0, 0, 361, 0, 0, 0, 0, 0, 0, 0, 0, 0, 0, 0, 329], 'packedBins': {'size': 0.078125, 'count': 64, 'min': 0}, '_type': 'histogram'}",,11435.769856,,,0.998507101229028,,1.142578125,,,0.9981372500006718,"{'_type': 'histogram', 'values': [327, 0, 0, 0, 0, 0, 0, 0, 0, 0, 0, 0, 394, 0, 0, 0, 0, 0, 0, 0, 0, 0, 0, 0, 0, 332, 0, 0, 0, 0, 0, 0, 0, 0, 0, 0, 0, 0, 296, 0, 0, 0, 0, 0, 0, 0, 0, 0, 0, 0, 0, 342, 0, 0, 0, 0, 0, 0, 0, 0, 0, 0, 0, 357], 'packedBins': {'min': 0, 'size': 0.078125, 'count': 64}}",,,,,1.107421875,"{'packedBins': {'min': 0, 'size': 0.078125, 'count': 64}, '_type': 'histogram', 'values': [348, 0, 0, 0, 0, 0, 0, 0, 0, 0, 0, 0, 314, 0, 0, 0, 0, 0, 0, 0, 0, 0, 0, 0, 0, 337, 0, 0, 0, 0, 0, 0, 0, 0, 0, 0, 0, 0, 362, 0, 0, 0, 0, 0, 0, 0, 0, 0, 0, 0, 0, 376, 0, 0, 0, 0, 0, 0, 0, 0, 0, 0, 0, 311]}",,"{'_type': 'histogram', 'values': [375, 0, 0, 0, 0, 0, 0, 0, 0, 0, 0, 0, 357, 0, 0, 0, 0, 0, 0, 0, 0, 0, 0, 0, 0, 361, 0, 0, 0, 0, 0, 0, 0, 0, 0, 0, 0, 0, 334, 0, 0, 0, 0, 0, 0, 0, 0, 0, 0, 0, 0, 312, 0, 0, 0, 0, 0, 0, 0, 0, 0, 0, 0, 309], 'packedBins': {'min': 0, 'size': 0.078125, 'count': 64}}",,,7805.475328,1.125,"{'_type': 'histogram', 'values': [394, 0, 0, 0, 0, 0, 0, 0, 0, 0, 0, 0, 311, 0, 0, 0, 0, 0, 0, 0, 0, 0, 0, 0, 0, 368, 0, 0, 0, 0, 0, 0, 0, 0, 0, 0, 0, 0, 315, 0, 0, 0, 0, 0, 0, 0, 0, 0, 0, 0, 0, 339, 0, 0, 0, 0, 0, 0, 0, 0, 0, 0, 0, 321], 'packedBins': {'count': 64, 'min': 0, 'size': 0.078125}}",14.511147717038618,0.9987752916052653,2.561458381206473e-05,"{'values': [288, 0, 0, 0, 0, 0, 0, 0, 0, 0, 0, 0, 350, 0, 0, 0, 0, 0, 0, 0, 0, 0, 0, 0, 0, 359, 0, 0, 0, 0, 0, 0, 0, 0, 0, 0, 0, 0, 366, 0, 0, 0, 0, 0, 0, 0, 0, 0, 0, 0, 0, 324, 0, 0, 0, 0, 0, 0, 0, 0, 0, 0, 0, 361], 'packedBins': {'min': 0, 'size': 0.078125, 'count': 64}, '_type': 'histogram'}",32852.950540959,,,,,5303.741774205394,,,,0.9990700282380442,0.9098921947181224,,,,169082880.0,,,1.1103515625,0.9978353944469658,0.9986820137815281,,,"{'values': [357, 0, 0, 0, 0, 0, 0, 0, 0, 0, 0, 0, 384, 0, 0, 0, 0, 0, 0, 0, 0, 0, 0, 0, 0, 339, 0, 0, 0, 0, 0, 0, 0, 0, 0, 0, 0, 0, 317, 0, 0, 0, 0, 0, 0, 0, 0, 0, 0, 0, 0, 316, 0, 0, 0, 0, 0, 0, 0, 0, 0, 0, 0, 335], 'packedBins': {'min': 0, 'size': 0.078125, 'count': 64}, '_type': 'histogram'}",,,1.095703125,12.053415241837502,"{'values': [368, 0, 0, 0, 0, 0, 0, 0, 0, 0, 0, 0, 315, 0, 0, 0, 0, 0, 0, 0, 0, 0, 0, 0, 0, 371, 0, 0, 0, 0, 0, 0, 0, 0, 0, 0, 0, 0, 319, 0, 0, 0, 0, 0, 0, 0, 0, 0, 0, 0, 0, 326, 0, 0, 0, 0, 0, 0, 0, 0, 0, 0, 0, 349], 'packedBins': {'min': 0, 'size': 0.078125, 'count': 64}, '_type': 'histogram'}",1.0869140625,0.997871321711458
,"{'_type': 'histogram', 'values': [307, 0, 0, 0, 0, 0, 0, 0, 0, 0, 0, 0, 303, 0, 0, 0, 0, 0, 0, 0, 0, 0, 0, 0, 0, 382, 0, 0, 0, 0, 0, 0, 0, 0, 0, 0, 0, 0, 338, 0, 0, 0, 0, 0, 0, 0, 0, 0, 0, 0, 0, 349, 0, 0, 0, 0, 0, 0, 0, 0, 0, 0, 0, 369], 'packedBins': {'min': 0, 'size': 0.078125, 'count': 64}}",0.47023916244506836,0.9983564063140744,2600,1.1044921875,2.6897041426971553,,,0.9979421782608732,1.0751953125,1.1044921875,1.1015625,0.9989702968130927,,"{'values': [331, 0, 0, 0, 0, 0, 0, 0, 0, 0, 0, 0, 389, 0, 0, 0, 0, 0, 0, 0, 0, 0, 0, 0, 0, 281, 0, 0, 0, 0, 0, 0, 0, 0, 0, 0, 0, 0, 372, 0, 0, 0, 0, 0, 0, 0, 0, 0, 0, 0, 0, 346, 0, 0, 0, 0, 0, 0, 0, 0, 0, 0, 0, 329], 'packedBins': {'count': 64, 'min': 0, 'size': 0.078125}, '_type': 'histogram'}",1.130859375,"{'_type': 'histogram', 'values': [304, 0, 0, 0, 0, 0, 0, 0, 0, 0, 0, 0, 335, 0, 0, 0, 0, 0, 0, 0, 0, 0, 0, 0, 0, 317, 0, 0, 0, 0, 0, 0, 0, 0, 0, 0, 0, 0, 375, 0, 0, 0, 0, 0, 0, 0, 0, 0, 0, 0, 0, 347, 0, 0, 0, 0, 0, 0, 0, 0, 0, 0, 0, 370], 'packedBins': {'min': 0, 'size': 0.078125, 'count': 64}}",,0.9971074681491703,,"{'_type': 'histogram', 'values': [297, 0, 0, 0, 0, 0, 0, 0, 0, 0, 0, 0, 359, 0, 0, 0, 0, 0, 0, 0, 0, 0, 0, 0, 0, 382, 0, 0, 0, 0, 0, 0, 0, 0, 0, 0, 0, 0, 301, 0, 0, 0, 0, 0, 0, 0, 0, 0, 0, 0, 0, 365, 0, 0, 0, 0, 0, 0, 0, 0, 0, 0, 0, 344], 'packedBins': {'size': 0.078125, 'count': 64, 'min': 0}}",1784924565.8817866,,,0.9983935311540497,,,,1.154296875,"{'values': [336, 0, 0, 0, 0, 0, 0, 0, 0, 0, 0, 0, 331, 0, 0, 0, 0, 0, 0, 0, 0, 0, 0, 0, 0, 386, 0, 0, 0, 0, 0, 0, 0, 0, 0, 0, 0, 0, 328, 0, 0, 0, 0, 0, 0, 0, 0, 0, 0, 0, 0, 323, 0, 0, 0, 0, 0, 0, 0, 0, 0, 0, 0, 344], 'packedBins': {'min': 0, 'size': 0.078125, 'count': 64}, '_type': 'histogram'}",,11435.769856,,,0.9977516306951218,,1.119140625,,,0.996948589801749,"{'_type': 'histogram', 'values': [374, 0, 0, 0, 0, 0, 0, 0, 0, 0, 0, 0, 318, 0, 0, 0, 0, 0, 0, 0, 0, 0, 0, 0, 0, 377, 0, 0, 0, 0, 0, 0, 0, 0, 0, 0, 0, 0, 288, 0, 0, 0, 0, 0, 0, 0, 0, 0, 0, 0, 0, 332, 0, 0, 0, 0, 0, 0, 0, 0, 0, 0, 0, 359], 'packedBins': {'count': 64, 'min': 0, 'size': 0.078125}}",,,,,1.0986328125,"{'_type': 'histogram', 'values': [323, 0, 0, 0, 0, 0, 0, 0, 0, 0, 0, 0, 333, 0, 0, 0, 0, 0, 0, 0, 0, 0, 0, 0, 0, 297, 0, 0, 0, 0, 0, 0, 0, 0, 0, 0, 0, 0, 367, 0, 0, 0, 0, 0, 0, 0, 0, 0, 0, 0, 0, 364, 0, 0, 0, 0, 0, 0, 0, 0, 0, 0, 0, 364], 'packedBins': {'min': 0, 'size': 0.078125, 'count': 64}}",,"{'_type': 'histogram', 'values': [324, 0, 0, 0, 0, 0, 0, 0, 0, 0, 0, 0, 363, 0, 0, 0, 0, 0, 0, 0, 0, 0, 0, 0, 0, 314, 0, 0, 0, 0, 0, 0, 0, 0, 0, 0, 0, 0, 298, 0, 0, 0, 0, 0, 0, 0, 0, 0, 0, 0, 0, 376, 0, 0, 0, 0, 0, 0, 0, 0, 0, 0, 0, 373], 'packedBins': {'min': 0, 'size': 0.078125, 'count': 64}}",,,7805.475328,1.0751953125,"{'_type': 'histogram', 'values': [290, 0, 0, 0, 0, 0, 0, 0, 0, 0, 0, 0, 394, 0, 0, 0, 0, 0, 0, 0, 0, 0, 0, 0, 0, 373, 0, 0, 0, 0, 0, 0, 0, 0, 0, 0, 0, 0, 289, 0, 0, 0, 0, 0, 0, 0, 0, 0, 0, 0, 0, 324, 0, 0, 0, 0, 0, 0, 0, 0, 0, 0, 0, 378], 'packedBins': {'min': 0, 'size': 0.078125, 'count': 64}}",14.727318091217954,0.9983995190314651,2.4943021550702583e-05,"{'_type': 'histogram', 'values': [294, 0, 0, 0, 0, 0, 0, 0, 0, 0, 0, 0, 298, 0, 0, 0, 0, 0, 0, 0, 0, 0, 0, 0, 0, 372, 0, 0, 0, 0, 0, 0, 0, 0, 0, 0, 0, 0, 332, 0, 0, 0, 0, 0, 0, 0, 0, 0, 0, 0, 0, 375, 0, 0, 0, 0, 0, 0, 0, 0, 0, 0, 0, 377], 'packedBins': {'min': 0, 'size': 0.078125, 'count': 64}}",33099.164884588,,,,,5320.658121410705,,,,0.9975231599057397,0.9090343890246004,,,,170393600.0,,,1.119140625,0.9956538111086317,0.9993107409101423,,,"{'_type': 'histogram', 'values': [347, 0, 0, 0, 0, 0, 0, 0, 0, 0, 0, 0, 334, 0, 0, 0, 0, 0, 0, 0, 0, 0, 0, 0, 0, 351, 0, 0, 0, 0, 0, 0, 0, 0, 0, 0, 0, 0, 337, 0, 0, 0, 0, 0, 0, 0, 0, 0, 0, 0, 0, 312, 0, 0, 0, 0, 0, 0, 0, 0, 0, 0, 0, 367], 'packedBins': {'min': 0, 'size': 0.078125, 'count': 64}}",,,1.1396484375,12.054817789793015,"{'values': [319, 0, 0, 0, 0, 0, 0, 0, 0, 0, 0, 0, 329, 0, 0, 0, 0, 0, 0, 0, 0, 0, 0, 0, 0, 342, 0, 0, 0, 0, 0, 0, 0, 0, 0, 0, 0, 0, 308, 0, 0, 0, 0, 0, 0, 0, 0, 0, 0, 0, 0, 375, 0, 0, 0, 0, 0, 0, 0, 0, 0, 0, 0, 375], 'packedBins': {'min': 0, 'size': 0.078125, 'count': 64}, '_type': 'histogram'}",1.0986328125,0.9975161740487551
,"{'_type': 'histogram', 'values': [378, 0, 0, 0, 0, 0, 0, 0, 0, 0, 0, 0, 295, 0, 0, 0, 0, 0, 0, 0, 0, 0, 0, 0, 0, 347, 0, 0, 0, 0, 0, 0, 0, 0, 0, 0, 0, 0, 334, 0, 0, 0, 0, 0, 0, 0, 0, 0, 0, 0, 0, 350, 0, 0, 0, 0, 0, 0, 0, 0, 0, 0, 0, 344], 'packedBins': {'min': 0, 'size': 0.078125, 'count': 64}}",0.46182742714881897,0.9990802741616217,2620,1.1015625,2.6100912556052207,,,0.9985159499812085,1.0693359375,1.083984375,1.0576171875,0.9995656914240946,,"{'values': [333, 0, 0, 0, 0, 0, 0, 0, 0, 0, 0, 0, 345, 0, 0, 0, 0, 0, 0, 0, 0, 0, 0, 0, 0, 346, 0, 0, 0, 0, 0, 0, 0, 0, 0, 0, 0, 0, 357, 0, 0, 0, 0, 0, 0, 0, 0, 0, 0, 0, 0, 329, 0, 0, 0, 0, 0, 0, 0, 0, 0, 0, 0, 338], 'packedBins': {'count': 64, 'min': 0, 'size': 0.078125}, '_type': 'histogram'}",1.06640625,"{'_type': 'histogram', 'values': [342, 0, 0, 0, 0, 0, 0, 0, 0, 0, 0, 0, 359, 0, 0, 0, 0, 0, 0, 0, 0, 0, 0, 0, 0, 362, 0, 0, 0, 0, 0, 0, 0, 0, 0, 0, 0, 0, 339, 0, 0, 0, 0, 0, 0, 0, 0, 0, 0, 0, 0, 344, 0, 0, 0, 0, 0, 0, 0, 0, 0, 0, 0, 302], 'packedBins': {'count': 64, 'min': 0, 'size': 0.078125}}",,0.9997956259168448,,"{'_type': 'histogram', 'values': [363, 0, 0, 0, 0, 0, 0, 0, 0, 0, 0, 0, 374, 0, 0, 0, 0, 0, 0, 0, 0, 0, 0, 0, 0, 269, 0, 0, 0, 0, 0, 0, 0, 0, 0, 0, 0, 0, 367, 0, 0, 0, 0, 0, 0, 0, 0, 0, 0, 0, 0, 333, 0, 0, 0, 0, 0, 0, 0, 0, 0, 0, 0, 342], 'packedBins': {'size': 0.078125, 'count': 64, 'min': 0}}",1784924812.095672,,,0.9990623105293756,,,,1.142578125,"{'_type': 'histogram', 'values': [364, 0, 0, 0, 0, 0, 0, 0, 0, 0, 0, 0, 339, 0, 0, 0, 0, 0, 0, 0, 0, 0, 0, 0, 0, 324, 0, 0, 0, 0, 0, 0, 0, 0, 0, 0, 0, 0, 348, 0, 0, 0, 0, 0, 0, 0, 0, 0, 0, 0, 0, 327, 0, 0, 0, 0, 0, 0, 0, 0, 0, 0, 0, 346], 'packedBins': {'count': 64, 'min': 0, 'size': 0.078125}}",,11435.769856,,,0.9997092008861497,,1.107421875,,,0.9986807496740737,"{'values': [327, 0, 0, 0, 0, 0, 0, 0, 0, 0, 0, 0, 309, 0, 0, 0, 0, 0, 0, 0, 0, 0, 0, 0, 0, 345, 0, 0, 0, 0, 0, 0, 0, 0, 0, 0, 0, 0, 330, 0, 0, 0, 0, 0, 0, 0, 0, 0, 0, 0, 0, 370, 0, 0, 0, 0, 0, 0, 0, 0, 0, 0, 0, 367], 'packedBins': {'min': 0, 'size': 0.078125, 'count': 64}, '_type': 'histogram'}",,,,,1.060546875,"{'_type': 'histogram', 'values': [365, 0, 0, 0, 0, 0, 0, 0, 0, 0, 0, 0, 345, 0, 0, 0, 0, 0, 0, 0, 0, 0, 0, 0, 0, 314, 0, 0, 0, 0, 0, 0, 0, 0, 0, 0, 0, 0, 316, 0, 0, 0, 0, 0, 0, 0, 0, 0, 0, 0, 0, 354, 0, 0, 0, 0, 0, 0, 0, 0, 0, 0, 0, 354], 'packedBins': {'min': 0, 'size': 0.078125, 'count': 64}}",,"{'values': [349, 0, 0, 0, 0, 0, 0, 0, 0, 0, 0, 0, 343, 0, 0, 0, 0, 0, 0, 0, 0, 0, 0, 0, 0, 330, 0, 0, 0, 0, 0, 0, 0, 0, 0, 0, 0, 0, 333, 0, 0, 0, 0, 0, 0, 0, 0, 0, 0, 0, 0, 361, 0, 0, 0, 0, 0, 0, 0, 0, 0, 0, 0, 332], 'packedBins': {'min': 0, 'size': 0.078125, 'count': 64}, '_type': 'histogram'}",,,7805.475328,1.0576171875,"{'packedBins': {'min': 0, 'size': 0.078125, 'count': 64}, '_type': 'histogram', 'values': [390, 0, 0, 0, 0, 0, 0, 0, 0, 0, 0, 0, 344, 0, 0, 0, 0, 0, 0, 0, 0, 0, 0, 0, 0, 350, 0, 0, 0, 0, 0, 0, 0, 0, 0, 0, 0, 0, 348, 0, 0, 0, 0, 0, 0, 0, 0, 0, 0, 0, 0, 315, 0, 0, 0, 0, 0, 0, 0, 0, 0, 0, 0, 301]}",13.60029189807219,0.9987918580661146,2.4313090140759087e-05,"{'values': [329, 0, 0, 0, 0, 0, 0, 0, 0, 0, 0, 0, 376, 0, 0, 0, 0, 0, 0, 0, 0, 0, 0, 0, 0, 309, 0, 0, 0, 0, 0, 0, 0, 0, 0, 0, 0, 0, 334, 0, 0, 0, 0, 0, 0, 0, 0, 0, 0, 0, 0, 369, 0, 0, 0, 0, 0, 0, 0, 0, 0, 0, 0, 331], 'packedBins': {'min': 0, 'size': 0.078125, 'count': 64}, '_type': 'histogram'}",33346.847194923,,,,,5326.300001076487,,,,0.99686455992202,0.8792226139921695,,,,171704320.0,,,1.095703125,0.9980854881270145,0.9991503988593529,,,"{'_type': 'histogram', 'values': [356, 0, 0, 0, 0, 0, 0, 0, 0, 0, 0, 0, 361, 0, 0, 0, 0, 0, 0, 0, 0, 0, 0, 0, 0, 331, 0, 0, 0, 0, 0, 0, 0, 0, 0, 0, 0, 0, 353, 0, 0, 0, 0, 0, 0, 0, 0, 0, 0, 0, 0, 341, 0, 0, 0, 0, 0, 0, 0, 0, 0, 0, 0, 306], 'packedBins': {'min': 0, 'size': 0.078125, 'count': 64}}",,,1.0458984375,12.054715375602246,"{'values': [358, 0, 0, 0, 0, 0, 0, 0, 0, 0, 0, 0, 329, 0, 0, 0, 0, 0, 0, 0, 0, 0, 0, 0, 0, 353, 0, 0, 0, 0, 0, 0, 0, 0, 0, 0, 0, 0, 353, 0, 0, 0, 0, 0, 0, 0, 0, 0, 0, 0, 0, 297, 0, 0, 0, 0, 0, 0, 0, 0, 0, 0, 0, 358], 'packedBins': {'size': 0.078125, 'count': 64, 'min': 0}, '_type': 'histogram'}",1.048828125,0.998852601755895
,"{'_type': 'histogram', 'values': [278, 0, 0, 0, 0, 0, 0, 0, 0, 0, 0, 0, 287, 0, 0, 0, 0, 0, 0, 0, 0, 0, 0, 0, 0, 366, 0, 0, 0, 0, 0, 0, 0, 0, 0, 0, 0, 0, 388, 0, 0, 0, 0, 0, 0, 0, 0, 0, 0, 0, 0, 355, 0, 0, 0, 0, 0, 0, 0, 0, 0, 0, 0, 374], 'packedBins': {'size': 0.078125, 'count': 64, 'min': 0}}",0.4452824890613556,0.9985108270194197,2640,1.1162109375,2.5975223410874606,,,0.9954868158607141,1.1279296875,1.078125,1.1513671875,0.9982588704441752,,"{'values': [369, 0, 0, 0, 0, 0, 0, 0, 0, 0, 0, 0, 360, 0, 0, 0, 0, 0, 0, 0, 0, 0, 0, 0, 0, 302, 0, 0, 0, 0, 0, 0, 0, 0, 0, 0, 0, 0, 332, 0, 0, 0, 0, 0, 0, 0, 0, 0, 0, 0, 0, 321, 0, 0, 0, 0, 0, 0, 0, 0, 0, 0, 0, 364], 'packedBins': {'count': 64, 'min': 0, 'size': 0.078125}, '_type': 'histogram'}",1.1044921875,"{'values': [362, 0, 0, 0, 0, 0, 0, 0, 0, 0, 0, 0, 324, 0, 0, 0, 0, 0, 0, 0, 0, 0, 0, 0, 0, 310, 0, 0, 0, 0, 0, 0, 0, 0, 0, 0, 0, 0, 374, 0, 0, 0, 0, 0, 0, 0, 0, 0, 0, 0, 0, 360, 0, 0, 0, 0, 0, 0, 0, 0, 0, 0, 0, 318], 'packedBins': {'min': 0, 'size': 0.078125, 'count': 64}, '_type': 'histogram'}",,0.9985186777920311,,"{'_type': 'histogram', 'values': [367, 0, 0, 0, 0, 0, 0, 0, 0, 0, 0, 0, 309, 0, 0, 0, 0, 0, 0, 0, 0, 0, 0, 0, 0, 361, 0, 0, 0, 0, 0, 0, 0, 0, 0, 0, 0, 0, 330, 0, 0, 0, 0, 0, 0, 0, 0, 0, 0, 0, 0, 337, 0, 0, 0, 0, 0, 0, 0, 0, 0, 0, 0, 344], 'packedBins': {'size': 0.078125, 'count': 64, 'min': 0}}",1784925059.7783632,,,0.9985341797413397,,,,1.060546875,"{'values': [377, 0, 0, 0, 0, 0, 0, 0, 0, 0, 0, 0, 336, 0, 0, 0, 0, 0, 0, 0, 0, 0, 0, 0, 0, 333, 0, 0, 0, 0, 0, 0, 0, 0, 0, 0, 0, 0, 323, 0, 0, 0, 0, 0, 0, 0, 0, 0, 0, 0, 0, 303, 0, 0, 0, 0, 0, 0, 0, 0, 0, 0, 0, 376], 'packedBins': {'min': 0, 'size': 0.078125, 'count': 64}, '_type': 'histogram'}",,11435.769856,,,0.9979665289623624,,1.13671875,,,0.998645155069438,"{'_type': 'histogram', 'values': [347, 0, 0, 0, 0, 0, 0, 0, 0, 0, 0, 0, 368, 0, 0, 0, 0, 0, 0, 0, 0, 0, 0, 0, 0, 344, 0, 0, 0, 0, 0, 0, 0, 0, 0, 0, 0, 0, 310, 0, 0, 0, 0, 0, 0, 0, 0, 0, 0, 0, 0, 345, 0, 0, 0, 0, 0, 0, 0, 0, 0, 0, 0, 334], 'packedBins': {'size': 0.078125, 'count': 64, 'min': 0}}",,,,,1.095703125,"{'_type': 'histogram', 'values': [353, 0, 0, 0, 0, 0, 0, 0, 0, 0, 0, 0, 346, 0, 0, 0, 0, 0, 0, 0, 0, 0, 0, 0, 0, 316, 0, 0, 0, 0, 0, 0, 0, 0, 0, 0, 0, 0, 385, 0, 0, 0, 0, 0, 0, 0, 0, 0, 0, 0, 0, 309, 0, 0, 0, 0, 0, 0, 0, 0, 0, 0, 0, 339], 'packedBins': {'count': 64, 'min': 0, 'size': 0.078125}}",,"{'_type': 'histogram', 'values': [332, 0, 0, 0, 0, 0, 0, 0, 0, 0, 0, 0, 303, 0, 0, 0, 0, 0, 0, 0, 0, 0, 0, 0, 0, 362, 0, 0, 0, 0, 0, 0, 0, 0, 0, 0, 0, 0, 339, 0, 0, 0, 0, 0, 0, 0, 0, 0, 0, 0, 0, 319, 0, 0, 0, 0, 0, 0, 0, 0, 0, 0, 0, 393], 'packedBins': {'min': 0, 'size': 0.078125, 'count': 64}}",,,7805.475328,1.21875,"{'packedBins': {'min': 0, 'size': 0.078125, 'count': 64}, '_type': 'histogram', 'values': [323, 0, 0, 0, 0, 0, 0, 0, 0, 0, 0, 0, 347, 0, 0, 0, 0, 0, 0, 0, 0, 0, 0, 0, 0, 344, 0, 0, 0, 0, 0, 0, 0, 0, 0, 0, 0, 0, 362, 0, 0, 0, 0, 0, 0, 0, 0, 0, 0, 0, 0, 334, 0, 0, 0, 0, 0, 0, 0, 0, 0, 0, 0, 338]}",13.430420775909118,0.9989049624172939,2.372509790003967e-05,"{'values': [333, 0, 0, 0, 0, 0, 0, 0, 0, 0, 0, 0, 344, 0, 0, 0, 0, 0, 0, 0, 0, 0, 0, 0, 0, 311, 0, 0, 0, 0, 0, 0, 0, 0, 0, 0, 0, 0, 360, 0, 0, 0, 0, 0, 0, 0, 0, 0, 0, 0, 0, 381, 0, 0, 0, 0, 0, 0, 0, 0, 0, 0, 0, 319], 'packedBins': {'min': 0, 'size': 0.078125, 'count': 64}, '_type': 'histogram'}",33593.64182166,,,,,5294.731417026297,,,,0.9990985039217529,0.8844608998391777,,,,173015040.0,,,1.0751953125,0.9996545116057559,0.9968997553348282,,,"{'values': [336, 0, 0, 0, 0, 0, 0, 0, 0, 0, 0, 0, 298, 0, 0, 0, 0, 0, 0, 0, 0, 0, 0, 0, 0, 329, 0, 0, 0, 0, 0, 0, 0, 0, 0, 0, 0, 0, 322, 0, 0, 0, 0, 0, 0, 0, 0, 0, 0, 0, 0, 416, 0, 0, 0, 0, 0, 0, 0, 0, 0, 0, 0, 347], 'packedBins': {'min': 0, 'size': 0.078125, 'count': 64}, '_type': 'histogram'}",,,1.0810546875,12.05161798298359,"{'_type': 'histogram', 'values': [377, 0, 0, 0, 0, 0, 0, 0, 0, 0, 0, 0, 308, 0, 0, 0, 0, 0, 0, 0, 0, 0, 0, 0, 0, 351, 0, 0, 0, 0, 0, 0, 0, 0, 0, 0, 0, 0, 327, 0, 0, 0, 0, 0, 0, 0, 0, 0, 0, 0, 0, 337, 0, 0, 0, 0, 0, 0, 0, 0, 0, 0, 0, 348], 'packedBins': {'min': 0, 'size': 0.078125, 'count': 64}}",1.1044921875,0.9992762108170469
,"{'packedBins': {'min': 0, 'size': 0.078125, 'count': 64}, '_type': 'histogram', 'values': [323, 0, 0, 0, 0, 0, 0, 0, 0, 0, 0, 0, 337, 0, 0, 0, 0, 0, 0, 0, 0, 0, 0, 0, 0, 338, 0, 0, 0, 0, 0, 0, 0, 0, 0, 0, 0, 0, 388, 0, 0, 0, 0, 0, 0, 0, 0, 0, 0, 0, 0, 344, 0, 0, 0, 0, 0, 0, 0, 0, 0, 0, 0, 318]}",0.45287564396858215,0.9979997949480034,2660,1.0458984375,2.64043773394078,,,0.9987937874932817,1.119140625,1.1513671875,1.1162109375,0.9982809590586408,,"{'values': [318, 0, 0, 0, 0, 0, 0, 0, 0, 0, 0, 0, 353, 0, 0, 0, 0, 0, 0, 0, 0, 0, 0, 0, 0, 364, 0, 0, 0, 0, 0, 0, 0, 0, 0, 0, 0, 0, 353, 0, 0, 0, 0, 0, 0, 0, 0, 0, 0, 0, 0, 346, 0, 0, 0, 0, 0, 0, 0, 0, 0, 0, 0, 314], 'packedBins': {'count': 64, 'min': 0, 'size': 0.078125}, '_type': 'histogram'}",1.1220703125,"{'_type': 'histogram', 'values': [327, 0, 0, 0, 0, 0, 0, 0, 0, 0, 0, 0, 389, 0, 0, 0, 0, 0, 0, 0, 0, 0, 0, 0, 0, 354, 0, 0, 0, 0, 0, 0, 0, 0, 0, 0, 0, 0, 341, 0, 0, 0, 0, 0, 0, 0, 0, 0, 0, 0, 0, 312, 0, 0, 0, 0, 0, 0, 0, 0, 0, 0, 0, 325], 'packedBins': {'min': 0, 'size': 0.078125, 'count': 64}}",,0.9991541911817159,,"{'_type': 'histogram', 'values': [387, 0, 0, 0, 0, 0, 0, 0, 0, 0, 0, 0, 334, 0, 0, 0, 0, 0, 0, 0, 0, 0, 0, 0, 0, 318, 0, 0, 0, 0, 0, 0, 0, 0, 0, 0, 0, 0, 326, 0, 0, 0, 0, 0, 0, 0, 0, 0, 0, 0, 0, 305, 0, 0, 0, 0, 0, 0, 0, 0, 0, 0, 0, 378], 'packedBins': {'size': 0.078125, 'count': 64, 'min': 0}}",1784925306.572978,,,0.9985240003497335,,,,1.08984375,"{'packedBins': {'min': 0, 'size': 0.078125, 'count': 64}, '_type': 'histogram', 'values': [350, 0, 0, 0, 0, 0, 0, 0, 0, 0, 0, 0, 318, 0, 0, 0, 0, 0, 0, 0, 0, 0, 0, 0, 0, 306, 0, 0, 0, 0, 0, 0, 0, 0, 0, 0, 0, 0, 383, 0, 0, 0, 0, 0, 0, 0, 0, 0, 0, 0, 0, 364, 0, 0, 0, 0, 0, 0, 0, 0, 0, 0, 0, 327]}",,11435.769856,,,0.9981906086416399,,1.13671875,,,0.9995860502073068,"{'_type': 'histogram', 'values': [315, 0, 0, 0, 0, 0, 0, 0, 0, 0, 0, 0, 364, 0, 0, 0, 0, 0, 0, 0, 0, 0, 0, 0, 0, 351, 0, 0, 0, 0, 0, 0, 0, 0, 0, 0, 0, 0, 393, 0, 0, 0, 0, 0, 0, 0, 0, 0, 0, 0, 0, 318, 0, 0, 0, 0, 0, 0, 0, 0, 0, 0, 0, 307], 'packedBins': {'min': 0, 'size': 0.078125, 'count': 64}}",,,,,1.1396484375,"{'_type': 'histogram', 'values': [339, 0, 0, 0, 0, 0, 0, 0, 0, 0, 0, 0, 343, 0, 0, 0, 0, 0, 0, 0, 0, 0, 0, 0, 0, 364, 0, 0, 0, 0, 0, 0, 0, 0, 0, 0, 0, 0, 290, 0, 0, 0, 0, 0, 0, 0, 0, 0, 0, 0, 0, 330, 0, 0, 0, 0, 0, 0, 0, 0, 0, 0, 0, 382], 'packedBins': {'min': 0, 'size': 0.078125, 'count': 64}}",,"{'packedBins': {'min': 0, 'size': 0.078125, 'count': 64}, '_type': 'histogram', 'values': [381, 0, 0, 0, 0, 0, 0, 0, 0, 0, 0, 0, 346, 0, 0, 0, 0, 0, 0, 0, 0, 0, 0, 0, 0, 317, 0, 0, 0, 0, 0, 0, 0, 0, 0, 0, 0, 0, 362, 0, 0, 0, 0, 0, 0, 0, 0, 0, 0, 0, 0, 298, 0, 0, 0, 0, 0, 0, 0, 0, 0, 0, 0, 344]}",,,7805.475328,1.0283203125,"{'packedBins': {'min': 0, 'size': 0.078125, 'count': 64}, '_type': 'histogram', 'values': [331, 0, 0, 0, 0, 0, 0, 0, 0, 0, 0, 0, 315, 0, 0, 0, 0, 0, 0, 0, 0, 0, 0, 0, 0, 323, 0, 0, 0, 0, 0, 0, 0, 0, 0, 0, 0, 0, 346, 0, 0, 0, 0, 0, 0, 0, 0, 0, 0, 0, 0, 372, 0, 0, 0, 0, 0, 0, 0, 0, 0, 0, 0, 361]}",14.019339005309693,0.9969755352501183,2.3179332619364715e-05,"{'_type': 'histogram', 'values': [357, 0, 0, 0, 0, 0, 0, 0, 0, 0, 0, 0, 352, 0, 0, 0, 0, 0, 0, 0, 0, 0, 0, 0, 0, 316, 0, 0, 0, 0, 0, 0, 0, 0, 0, 0, 0, 0, 343, 0, 0, 0, 0, 0, 0, 0, 0, 0, 0, 0, 0, 343, 0, 0, 0, 0, 0, 0, 0, 0, 0, 0, 0, 337], 'packedBins': {'min': 0, 'size': 0.078125, 'count': 64}}",33840.864159789,,,,,5313.744566102418,,,,0.9977978038831915,0.8892997783143073,,,,174325760.0,,,1.1337890625,0.999011213975431,0.9999263612404138,,,"{'values': [338, 0, 0, 0, 0, 0, 0, 0, 0, 0, 0, 0, 337, 0, 0, 0, 0, 0, 0, 0, 0, 0, 0, 0, 0, 338, 0, 0, 0, 0, 0, 0, 0, 0, 0, 0, 0, 0, 347, 0, 0, 0, 0, 0, 0, 0, 0, 0, 0, 0, 0, 351, 0, 0, 0, 0, 0, 0, 0, 0, 0, 0, 0, 337], 'packedBins': {'min': 0, 'size': 0.078125, 'count': 64}, '_type': 'histogram'}",,,1.06640625,12.05376600921154,"{'packedBins': {'min': 0, 'size': 0.078125, 'count': 64}, '_type': 'histogram', 'values': [374, 0, 0, 0, 0, 0, 0, 0, 0, 0, 0, 0, 328, 0, 0, 0, 0, 0, 0, 0, 0, 0, 0, 0, 0, 352, 0, 0, 0, 0, 0, 0, 0, 0, 0, 0, 0, 0, 374, 0, 0, 0, 0, 0, 0, 0, 0, 0, 0, 0, 0, 348, 0, 0, 0, 0, 0, 0, 0, 0, 0, 0, 0, 272]}",1.095703125,0.9977528948025762
,"{'_type': 'histogram', 'values': [333, 0, 0, 0, 0, 0, 0, 0, 0, 0, 0, 0, 327, 0, 0, 0, 0, 0, 0, 0, 0, 0, 0, 0, 0, 384, 0, 0, 0, 0, 0, 0, 0, 0, 0, 0, 0, 0, 375, 0, 0, 0, 0, 0, 0, 0, 0, 0, 0, 0, 0, 322, 0, 0, 0, 0, 0, 0, 0, 0, 0, 0, 0, 307], 'packedBins': {'min': 0, 'size': 0.078125, 'count': 64}}",0.4722086191177368,0.9962574556840725,2680,1.1572265625,2.675777389667928,,,0.9981131654270677,1.2392578125,1.130859375,1.107421875,0.9991442779179949,,"{'values': [340, 0, 0, 0, 0, 0, 0, 0, 0, 0, 0, 0, 365, 0, 0, 0, 0, 0, 0, 0, 0, 0, 0, 0, 0, 370, 0, 0, 0, 0, 0, 0, 0, 0, 0, 0, 0, 0, 326, 0, 0, 0, 0, 0, 0, 0, 0, 0, 0, 0, 0, 308, 0, 0, 0, 0, 0, 0, 0, 0, 0, 0, 0, 339], 'packedBins': {'count': 64, 'min': 0, 'size': 0.078125}, '_type': 'histogram'}",1.0986328125,"{'values': [330, 0, 0, 0, 0, 0, 0, 0, 0, 0, 0, 0, 356, 0, 0, 0, 0, 0, 0, 0, 0, 0, 0, 0, 0, 313, 0, 0, 0, 0, 0, 0, 0, 0, 0, 0, 0, 0, 344, 0, 0, 0, 0, 0, 0, 0, 0, 0, 0, 0, 0, 341, 0, 0, 0, 0, 0, 0, 0, 0, 0, 0, 0, 364], 'packedBins': {'min': 0, 'size': 0.078125, 'count': 64}, '_type': 'histogram'}",,0.9989052950771502,,"{'_type': 'histogram', 'values': [330, 0, 0, 0, 0, 0, 0, 0, 0, 0, 0, 0, 334, 0, 0, 0, 0, 0, 0, 0, 0, 0, 0, 0, 0, 344, 0, 0, 0, 0, 0, 0, 0, 0, 0, 0, 0, 0, 330, 0, 0, 0, 0, 0, 0, 0, 0, 0, 0, 0, 0, 306, 0, 0, 0, 0, 0, 0, 0, 0, 0, 0, 0, 404], 'packedBins': {'size': 0.078125, 'count': 64, 'min': 0}}",1784925553.7948508,,,0.9993301682457566,,,,1.13671875,"{'_type': 'histogram', 'values': [337, 0, 0, 0, 0, 0, 0, 0, 0, 0, 0, 0, 334, 0, 0, 0, 0, 0, 0, 0, 0, 0, 0, 0, 0, 329, 0, 0, 0, 0, 0, 0, 0, 0, 0, 0, 0, 0, 317, 0, 0, 0, 0, 0, 0, 0, 0, 0, 0, 0, 0, 356, 0, 0, 0, 0, 0, 0, 0, 0, 0, 0, 0, 375], 'packedBins': {'min': 0, 'size': 0.078125, 'count': 64}}",,11435.769856,,,0.9991251167102657,,1.125,,,0.9971066032335436,"{'values': [290, 0, 0, 0, 0, 0, 0, 0, 0, 0, 0, 0, 330, 0, 0, 0, 0, 0, 0, 0, 0, 0, 0, 0, 0, 329, 0, 0, 0, 0, 0, 0, 0, 0, 0, 0, 0, 0, 341, 0, 0, 0, 0, 0, 0, 0, 0, 0, 0, 0, 0, 386, 0, 0, 0, 0, 0, 0, 0, 0, 0, 0, 0, 372], 'packedBins': {'size': 0.078125, 'count': 64, 'min': 0}, '_type': 'histogram'}",,,,,1.06640625,"{'_type': 'histogram', 'values': [423, 0, 0, 0, 0, 0, 0, 0, 0, 0, 0, 0, 330, 0, 0, 0, 0, 0, 0, 0, 0, 0, 0, 0, 0, 336, 0, 0, 0, 0, 0, 0, 0, 0, 0, 0, 0, 0, 308, 0, 0, 0, 0, 0, 0, 0, 0, 0, 0, 0, 0, 300, 0, 0, 0, 0, 0, 0, 0, 0, 0, 0, 0, 351], 'packedBins': {'min': 0, 'size': 0.078125, 'count': 64}}",,"{'packedBins': {'min': 0, 'size': 0.078125, 'count': 64}, '_type': 'histogram', 'values': [355, 0, 0, 0, 0, 0, 0, 0, 0, 0, 0, 0, 333, 0, 0, 0, 0, 0, 0, 0, 0, 0, 0, 0, 0, 332, 0, 0, 0, 0, 0, 0, 0, 0, 0, 0, 0, 0, 327, 0, 0, 0, 0, 0, 0, 0, 0, 0, 0, 0, 0, 378, 0, 0, 0, 0, 0, 0, 0, 0, 0, 0, 0, 323]}",,,7805.475328,1.025390625,"{'_type': 'histogram', 'values': [388, 0, 0, 0, 0, 0, 0, 0, 0, 0, 0, 0, 357, 0, 0, 0, 0, 0, 0, 0, 0, 0, 0, 0, 0, 304, 0, 0, 0, 0, 0, 0, 0, 0, 0, 0, 0, 0, 333, 0, 0, 0, 0, 0, 0, 0, 0, 0, 0, 0, 0, 332, 0, 0, 0, 0, 0, 0, 0, 0, 0, 0, 0, 334], 'packedBins': {'min': 0, 'size': 0.078125, 'count': 64}}",14.523635976708382,0.999231634396288,2.2676061421711363e-05,"{'packedBins': {'min': 0, 'size': 0.078125, 'count': 64}, '_type': 'histogram', 'values': [307, 0, 0, 0, 0, 0, 0, 0, 0, 0, 0, 0, 364, 0, 0, 0, 0, 0, 0, 0, 0, 0, 0, 0, 0, 355, 0, 0, 0, 0, 0, 0, 0, 0, 0, 0, 0, 0, 395, 0, 0, 0, 0, 0, 0, 0, 0, 0, 0, 0, 0, 335, 0, 0, 0, 0, 0, 0, 0, 0, 0, 0, 0, 292]}",34087.828863557,,,,,5304.5878321141745,,,,0.9978756462895914,0.9012016351800411,,,,175636480.0,,,1.18359375,0.998408700443502,0.9998002831548346,,,"{'values': [323, 0, 0, 0, 0, 0, 0, 0, 0, 0, 0, 0, 340, 0, 0, 0, 0, 0, 0, 0, 0, 0, 0, 0, 0, 340, 0, 0, 0, 0, 0, 0, 0, 0, 0, 0, 0, 0, 349, 0, 0, 0, 0, 0, 0, 0, 0, 0, 0, 0, 0, 346, 0, 0, 0, 0, 0, 0, 0, 0, 0, 0, 0, 350], 'packedBins': {'size': 0.078125, 'count': 64, 'min': 0}, '_type': 'histogram'}",,,1.083984375,12.055603270232677,"{'values': [319, 0, 0, 0, 0, 0, 0, 0, 0, 0, 0, 0, 360, 0, 0, 0, 0, 0, 0, 0, 0, 0, 0, 0, 0, 332, 0, 0, 0, 0, 0, 0, 0, 0, 0, 0, 0, 0, 342, 0, 0, 0, 0, 0, 0, 0, 0, 0, 0, 0, 0, 326, 0, 0, 0, 0, 0, 0, 0, 0, 0, 0, 0, 369], 'packedBins': {'size': 0.078125, 'count': 64, 'min': 0}, '_type': 'histogram'}",1.0810546875,0.9976491714593476
,"{'packedBins': {'min': 0, 'size': 0.078125, 'count': 64}, '_type': 'histogram', 'values': [273, 0, 0, 0, 0, 0, 0, 0, 0, 0, 0, 0, 365, 0, 0, 0, 0, 0, 0, 0, 0, 0, 0, 0, 0, 398, 0, 0, 0, 0, 0, 0, 0, 0, 0, 0, 0, 0, 334, 0, 0, 0, 0, 0, 0, 0, 0, 0, 0, 0, 0, 344, 0, 0, 0, 0, 0, 0, 0, 0, 0, 0, 0, 334]}",0.4415397346019745,0.9974933535826054,2700,1.1162109375,2.683851200342178,,,0.9965165311802443,1.095703125,1.13671875,1.1044921875,0.9982854167007166,,"{'values': [347, 0, 0, 0, 0, 0, 0, 0, 0, 0, 0, 0, 355, 0, 0, 0, 0, 0, 0, 0, 0, 0, 0, 0, 0, 340, 0, 0, 0, 0, 0, 0, 0, 0, 0, 0, 0, 0, 327, 0, 0, 0, 0, 0, 0, 0, 0, 0, 0, 0, 0, 325, 0, 0, 0, 0, 0, 0, 0, 0, 0, 0, 0, 354], 'packedBins': {'min': 0, 'size': 0.078125, 'count': 64}, '_type': 'histogram'}",1.1455078125,"{'_type': 'histogram', 'values': [318, 0, 0, 0, 0, 0, 0, 0, 0, 0, 0, 0, 376, 0, 0, 0, 0, 0, 0, 0, 0, 0, 0, 0, 0, 354, 0, 0, 0, 0, 0, 0, 0, 0, 0, 0, 0, 0, 382, 0, 0, 0, 0, 0, 0, 0, 0, 0, 0, 0, 0, 306, 0, 0, 0, 0, 0, 0, 0, 0, 0, 0, 0, 312], 'packedBins': {'size': 0.078125, 'count': 64, 'min': 0}}",,0.9996583039281189,,"{'_type': 'histogram', 'values': [376, 0, 0, 0, 0, 0, 0, 0, 0, 0, 0, 0, 301, 0, 0, 0, 0, 0, 0, 0, 0, 0, 0, 0, 0, 332, 0, 0, 0, 0, 0, 0, 0, 0, 0, 0, 0, 0, 347, 0, 0, 0, 0, 0, 0, 0, 0, 0, 0, 0, 0, 316, 0, 0, 0, 0, 0, 0, 0, 0, 0, 0, 0, 376], 'packedBins': {'min': 0, 'size': 0.078125, 'count': 64}}",1784925800.760048,,,0.9977443121782809,,,,1.0810546875,"{'_type': 'histogram', 'values': [391, 0, 0, 0, 0, 0, 0, 0, 0, 0, 0, 0, 327, 0, 0, 0, 0, 0, 0, 0, 0, 0, 0, 0, 0, 352, 0, 0, 0, 0, 0, 0, 0, 0, 0, 0, 0, 0, 312, 0, 0, 0, 0, 0, 0, 0, 0, 0, 0, 0, 0, 350, 0, 0, 0, 0, 0, 0, 0, 0, 0, 0, 0, 316], 'packedBins': {'min': 0, 'size': 0.078125, 'count': 64}}",,11435.769856,,,0.9990703608979007,,1.166015625,,,0.9988383639140406,"{'_type': 'histogram', 'values': [348, 0, 0, 0, 0, 0, 0, 0, 0, 0, 0, 0, 315, 0, 0, 0, 0, 0, 0, 0, 0, 0, 0, 0, 0, 351, 0, 0, 0, 0, 0, 0, 0, 0, 0, 0, 0, 0, 321, 0, 0, 0, 0, 0, 0, 0, 0, 0, 0, 0, 0, 325, 0, 0, 0, 0, 0, 0, 0, 0, 0, 0, 0, 388], 'packedBins': {'min': 0, 'size': 0.078125, 'count': 64}}",,,,,1.119140625,"{'_type': 'histogram', 'values': [363, 0, 0, 0, 0, 0, 0, 0, 0, 0, 0, 0, 344, 0, 0, 0, 0, 0, 0, 0, 0, 0, 0, 0, 0, 349, 0, 0, 0, 0, 0, 0, 0, 0, 0, 0, 0, 0, 343, 0, 0, 0, 0, 0, 0, 0, 0, 0, 0, 0, 0, 374, 0, 0, 0, 0, 0, 0, 0, 0, 0, 0, 0, 275], 'packedBins': {'min': 0, 'size': 0.078125, 'count': 64}}",,"{'_type': 'histogram', 'values': [336, 0, 0, 0, 0, 0, 0, 0, 0, 0, 0, 0, 340, 0, 0, 0, 0, 0, 0, 0, 0, 0, 0, 0, 0, 330, 0, 0, 0, 0, 0, 0, 0, 0, 0, 0, 0, 0, 352, 0, 0, 0, 0, 0, 0, 0, 0, 0, 0, 0, 0, 313, 0, 0, 0, 0, 0, 0, 0, 0, 0, 0, 0, 377], 'packedBins': {'min': 0, 'size': 0.078125, 'count': 64}}",,,7805.475328,1.0400390625,"{'packedBins': {'min': 0, 'size': 0.078125, 'count': 64}, '_type': 'histogram', 'values': [295, 0, 0, 0, 0, 0, 0, 0, 0, 0, 0, 0, 369, 0, 0, 0, 0, 0, 0, 0, 0, 0, 0, 0, 0, 325, 0, 0, 0, 0, 0, 0, 0, 0, 0, 0, 0, 0, 365, 0, 0, 0, 0, 0, 0, 0, 0, 0, 0, 0, 0, 368, 0, 0, 0, 0, 0, 0, 0, 0, 0, 0, 0, 326]}",14.641371712342048,0.9975750548433396,2.2215530631471058e-05,"{'values': [315, 0, 0, 0, 0, 0, 0, 0, 0, 0, 0, 0, 359, 0, 0, 0, 0, 0, 0, 0, 0, 0, 0, 0, 0, 336, 0, 0, 0, 0, 0, 0, 0, 0, 0, 0, 0, 0, 331, 0, 0, 0, 0, 0, 0, 0, 0, 0, 0, 0, 0, 381, 0, 0, 0, 0, 0, 0, 0, 0, 0, 0, 0, 326], 'packedBins': {'min': 0, 'size': 0.078125, 'count': 64}, '_type': 'histogram'}",34334.659059059,,,,,5310.097682644947,,,,0.9980841574875888,0.897238367749378,,,,176947200.0,,,1.1015625,0.9981049154626288,0.9996308927559509,,,"{'values': [337, 0, 0, 0, 0, 0, 0, 0, 0, 0, 0, 0, 317, 0, 0, 0, 0, 0, 0, 0, 0, 0, 0, 0, 0, 355, 0, 0, 0, 0, 0, 0, 0, 0, 0, 0, 0, 0, 346, 0, 0, 0, 0, 0, 0, 0, 0, 0, 0, 0, 0, 351, 0, 0, 0, 0, 0, 0, 0, 0, 0, 0, 0, 342], 'packedBins': {'count': 64, 'min': 0, 'size': 0.078125}, '_type': 'histogram'}",,,1.0400390625,12.05460279136896,"{'values': [356, 0, 0, 0, 0, 0, 0, 0, 0, 0, 0, 0, 356, 0, 0, 0, 0, 0, 0, 0, 0, 0, 0, 0, 0, 284, 0, 0, 0, 0, 0, 0, 0, 0, 0, 0, 0, 0, 315, 0, 0, 0, 0, 0, 0, 0, 0, 0, 0, 0, 0, 371, 0, 0, 0, 0, 0, 0, 0, 0, 0, 0, 0, 366], 'packedBins': {'min': 0, 'size': 0.078125, 'count': 64}, '_type': 'histogram'}",1.0869140625,0.9985523429694997
,"{'_type': 'histogram', 'values': [434, 0, 0, 0, 0, 0, 0, 0, 0, 0, 0, 0, 288, 0, 0, 0, 0, 0, 0, 0, 0, 0, 0, 0, 0, 300, 0, 0, 0, 0, 0, 0, 0, 0, 0, 0, 0, 0, 335, 0, 0, 0, 0, 0, 0, 0, 0, 0, 0, 0, 0, 343, 0, 0, 0, 0, 0, 0, 0, 0, 0, 0, 0, 348], 'packedBins': {'size': 0.078125, 'count': 64, 'min': 0}}",0.4692498445510864,0.998679618630562,2720,1.1953125,2.6548163584433495,,,0.9949001369379502,1.0751953125,1.1806640625,1.2978515625,0.9954526184274752,,"{'packedBins': {'count': 64, 'min': 0, 'size': 0.078125}, '_type': 'histogram', 'values': [348, 0, 0, 0, 0, 0, 0, 0, 0, 0, 0, 0, 335, 0, 0, 0, 0, 0, 0, 0, 0, 0, 0, 0, 0, 351, 0, 0, 0, 0, 0, 0, 0, 0, 0, 0, 0, 0, 342, 0, 0, 0, 0, 0, 0, 0, 0, 0, 0, 0, 0, 336, 0, 0, 0, 0, 0, 0, 0, 0, 0, 0, 0, 336]}",1.189453125,"{'_type': 'histogram', 'values': [294, 0, 0, 0, 0, 0, 0, 0, 0, 0, 0, 0, 279, 0, 0, 0, 0, 0, 0, 0, 0, 0, 0, 0, 0, 310, 0, 0, 0, 0, 0, 0, 0, 0, 0, 0, 0, 0, 344, 0, 0, 0, 0, 0, 0, 0, 0, 0, 0, 0, 0, 399, 0, 0, 0, 0, 0, 0, 0, 0, 0, 0, 0, 422], 'packedBins': {'size': 0.078125, 'count': 64, 'min': 0}}",,0.9999062685850867,,"{'_type': 'histogram', 'values': [374, 0, 0, 0, 0, 0, 0, 0, 0, 0, 0, 0, 429, 0, 0, 0, 0, 0, 0, 0, 0, 0, 0, 0, 0, 249, 0, 0, 0, 0, 0, 0, 0, 0, 0, 0, 0, 0, 384, 0, 0, 0, 0, 0, 0, 0, 0, 0, 0, 0, 0, 301, 0, 0, 0, 0, 0, 0, 0, 0, 0, 0, 0, 311], 'packedBins': {'size': 0.078125, 'count': 64, 'min': 0}}",1784926047.5901506,,,0.9933260570293914,,,,1.0986328125,"{'_type': 'histogram', 'values': [294, 0, 0, 0, 0, 0, 0, 0, 0, 0, 0, 0, 392, 0, 0, 0, 0, 0, 0, 0, 0, 0, 0, 0, 0, 301, 0, 0, 0, 0, 0, 0, 0, 0, 0, 0, 0, 0, 344, 0, 0, 0, 0, 0, 0, 0, 0, 0, 0, 0, 0, 311, 0, 0, 0, 0, 0, 0, 0, 0, 0, 0, 0, 406], 'packedBins': {'count': 64, 'min': 0, 'size': 0.078125}}",,11435.769856,,,0.9945871040130688,,1.271484375,,,0.9945526404519448,"{'packedBins': {'size': 0.078125, 'count': 64, 'min': 0}, '_type': 'histogram', 'values': [325, 0, 0, 0, 0, 0, 0, 0, 0, 0, 0, 0, 403, 0, 0, 0, 0, 0, 0, 0, 0, 0, 0, 0, 0, 381, 0, 0, 0, 0, 0, 0, 0, 0, 0, 0, 0, 0, 330, 0, 0, 0, 0, 0, 0, 0, 0, 0, 0, 0, 0, 310, 0, 0, 0, 0, 0, 0, 0, 0, 0, 0, 0, 299]}",,,,,1.236328125,"{'_type': 'histogram', 'values': [330, 0, 0, 0, 0, 0, 0, 0, 0, 0, 0, 0, 357, 0, 0, 0, 0, 0, 0, 0, 0, 0, 0, 0, 0, 364, 0, 0, 0, 0, 0, 0, 0, 0, 0, 0, 0, 0, 302, 0, 0, 0, 0, 0, 0, 0, 0, 0, 0, 0, 0, 328, 0, 0, 0, 0, 0, 0, 0, 0, 0, 0, 0, 367], 'packedBins': {'min': 0, 'size': 0.078125, 'count': 64}}",,"{'_type': 'histogram', 'values': [443, 0, 0, 0, 0, 0, 0, 0, 0, 0, 0, 0, 291, 0, 0, 0, 0, 0, 0, 0, 0, 0, 0, 0, 0, 332, 0, 0, 0, 0, 0, 0, 0, 0, 0, 0, 0, 0, 330, 0, 0, 0, 0, 0, 0, 0, 0, 0, 0, 0, 0, 345, 0, 0, 0, 0, 0, 0, 0, 0, 0, 0, 0, 307], 'packedBins': {'min': 0, 'size': 0.078125, 'count': 64}}",,,7805.475328,1.0869140625,"{'_type': 'histogram', 'values': [348, 0, 0, 0, 0, 0, 0, 0, 0, 0, 0, 0, 375, 0, 0, 0, 0, 0, 0, 0, 0, 0, 0, 0, 0, 351, 0, 0, 0, 0, 0, 0, 0, 0, 0, 0, 0, 0, 341, 0, 0, 0, 0, 0, 0, 0, 0, 0, 0, 0, 0, 278, 0, 0, 0, 0, 0, 0, 0, 0, 0, 0, 0, 355], 'packedBins': {'size': 0.078125, 'count': 64, 'min': 0}}",14.222374000595858,0.9989891918929368,2.1797965653886848e-05,"{'values': [408, 0, 0, 0, 0, 0, 0, 0, 0, 0, 0, 0, 326, 0, 0, 0, 0, 0, 0, 0, 0, 0, 0, 0, 0, 370, 0, 0, 0, 0, 0, 0, 0, 0, 0, 0, 0, 0, 371, 0, 0, 0, 0, 0, 0, 0, 0, 0, 0, 0, 0, 309, 0, 0, 0, 0, 0, 0, 0, 0, 0, 0, 0, 264], 'packedBins': {'min': 0, 'size': 0.078125, 'count': 64}, '_type': 'histogram'}",34581.073947933,,,,,5313.00005741072,,,,0.9912390156222489,0.8825588351581246,,,,178257920.0,,,1.2568359375,0.997722888883528,0.9986864048916327,,,"{'packedBins': {'min': 0, 'size': 0.078125, 'count': 64}, '_type': 'histogram', 'values': [371, 0, 0, 0, 0, 0, 0, 0, 0, 0, 0, 0, 346, 0, 0, 0, 0, 0, 0, 0, 0, 0, 0, 0, 0, 360, 0, 0, 0, 0, 0, 0, 0, 0, 0, 0, 0, 0, 331, 0, 0, 0, 0, 0, 0, 0, 0, 0, 0, 0, 0, 342, 0, 0, 0, 0, 0, 0, 0, 0, 0, 0, 0, 298]}",,,1.0283203125,12.050653158128261,"{'values': [329, 0, 0, 0, 0, 0, 0, 0, 0, 0, 0, 0, 320, 0, 0, 0, 0, 0, 0, 0, 0, 0, 0, 0, 0, 383, 0, 0, 0, 0, 0, 0, 0, 0, 0, 0, 0, 0, 328, 0, 0, 0, 0, 0, 0, 0, 0, 0, 0, 0, 0, 339, 0, 0, 0, 0, 0, 0, 0, 0, 0, 0, 0, 349], 'packedBins': {'min': 0, 'size': 0.078125, 'count': 64}, '_type': 'histogram'}",1.1220703125,0.9966493289949231
,"{'_type': 'histogram', 'values': [291, 0, 0, 0, 0, 0, 0, 0, 0, 0, 0, 0, 337, 0, 0, 0, 0, 0, 0, 0, 0, 0, 0, 0, 0, 388, 0, 0, 0, 0, 0, 0, 0, 0, 0, 0, 0, 0, 337, 0, 0, 0, 0, 0, 0, 0, 0, 0, 0, 0, 0, 321, 0, 0, 0, 0, 0, 0, 0, 0, 0, 0, 0, 374], 'packedBins': {'min': 0, 'size': 0.078125, 'count': 64}}",0.45978066325187683,0.9984429644087122,2740,1.06640625,2.6961757202632723,,,0.9975062607850341,1.1220703125,1.1162109375,1.0927734375,0.9990455444726125,,"{'values': [320, 0, 0, 0, 0, 0, 0, 0, 0, 0, 0, 0, 379, 0, 0, 0, 0, 0, 0, 0, 0, 0, 0, 0, 0, 362, 0, 0, 0, 0, 0, 0, 0, 0, 0, 0, 0, 0, 304, 0, 0, 0, 0, 0, 0, 0, 0, 0, 0, 0, 0, 333, 0, 0, 0, 0, 0, 0, 0, 0, 0, 0, 0, 350], 'packedBins': {'count': 64, 'min': 0, 'size': 0.078125}, '_type': 'histogram'}",1.0869140625,"{'values': [343, 0, 0, 0, 0, 0, 0, 0, 0, 0, 0, 0, 338, 0, 0, 0, 0, 0, 0, 0, 0, 0, 0, 0, 0, 338, 0, 0, 0, 0, 0, 0, 0, 0, 0, 0, 0, 0, 344, 0, 0, 0, 0, 0, 0, 0, 0, 0, 0, 0, 0, 352, 0, 0, 0, 0, 0, 0, 0, 0, 0, 0, 0, 333], 'packedBins': {'min': 0, 'size': 0.078125, 'count': 64}, '_type': 'histogram'}",,0.998465119555149,,"{'_type': 'histogram', 'values': [372, 0, 0, 0, 0, 0, 0, 0, 0, 0, 0, 0, 339, 0, 0, 0, 0, 0, 0, 0, 0, 0, 0, 0, 0, 319, 0, 0, 0, 0, 0, 0, 0, 0, 0, 0, 0, 0, 365, 0, 0, 0, 0, 0, 0, 0, 0, 0, 0, 0, 0, 341, 0, 0, 0, 0, 0, 0, 0, 0, 0, 0, 0, 312], 'packedBins': {'min': 0, 'size': 0.078125, 'count': 64}}",1784926294.0051568,,,0.9999142524216404,,,,1.0517578125,"{'_type': 'histogram', 'values': [371, 0, 0, 0, 0, 0, 0, 0, 0, 0, 0, 0, 314, 0, 0, 0, 0, 0, 0, 0, 0, 0, 0, 0, 0, 349, 0, 0, 0, 0, 0, 0, 0, 0, 0, 0, 0, 0, 348, 0, 0, 0, 0, 0, 0, 0, 0, 0, 0, 0, 0, 349, 0, 0, 0, 0, 0, 0, 0, 0, 0, 0, 0, 317], 'packedBins': {'min': 0, 'size': 0.078125, 'count': 64}}",,11435.769856,,,0.9990439477053017,,1.13671875,,,0.9995112682715859,"{'_type': 'histogram', 'values': [311, 0, 0, 0, 0, 0, 0, 0, 0, 0, 0, 0, 371, 0, 0, 0, 0, 0, 0, 0, 0, 0, 0, 0, 0, 346, 0, 0, 0, 0, 0, 0, 0, 0, 0, 0, 0, 0, 333, 0, 0, 0, 0, 0, 0, 0, 0, 0, 0, 0, 0, 306, 0, 0, 0, 0, 0, 0, 0, 0, 0, 0, 0, 381], 'packedBins': {'count': 64, 'min': 0, 'size': 0.078125}}",,,,,1.03125,"{'_type': 'histogram', 'values': [297, 0, 0, 0, 0, 0, 0, 0, 0, 0, 0, 0, 336, 0, 0, 0, 0, 0, 0, 0, 0, 0, 0, 0, 0, 353, 0, 0, 0, 0, 0, 0, 0, 0, 0, 0, 0, 0, 341, 0, 0, 0, 0, 0, 0, 0, 0, 0, 0, 0, 0, 383, 0, 0, 0, 0, 0, 0, 0, 0, 0, 0, 0, 338], 'packedBins': {'min': 0, 'size': 0.078125, 'count': 64}}",,"{'_type': 'histogram', 'values': [363, 0, 0, 0, 0, 0, 0, 0, 0, 0, 0, 0, 318, 0, 0, 0, 0, 0, 0, 0, 0, 0, 0, 0, 0, 338, 0, 0, 0, 0, 0, 0, 0, 0, 0, 0, 0, 0, 373, 0, 0, 0, 0, 0, 0, 0, 0, 0, 0, 0, 0, 324, 0, 0, 0, 0, 0, 0, 0, 0, 0, 0, 0, 332], 'packedBins': {'count': 64, 'min': 0, 'size': 0.078125}}",,,7805.475328,1.13671875,"{'packedBins': {'min': 0, 'size': 0.078125, 'count': 64}, '_type': 'histogram', 'values': [331, 0, 0, 0, 0, 0, 0, 0, 0, 0, 0, 0, 348, 0, 0, 0, 0, 0, 0, 0, 0, 0, 0, 0, 0, 359, 0, 0, 0, 0, 0, 0, 0, 0, 0, 0, 0, 0, 347, 0, 0, 0, 0, 0, 0, 0, 0, 0, 0, 0, 0, 311, 0, 0, 0, 0, 0, 0, 0, 0, 0, 0, 0, 352]}",14.822936138674327,0.9988780835008959,2.1423570864729607e-05,"{'values': [324, 0, 0, 0, 0, 0, 0, 0, 0, 0, 0, 0, 364, 0, 0, 0, 0, 0, 0, 0, 0, 0, 0, 0, 0, 351, 0, 0, 0, 0, 0, 0, 0, 0, 0, 0, 0, 0, 326, 0, 0, 0, 0, 0, 0, 0, 0, 0, 0, 0, 0, 348, 0, 0, 0, 0, 0, 0, 0, 0, 0, 0, 0, 335], 'packedBins': {'min': 0, 'size': 0.078125, 'count': 64}, '_type': 'histogram'}",34713.007474802,,,,,5321.955393652881,,,,0.9988571924619134,0.9101853428874165,,,,179568640.0,,,1.08984375,0.9993804664160457,0.9985718368370853,,,"{'values': [310, 0, 0, 0, 0, 0, 0, 0, 0, 0, 0, 0, 338, 0, 0, 0, 0, 0, 0, 0, 0, 0, 0, 0, 0, 330, 0, 0, 0, 0, 0, 0, 0, 0, 0, 0, 0, 0, 328, 0, 0, 0, 0, 0, 0, 0, 0, 0, 0, 0, 0, 388, 0, 0, 0, 0, 0, 0, 0, 0, 0, 0, 0, 354], 'packedBins': {'size': 0.078125, 'count': 64, 'min': 0}, '_type': 'histogram'}",,,1.1103515625,12.052993139624595,"{'values': [371, 0, 0, 0, 0, 0, 0, 0, 0, 0, 0, 0, 342, 0, 0, 0, 0, 0, 0, 0, 0, 0, 0, 0, 0, 310, 0, 0, 0, 0, 0, 0, 0, 0, 0, 0, 0, 0, 357, 0, 0, 0, 0, 0, 0, 0, 0, 0, 0, 0, 0, 317, 0, 0, 0, 0, 0, 0, 0, 0, 0, 0, 0, 351], 'packedBins': {'min': 0, 'size': 0.078125, 'count': 64}, '_type': 'histogram'}",1.0869140625,0.9981215484554493
"{'packedBins': {'min': 0, 'size': 0.078125, 'count': 64}, '_type': 'histogram', 'values': [16350, 0, 0, 0, 0, 0, 0, 0, 0, 0, 0, 0, 17152, 0, 0, 0, 0, 0, 0, 0, 0, 0, 0, 0, 0, 16102, 0, 0, 0, 0, 0, 0, 0, 0, 0, 0, 0, 0, 17837, 0, 0, 0, 0, 0, 0, 0, 0, 0, 0, 0, 0, 17334, 0, 0, 0, 0, 0, 0, 0, 0, 0, 0, 0, 17625]}",,,,2750,,,0.9976648730045702,1.0451366901397705,,,,,,1.0348827838897705,,,,"{'values': [16978, 0, 0, 0, 0, 0, 0, 0, 0, 0, 0, 0, 16626, 0, 0, 0, 0, 0, 0, 0, 0, 0, 0, 0, 0, 16286, 0, 0, 0, 0, 0, 0, 0, 0, 0, 0, 0, 0, 17895, 0, 0, 0, 0, 0, 0, 0, 0, 0, 0, 0, 0, 16472, 0, 0, 0, 0, 0, 0, 0, 0, 0, 0, 0, 18143], 'packedBins': {'size': 0.078125, 'count': 64, 'min': 0}, '_type': 'histogram'}",,0.9998233697488694,,1784926425.937961,1.0541014671325684,"{'_type': 'histogram', 'values': [18256, 0, 0, 0, 0, 0, 0, 0, 0, 0, 0, 0, 16730, 0, 0, 0, 0, 0, 0, 0, 0, 0, 0, 0, 0, 17668, 0, 0, 0, 0, 0, 0, 0, 0, 0, 0, 0, 0, 16212, 0, 0, 0, 0, 0, 0, 0, 0, 0, 0, 0, 0, 16828, 0, 0, 0, 0, 0, 0, 0, 0, 0, 0, 0, 16706], 'packedBins': {'min': 0, 'size': 0.078125, 'count': 64}}",,1.0293163061141968,1.5455608999596981,36.68068119072088,,,"{'values': [17464, 0, 0, 0, 0, 0, 0, 0, 0, 0, 0, 0, 21234, 0, 0, 0, 0, 0, 0, 0, 0, 0, 0, 0, 0, 17795, 0, 0, 0, 0, 0, 0, 0, 0, 0, 0, 0, 0, 15385, 0, 0, 0, 0, 0, 0, 0, 0, 0, 0, 0, 0, 16184, 0, 0, 0, 0, 0, 0, 0, 0, 0, 0, 0, 14338], 'packedBins': {'min': 0, 'size': 0.078125, 'count': 64}, '_type': 'histogram'}",,0.9996102678448534,0.9986428264504431,,1.0696874856948853,,0.9990032301388773,"{'values': [15763, 0, 0, 0, 0, 0, 0, 0, 0, 0, 0, 0, 15314, 0, 0, 0, 0, 0, 0, 0, 0, 0, 0, 0, 0, 18489, 0, 0, 0, 0, 0, 0, 0, 0, 0, 0, 0, 0, 19453, 0, 0, 0, 0, 0, 0, 0, 0, 0, 0, 0, 0, 18958, 0, 0, 0, 0, 0, 0, 0, 0, 0, 0, 0, 14423], 'packedBins': {'min': 0, 'size': 0.078125, 'count': 64}, '_type': 'histogram'}",,,0.9998784582210908,"{'_type': 'histogram', 'values': [15792, 0, 0, 0, 0, 0, 0, 0, 0, 0, 0, 0, 18308, 0, 0, 0, 0, 0, 0, 0, 0, 0, 0, 0, 0, 18246, 0, 0, 0, 0, 0, 0, 0, 0, 0, 0, 0, 0, 15884, 0, 0, 0, 0, 0, 0, 0, 0, 0, 0, 0, 0, 18211, 0, 0, 0, 0, 0, 0, 0, 0, 0, 0, 0, 15959], 'packedBins': {'min': 0, 'size': 0.078125, 'count': 64}}",0.3330859375,1.0727343559265137,,,0.9995224456427613,,1.1398241519927979,"{'_type': 'histogram', 'values': [17924, 0, 0, 0, 0, 0, 0, 0, 0, 0, 0, 0, 18781, 0, 0, 0, 0, 0, 0, 0, 0, 0, 0, 0, 0, 16931, 0, 0, 0, 0, 0, 0, 0, 0, 0, 0, 0, 0, 15774, 0, 0, 0, 0, 0, 0, 0, 0, 0, 0, 0, 0, 16863, 0, 0, 0, 0, 0, 0, 0, 0, 0, 0, 0, 16127], 'packedBins': {'min': 0, 'size': 0.078125, 'count': 64}}",,,,,,,,34872.347732258,"{'values': [18889, 0, 0, 0, 0, 0, 0, 0, 0, 0, 0, 0, 18741, 0, 0, 0, 0, 0, 0, 0, 0, 0, 0, 0, 0, 17875, 0, 0, 0, 0, 0, 0, 0, 0, 0, 0, 0, 0, 14966, 0, 0, 0, 0, 0, 0, 0, 0, 0, 0, 0, 0, 15292, 0, 0, 0, 0, 0, 0, 0, 0, 0, 0, 0, 16637], 'packedBins': {'min': 0, 'size': 0.078125, 'count': 64}, '_type': 'histogram'}",0.9962994373579515,0.9994158614247677,1.0630663633346558,,0.9954683865046691,0.9997265657306542,3.6022502183914185,,,"{'_type': 'histogram', 'values': [16129, 0, 0, 0, 0, 0, 0, 0, 0, 0, 0, 0, 16076, 0, 0, 0, 0, 0, 0, 0, 0, 0, 0, 0, 0, 17324, 0, 0, 0, 0, 0, 0, 0, 0, 0, 0, 0, 0, 17990, 0, 0, 0, 0, 0, 0, 0, 0, 0, 0, 0, 0, 17985, 0, 0, 0, 0, 0, 0, 0, 0, 0, 0, 0, 16896], 'packedBins': {'min': 0, 'size': 0.078125, 'count': 64}}","{'packedBins': {'count': 64, 'min': 0, 'size': 0.078125}, '_type': 'histogram', 'values': [17371, 0, 0, 0, 0, 0, 0, 0, 0, 0, 0, 0, 16990, 0, 0, 0, 0, 0, 0, 0, 0, 0, 0, 0, 0, 16617, 0, 0, 0, 0, 0, 0, 0, 0, 0, 0, 0, 0, 17220, 0, 0, 0, 0, 0, 0, 0, 0, 0, 0, 0, 0, 17567, 0, 0, 0, 0, 0, 0, 0, 0, 0, 0, 0, 16635]}","{'values': [16456, 0, 0, 0, 0, 0, 0, 0, 0, 0, 0, 0, 16811, 0, 0, 0, 0, 0, 0, 0, 0, 0, 0, 0, 0, 17275, 0, 0, 0, 0, 0, 0, 0, 0, 0, 0, 0, 0, 17464, 0, 0, 0, 0, 0, 0, 0, 0, 0, 0, 0, 0, 17662, 0, 0, 0, 0, 0, 0, 0, 0, 0, 0, 0, 16732], 'packedBins': {'count': 64, 'min': 0, 'size': 0.078125}, '_type': 'histogram'}",,"{'_type': 'histogram', 'values': [16828, 0, 0, 0, 0, 0, 0, 0, 0, 0, 0, 0, 16036, 0, 0, 0, 0, 0, 0, 0, 0, 0, 0, 0, 0, 17702, 0, 0, 0, 0, 0, 0, 0, 0, 0, 0, 0, 0, 17151, 0, 0, 0, 0, 0, 0, 0, 0, 0, 0, 0, 0, 17428, 0, 0, 0, 0, 0, 0, 0, 0, 0, 0, 0, 17255], 'packedBins': {'count': 64, 'min': 0, 'size': 0.078125}}",1.0372265577316284,,,,1.1004492044448853,0.9995553124365746,,1.106777310371399,1.244179606437683,,,,,
,"{'_type': 'histogram', 'values': [357, 0, 0, 0, 0, 0, 0, 0, 0, 0, 0, 0, 351, 0, 0, 0, 0, 0, 0, 0, 0, 0, 0, 0, 0, 302, 0, 0, 0, 0, 0, 0, 0, 0, 0, 0, 0, 0, 371, 0, 0, 0, 0, 0, 0, 0, 0, 0, 0, 0, 0, 318, 0, 0, 0, 0, 0, 0, 0, 0, 0, 0, 0, 349], 'packedBins': {'min': 0, 'size': 0.078125, 'count': 64}}",0.4603477418422699,0.9998508474530088,2760,1.107421875,2.65345267476514,,,0.9986364393812001,1.0283203125,1.0693359375,1.1806640625,0.9980885485976935,,"{'values': [342, 0, 0, 0, 0, 0, 0, 0, 0, 0, 0, 0, 310, 0, 0, 0, 0, 0, 0, 0, 0, 0, 0, 0, 0, 358, 0, 0, 0, 0, 0, 0, 0, 0, 0, 0, 0, 0, 354, 0, 0, 0, 0, 0, 0, 0, 0, 0, 0, 0, 0, 306, 0, 0, 0, 0, 0, 0, 0, 0, 0, 0, 0, 378], 'packedBins': {'count': 64, 'min': 0, 'size': 0.078125}, '_type': 'histogram'}",1.107421875,"{'_type': 'histogram', 'values': [348, 0, 0, 0, 0, 0, 0, 0, 0, 0, 0, 0, 283, 0, 0, 0, 0, 0, 0, 0, 0, 0, 0, 0, 0, 391, 0, 0, 0, 0, 0, 0, 0, 0, 0, 0, 0, 0, 344, 0, 0, 0, 0, 0, 0, 0, 0, 0, 0, 0, 0, 339, 0, 0, 0, 0, 0, 0, 0, 0, 0, 0, 0, 343], 'packedBins': {'min': 0, 'size': 0.078125, 'count': 64}}",,0.9983880090004333,,"{'_type': 'histogram', 'values': [361, 0, 0, 0, 0, 0, 0, 0, 0, 0, 0, 0, 324, 0, 0, 0, 0, 0, 0, 0, 0, 0, 0, 0, 0, 303, 0, 0, 0, 0, 0, 0, 0, 0, 0, 0, 0, 0, 344, 0, 0, 0, 0, 0, 0, 0, 0, 0, 0, 0, 0, 354, 0, 0, 0, 0, 0, 0, 0, 0, 0, 0, 0, 362], 'packedBins': {'count': 64, 'min': 0, 'size': 0.078125}}",1784926585.2788782,,,0.9975930184755857,,,,1.1572265625,"{'values': [332, 0, 0, 0, 0, 0, 0, 0, 0, 0, 0, 0, 328, 0, 0, 0, 0, 0, 0, 0, 0, 0, 0, 0, 0, 378, 0, 0, 0, 0, 0, 0, 0, 0, 0, 0, 0, 0, 292, 0, 0, 0, 0, 0, 0, 0, 0, 0, 0, 0, 0, 364, 0, 0, 0, 0, 0, 0, 0, 0, 0, 0, 0, 354], 'packedBins': {'min': 0, 'size': 0.078125, 'count': 64}, '_type': 'histogram'}",,11435.769856,,,0.9970639562399519,,1.0869140625,,,0.9986100261886011,"{'values': [336, 0, 0, 0, 0, 0, 0, 0, 0, 0, 0, 0, 365, 0, 0, 0, 0, 0, 0, 0, 0, 0, 0, 0, 0, 321, 0, 0, 0, 0, 0, 0, 0, 0, 0, 0, 0, 0, 341, 0, 0, 0, 0, 0, 0, 0, 0, 0, 0, 0, 0, 350, 0, 0, 0, 0, 0, 0, 0, 0, 0, 0, 0, 335], 'packedBins': {'min': 0, 'size': 0.078125, 'count': 64}, '_type': 'histogram'}",,,,,1.1455078125,"{'_type': 'histogram', 'values': [351, 0, 0, 0, 0, 0, 0, 0, 0, 0, 0, 0, 336, 0, 0, 0, 0, 0, 0, 0, 0, 0, 0, 0, 0, 351, 0, 0, 0, 0, 0, 0, 0, 0, 0, 0, 0, 0, 329, 0, 0, 0, 0, 0, 0, 0, 0, 0, 0, 0, 0, 339, 0, 0, 0, 0, 0, 0, 0, 0, 0, 0, 0, 342], 'packedBins': {'count': 64, 'min': 0, 'size': 0.078125}}",,"{'_type': 'histogram', 'values': [316, 0, 0, 0, 0, 0, 0, 0, 0, 0, 0, 0, 347, 0, 0, 0, 0, 0, 0, 0, 0, 0, 0, 0, 0, 317, 0, 0, 0, 0, 0, 0, 0, 0, 0, 0, 0, 0, 403, 0, 0, 0, 0, 0, 0, 0, 0, 0, 0, 0, 0, 366, 0, 0, 0, 0, 0, 0, 0, 0, 0, 0, 0, 299], 'packedBins': {'min': 0, 'size': 0.078125, 'count': 64}}",,,7805.475328,1.1279296875,"{'_type': 'histogram', 'values': [356, 0, 0, 0, 0, 0, 0, 0, 0, 0, 0, 0, 342, 0, 0, 0, 0, 0, 0, 0, 0, 0, 0, 0, 0, 328, 0, 0, 0, 0, 0, 0, 0, 0, 0, 0, 0, 0, 395, 0, 0, 0, 0, 0, 0, 0, 0, 0, 0, 0, 0, 331, 0, 0, 0, 0, 0, 0, 0, 0, 0, 0, 0, 296], 'packedBins': {'size': 0.078125, 'count': 64, 'min': 0}}",14.202992399495947,0.9971145870700975,2.1092529510267014e-05,"{'_type': 'histogram', 'values': [343, 0, 0, 0, 0, 0, 0, 0, 0, 0, 0, 0, 297, 0, 0, 0, 0, 0, 0, 0, 0, 0, 0, 0, 0, 336, 0, 0, 0, 0, 0, 0, 0, 0, 0, 0, 0, 0, 343, 0, 0, 0, 0, 0, 0, 0, 0, 0, 0, 0, 0, 351, 0, 0, 0, 0, 0, 0, 0, 0, 0, 0, 0, 378], 'packedBins': {'count': 64, 'min': 0, 'size': 0.078125}}",35119.124992196,,,,,4501.953455257735,,,,0.9988833395266272,0.9019729603081942,,,,180879360.0,,,1.060546875,0.9978471040739114,0.9987392312768306,,,"{'values': [348, 0, 0, 0, 0, 0, 0, 0, 0, 0, 0, 0, 325, 0, 0, 0, 0, 0, 0, 0, 0, 0, 0, 0, 0, 385, 0, 0, 0, 0, 0, 0, 0, 0, 0, 0, 0, 0, 350, 0, 0, 0, 0, 0, 0, 0, 0, 0, 0, 0, 0, 322, 0, 0, 0, 0, 0, 0, 0, 0, 0, 0, 0, 318], 'packedBins': {'min': 0, 'size': 0.078125, 'count': 64}, '_type': 'histogram'}",,,1.107421875,12.053414037823677,"{'values': [331, 0, 0, 0, 0, 0, 0, 0, 0, 0, 0, 0, 403, 0, 0, 0, 0, 0, 0, 0, 0, 0, 0, 0, 0, 305, 0, 0, 0, 0, 0, 0, 0, 0, 0, 0, 0, 0, 302, 0, 0, 0, 0, 0, 0, 0, 0, 0, 0, 0, 0, 342, 0, 0, 0, 0, 0, 0, 0, 0, 0, 0, 0, 365], 'packedBins': {'min': 0, 'size': 0.078125, 'count': 64}, '_type': 'histogram'}",1.1806640625,0.9995557116284023
,"{'_type': 'histogram', 'values': [323, 0, 0, 0, 0, 0, 0, 0, 0, 0, 0, 0, 340, 0, 0, 0, 0, 0, 0, 0, 0, 0, 0, 0, 0, 335, 0, 0, 0, 0, 0, 0, 0, 0, 0, 0, 0, 0, 364, 0, 0, 0, 0, 0, 0, 0, 0, 0, 0, 0, 0, 307, 0, 0, 0, 0, 0, 0, 0, 0, 0, 0, 0, 379], 'packedBins': {'size': 0.078125, 'count': 64, 'min': 0}}",0.44320762157440186,0.9976860301714379,2780,1.083984375,2.7069387206807733,,,0.9986120886797109,1.1572265625,1.095703125,1.0810546875,0.9994883147414937,,"{'values': [307, 0, 0, 0, 0, 0, 0, 0, 0, 0, 0, 0, 332, 0, 0, 0, 0, 0, 0, 0, 0, 0, 0, 0, 0, 397, 0, 0, 0, 0, 0, 0, 0, 0, 0, 0, 0, 0, 324, 0, 0, 0, 0, 0, 0, 0, 0, 0, 0, 0, 0, 354, 0, 0, 0, 0, 0, 0, 0, 0, 0, 0, 0, 334], 'packedBins': {'count': 64, 'min': 0, 'size': 0.078125}, '_type': 'histogram'}",1.0751953125,"{'_type': 'histogram', 'values': [363, 0, 0, 0, 0, 0, 0, 0, 0, 0, 0, 0, 343, 0, 0, 0, 0, 0, 0, 0, 0, 0, 0, 0, 0, 340, 0, 0, 0, 0, 0, 0, 0, 0, 0, 0, 0, 0, 315, 0, 0, 0, 0, 0, 0, 0, 0, 0, 0, 0, 0, 330, 0, 0, 0, 0, 0, 0, 0, 0, 0, 0, 0, 357], 'packedBins': {'min': 0, 'size': 0.078125, 'count': 64}}",,0.998096000178477,,"{'_type': 'histogram', 'values': [320, 0, 0, 0, 0, 0, 0, 0, 0, 0, 0, 0, 328, 0, 0, 0, 0, 0, 0, 0, 0, 0, 0, 0, 0, 365, 0, 0, 0, 0, 0, 0, 0, 0, 0, 0, 0, 0, 358, 0, 0, 0, 0, 0, 0, 0, 0, 0, 0, 0, 0, 344, 0, 0, 0, 0, 0, 0, 0, 0, 0, 0, 0, 333], 'packedBins': {'size': 0.078125, 'count': 64, 'min': 0}}",1784926832.0561972,,,0.9993820631833564,,,,1.0400390625,"{'_type': 'histogram', 'values': [332, 0, 0, 0, 0, 0, 0, 0, 0, 0, 0, 0, 330, 0, 0, 0, 0, 0, 0, 0, 0, 0, 0, 0, 0, 367, 0, 0, 0, 0, 0, 0, 0, 0, 0, 0, 0, 0, 352, 0, 0, 0, 0, 0, 0, 0, 0, 0, 0, 0, 0, 324, 0, 0, 0, 0, 0, 0, 0, 0, 0, 0, 0, 343], 'packedBins': {'min': 0, 'size': 0.078125, 'count': 64}}",,11435.769856,,,0.9985887359577909,,1.1103515625,,,0.9991987010705035,"{'_type': 'histogram', 'values': [346, 0, 0, 0, 0, 0, 0, 0, 0, 0, 0, 0, 374, 0, 0, 0, 0, 0, 0, 0, 0, 0, 0, 0, 0, 317, 0, 0, 0, 0, 0, 0, 0, 0, 0, 0, 0, 0, 313, 0, 0, 0, 0, 0, 0, 0, 0, 0, 0, 0, 0, 358, 0, 0, 0, 0, 0, 0, 0, 0, 0, 0, 0, 340], 'packedBins': {'min': 0, 'size': 0.078125, 'count': 64}}",,,,,1.0634765625,"{'_type': 'histogram', 'values': [368, 0, 0, 0, 0, 0, 0, 0, 0, 0, 0, 0, 395, 0, 0, 0, 0, 0, 0, 0, 0, 0, 0, 0, 0, 329, 0, 0, 0, 0, 0, 0, 0, 0, 0, 0, 0, 0, 327, 0, 0, 0, 0, 0, 0, 0, 0, 0, 0, 0, 0, 330, 0, 0, 0, 0, 0, 0, 0, 0, 0, 0, 0, 299], 'packedBins': {'size': 0.078125, 'count': 64, 'min': 0}}",,"{'_type': 'histogram', 'values': [339, 0, 0, 0, 0, 0, 0, 0, 0, 0, 0, 0, 361, 0, 0, 0, 0, 0, 0, 0, 0, 0, 0, 0, 0, 322, 0, 0, 0, 0, 0, 0, 0, 0, 0, 0, 0, 0, 300, 0, 0, 0, 0, 0, 0, 0, 0, 0, 0, 0, 0, 369, 0, 0, 0, 0, 0, 0, 0, 0, 0, 0, 0, 357], 'packedBins': {'min': 0, 'size': 0.078125, 'count': 64}}",,,7805.475328,1.0810546875,"{'_type': 'histogram', 'values': [355, 0, 0, 0, 0, 0, 0, 0, 0, 0, 0, 0, 322, 0, 0, 0, 0, 0, 0, 0, 0, 0, 0, 0, 0, 352, 0, 0, 0, 0, 0, 0, 0, 0, 0, 0, 0, 0, 351, 0, 0, 0, 0, 0, 0, 0, 0, 0, 0, 0, 0, 333, 0, 0, 0, 0, 0, 0, 0, 0, 0, 0, 0, 335], 'packedBins': {'count': 64, 'min': 0, 'size': 0.078125}}",14.983337055662082,0.9985473530716535,2.080500361757424e-05,"{'values': [336, 0, 0, 0, 0, 0, 0, 0, 0, 0, 0, 0, 362, 0, 0, 0, 0, 0, 0, 0, 0, 0, 0, 0, 0, 333, 0, 0, 0, 0, 0, 0, 0, 0, 0, 0, 0, 0, 319, 0, 0, 0, 0, 0, 0, 0, 0, 0, 0, 0, 0, 328, 0, 0, 0, 0, 0, 0, 0, 0, 0, 0, 0, 370], 'packedBins': {'min': 0, 'size': 0.078125, 'count': 64}, '_type': 'histogram'}",35366.336290569,,,,,5314.129964174027,,,,0.999384059142495,0.9081739819142968,,,,182190080.0,,,1.0693359375,0.9996483241324267,0.9990271816485387,,,"{'values': [318, 0, 0, 0, 0, 0, 0, 0, 0, 0, 0, 0, 369, 0, 0, 0, 0, 0, 0, 0, 0, 0, 0, 0, 0, 343, 0, 0, 0, 0, 0, 0, 0, 0, 0, 0, 0, 0, 313, 0, 0, 0, 0, 0, 0, 0, 0, 0, 0, 0, 0, 358, 0, 0, 0, 0, 0, 0, 0, 0, 0, 0, 0, 347], 'packedBins': {'min': 0, 'size': 0.078125, 'count': 64}, '_type': 'histogram'}",,,1.1630859375,12.051352167129517,"{'values': [357, 0, 0, 0, 0, 0, 0, 0, 0, 0, 0, 0, 310, 0, 0, 0, 0, 0, 0, 0, 0, 0, 0, 0, 0, 373, 0, 0, 0, 0, 0, 0, 0, 0, 0, 0, 0, 0, 347, 0, 0, 0, 0, 0, 0, 0, 0, 0, 0, 0, 0, 307, 0, 0, 0, 0, 0, 0, 0, 0, 0, 0, 0, 354], 'packedBins': {'min': 0, 'size': 0.078125, 'count': 64}, '_type': 'histogram'}",1.0927734375,0.9988966459208836
,"{'_type': 'histogram', 'values': [319, 0, 0, 0, 0, 0, 0, 0, 0, 0, 0, 0, 336, 0, 0, 0, 0, 0, 0, 0, 0, 0, 0, 0, 0, 335, 0, 0, 0, 0, 0, 0, 0, 0, 0, 0, 0, 0, 366, 0, 0, 0, 0, 0, 0, 0, 0, 0, 0, 0, 0, 313, 0, 0, 0, 0, 0, 0, 0, 0, 0, 0, 0, 379], 'packedBins': {'count': 64, 'min': 0, 'size': 0.078125}}",0.46453961730003357,0.9971807198495517,2800,1.0927734375,2.6291696656495334,,,0.998655334461044,1.119140625,1.08984375,1.0751953125,0.99784703754194,,"{'values': [356, 0, 0, 0, 0, 0, 0, 0, 0, 0, 0, 0, 362, 0, 0, 0, 0, 0, 0, 0, 0, 0, 0, 0, 0, 281, 0, 0, 0, 0, 0, 0, 0, 0, 0, 0, 0, 0, 357, 0, 0, 0, 0, 0, 0, 0, 0, 0, 0, 0, 0, 406, 0, 0, 0, 0, 0, 0, 0, 0, 0, 0, 0, 286], 'packedBins': {'count': 64, 'min': 0, 'size': 0.078125}, '_type': 'histogram'}",1.16015625,"{'_type': 'histogram', 'values': [332, 0, 0, 0, 0, 0, 0, 0, 0, 0, 0, 0, 379, 0, 0, 0, 0, 0, 0, 0, 0, 0, 0, 0, 0, 319, 0, 0, 0, 0, 0, 0, 0, 0, 0, 0, 0, 0, 378, 0, 0, 0, 0, 0, 0, 0, 0, 0, 0, 0, 0, 309, 0, 0, 0, 0, 0, 0, 0, 0, 0, 0, 0, 331], 'packedBins': {'min': 0, 'size': 0.078125, 'count': 64}}",,0.9952373875003783,,"{'_type': 'histogram', 'values': [351, 0, 0, 0, 0, 0, 0, 0, 0, 0, 0, 0, 303, 0, 0, 0, 0, 0, 0, 0, 0, 0, 0, 0, 0, 369, 0, 0, 0, 0, 0, 0, 0, 0, 0, 0, 0, 0, 343, 0, 0, 0, 0, 0, 0, 0, 0, 0, 0, 0, 0, 330, 0, 0, 0, 0, 0, 0, 0, 0, 0, 0, 0, 352], 'packedBins': {'size': 0.078125, 'count': 64, 'min': 0}}",1784927079.267556,,,0.9982220117320849,,,,1.1220703125,"{'packedBins': {'min': 0, 'size': 0.078125, 'count': 64}, '_type': 'histogram', 'values': [296, 0, 0, 0, 0, 0, 0, 0, 0, 0, 0, 0, 324, 0, 0, 0, 0, 0, 0, 0, 0, 0, 0, 0, 0, 351, 0, 0, 0, 0, 0, 0, 0, 0, 0, 0, 0, 0, 340, 0, 0, 0, 0, 0, 0, 0, 0, 0, 0, 0, 0, 341, 0, 0, 0, 0, 0, 0, 0, 0, 0, 0, 0, 396]}",,11435.769856,,,0.9990577863553284,,1.1103515625,,,0.9989920527677019,"{'packedBins': {'min': 0, 'size': 0.078125, 'count': 64}, '_type': 'histogram', 'values': [372, 0, 0, 0, 0, 0, 0, 0, 0, 0, 0, 0, 336, 0, 0, 0, 0, 0, 0, 0, 0, 0, 0, 0, 0, 350, 0, 0, 0, 0, 0, 0, 0, 0, 0, 0, 0, 0, 320, 0, 0, 0, 0, 0, 0, 0, 0, 0, 0, 0, 0, 329, 0, 0, 0, 0, 0, 0, 0, 0, 0, 0, 0, 341]}",,,,,1.1103515625,"{'_type': 'histogram', 'values': [368, 0, 0, 0, 0, 0, 0, 0, 0, 0, 0, 0, 296, 0, 0, 0, 0, 0, 0, 0, 0, 0, 0, 0, 0, 319, 0, 0, 0, 0, 0, 0, 0, 0, 0, 0, 0, 0, 374, 0, 0, 0, 0, 0, 0, 0, 0, 0, 0, 0, 0, 309, 0, 0, 0, 0, 0, 0, 0, 0, 0, 0, 0, 382], 'packedBins': {'min': 0, 'size': 0.078125, 'count': 64}}",,"{'_type': 'histogram', 'values': [314, 0, 0, 0, 0, 0, 0, 0, 0, 0, 0, 0, 367, 0, 0, 0, 0, 0, 0, 0, 0, 0, 0, 0, 0, 354, 0, 0, 0, 0, 0, 0, 0, 0, 0, 0, 0, 0, 341, 0, 0, 0, 0, 0, 0, 0, 0, 0, 0, 0, 0, 317, 0, 0, 0, 0, 0, 0, 0, 0, 0, 0, 0, 355], 'packedBins': {'min': 0, 'size': 0.078125, 'count': 64}}",,,7805.475328,1.083984375,"{'values': [381, 0, 0, 0, 0, 0, 0, 0, 0, 0, 0, 0, 323, 0, 0, 0, 0, 0, 0, 0, 0, 0, 0, 0, 0, 345, 0, 0, 0, 0, 0, 0, 0, 0, 0, 0, 0, 0, 383, 0, 0, 0, 0, 0, 0, 0, 0, 0, 0, 0, 0, 303, 0, 0, 0, 0, 0, 0, 0, 0, 0, 0, 0, 313], 'packedBins': {'min': 0, 'size': 0.078125, 'count': 64}, '_type': 'histogram'}",13.862254815757174,0.9959782210006024,2.0561133915230354e-05,"{'values': [361, 0, 0, 0, 0, 0, 0, 0, 0, 0, 0, 0, 321, 0, 0, 0, 0, 0, 0, 0, 0, 0, 0, 0, 0, 327, 0, 0, 0, 0, 0, 0, 0, 0, 0, 0, 0, 0, 373, 0, 0, 0, 0, 0, 0, 0, 0, 0, 0, 0, 0, 347, 0, 0, 0, 0, 0, 0, 0, 0, 0, 0, 0, 319], 'packedBins': {'min': 0, 'size': 0.078125, 'count': 64}, '_type': 'histogram'}",35613.47067615,,,,,5304.797254230855,,,,0.9989576557385491,0.9008320790249854,,,,183500800.0,,,1.0810546875,0.997646909372324,0.999173551985359,,,"{'_type': 'histogram', 'values': [356, 0, 0, 0, 0, 0, 0, 0, 0, 0, 0, 0, 332, 0, 0, 0, 0, 0, 0, 0, 0, 0, 0, 0, 0, 317, 0, 0, 0, 0, 0, 0, 0, 0, 0, 0, 0, 0, 324, 0, 0, 0, 0, 0, 0, 0, 0, 0, 0, 0, 0, 349, 0, 0, 0, 0, 0, 0, 0, 0, 0, 0, 0, 370], 'packedBins': {'min': 0, 'size': 0.078125, 'count': 64}}",,,1.189453125,12.05079743862152,"{'packedBins': {'size': 0.078125, 'count': 64, 'min': 0}, '_type': 'histogram', 'values': [351, 0, 0, 0, 0, 0, 0, 0, 0, 0, 0, 0, 314, 0, 0, 0, 0, 0, 0, 0, 0, 0, 0, 0, 0, 364, 0, 0, 0, 0, 0, 0, 0, 0, 0, 0, 0, 0, 267, 0, 0, 0, 0, 0, 0, 0, 0, 0, 0, 0, 0, 361, 0, 0, 0, 0, 0, 0, 0, 0, 0, 0, 0, 391]}",1.1455078125,0.9993471338984334
,"{'_type': 'histogram', 'values': [368, 0, 0, 0, 0, 0, 0, 0, 0, 0, 0, 0, 360, 0, 0, 0, 0, 0, 0, 0, 0, 0, 0, 0, 0, 308, 0, 0, 0, 0, 0, 0, 0, 0, 0, 0, 0, 0, 336, 0, 0, 0, 0, 0, 0, 0, 0, 0, 0, 0, 0, 354, 0, 0, 0, 0, 0, 0, 0, 0, 0, 0, 0, 322], 'packedBins': {'min': 0, 'size': 0.078125, 'count': 64}}",0.48567214608192444,0.9999282906675809,2820,1.037109375,2.627163978014141,,,0.9989011700949307,1.01953125,1.072265625,1.08984375,0.9998614260364427,,"{'values': [345, 0, 0, 0, 0, 0, 0, 0, 0, 0, 0, 0, 326, 0, 0, 0, 0, 0, 0, 0, 0, 0, 0, 0, 0, 353, 0, 0, 0, 0, 0, 0, 0, 0, 0, 0, 0, 0, 318, 0, 0, 0, 0, 0, 0, 0, 0, 0, 0, 0, 0, 342, 0, 0, 0, 0, 0, 0, 0, 0, 0, 0, 0, 364], 'packedBins': {'count': 64, 'min': 0, 'size': 0.078125}, '_type': 'histogram'}",1.04296875,"{'_type': 'histogram', 'values': [323, 0, 0, 0, 0, 0, 0, 0, 0, 0, 0, 0, 334, 0, 0, 0, 0, 0, 0, 0, 0, 0, 0, 0, 0, 347, 0, 0, 0, 0, 0, 0, 0, 0, 0, 0, 0, 0, 350, 0, 0, 0, 0, 0, 0, 0, 0, 0, 0, 0, 0, 357, 0, 0, 0, 0, 0, 0, 0, 0, 0, 0, 0, 337], 'packedBins': {'size': 0.078125, 'count': 64, 'min': 0}}",,0.9994222484940107,,"{'packedBins': {'size': 0.078125, 'count': 64, 'min': 0}, '_type': 'histogram', 'values': [347, 0, 0, 0, 0, 0, 0, 0, 0, 0, 0, 0, 329, 0, 0, 0, 0, 0, 0, 0, 0, 0, 0, 0, 0, 351, 0, 0, 0, 0, 0, 0, 0, 0, 0, 0, 0, 0, 297, 0, 0, 0, 0, 0, 0, 0, 0, 0, 0, 0, 0, 348, 0, 0, 0, 0, 0, 0, 0, 0, 0, 0, 0, 376]}",1784927326.401724,,,0.9996952291721805,,,,1.0693359375,"{'packedBins': {'min': 0, 'size': 0.078125, 'count': 64}, '_type': 'histogram', 'values': [338, 0, 0, 0, 0, 0, 0, 0, 0, 0, 0, 0, 356, 0, 0, 0, 0, 0, 0, 0, 0, 0, 0, 0, 0, 345, 0, 0, 0, 0, 0, 0, 0, 0, 0, 0, 0, 0, 333, 0, 0, 0, 0, 0, 0, 0, 0, 0, 0, 0, 0, 335, 0, 0, 0, 0, 0, 0, 0, 0, 0, 0, 0, 341]}",,11435.769856,,,0.999253124223012,,1.078125,,,0.9996807917344123,"{'_type': 'histogram', 'values': [320, 0, 0, 0, 0, 0, 0, 0, 0, 0, 0, 0, 360, 0, 0, 0, 0, 0, 0, 0, 0, 0, 0, 0, 0, 366, 0, 0, 0, 0, 0, 0, 0, 0, 0, 0, 0, 0, 358, 0, 0, 0, 0, 0, 0, 0, 0, 0, 0, 0, 0, 343, 0, 0, 0, 0, 0, 0, 0, 0, 0, 0, 0, 301], 'packedBins': {'min': 0, 'size': 0.078125, 'count': 64}}",,,,,1.0458984375,"{'_type': 'histogram', 'values': [347, 0, 0, 0, 0, 0, 0, 0, 0, 0, 0, 0, 338, 0, 0, 0, 0, 0, 0, 0, 0, 0, 0, 0, 0, 340, 0, 0, 0, 0, 0, 0, 0, 0, 0, 0, 0, 0, 348, 0, 0, 0, 0, 0, 0, 0, 0, 0, 0, 0, 0, 343, 0, 0, 0, 0, 0, 0, 0, 0, 0, 0, 0, 332], 'packedBins': {'size': 0.078125, 'count': 64, 'min': 0}}",,"{'_type': 'histogram', 'values': [372, 0, 0, 0, 0, 0, 0, 0, 0, 0, 0, 0, 344, 0, 0, 0, 0, 0, 0, 0, 0, 0, 0, 0, 0, 323, 0, 0, 0, 0, 0, 0, 0, 0, 0, 0, 0, 0, 319, 0, 0, 0, 0, 0, 0, 0, 0, 0, 0, 0, 0, 339, 0, 0, 0, 0, 0, 0, 0, 0, 0, 0, 0, 351], 'packedBins': {'count': 64, 'min': 0, 'size': 0.078125}}",,,7805.475328,1.037109375,"{'_type': 'histogram', 'values': [350, 0, 0, 0, 0, 0, 0, 0, 0, 0, 0, 0, 315, 0, 0, 0, 0, 0, 0, 0, 0, 0, 0, 0, 0, 348, 0, 0, 0, 0, 0, 0, 0, 0, 0, 0, 0, 0, 324, 0, 0, 0, 0, 0, 0, 0, 0, 0, 0, 0, 0, 365, 0, 0, 0, 0, 0, 0, 0, 0, 0, 0, 0, 346], 'packedBins': {'size': 0.078125, 'count': 64, 'min': 0}}",13.834479326463505,0.9985100951677357,2.036103976443921e-05,"{'_type': 'histogram', 'values': [344, 0, 0, 0, 0, 0, 0, 0, 0, 0, 0, 0, 340, 0, 0, 0, 0, 0, 0, 0, 0, 0, 0, 0, 0, 354, 0, 0, 0, 0, 0, 0, 0, 0, 0, 0, 0, 0, 350, 0, 0, 0, 0, 0, 0, 0, 0, 0, 0, 0, 0, 318, 0, 0, 0, 0, 0, 0, 0, 0, 0, 0, 0, 342], 'packedBins': {'min': 0, 'size': 0.078125, 'count': 64}}",35859.992520478,,,,,5306.44771392962,,,,0.9985860081469683,0.9002254571765661,,,,184811520.0,,,1.1015625,0.999319190470495,0.9998254322399791,,,"{'_type': 'histogram', 'values': [337, 0, 0, 0, 0, 0, 0, 0, 0, 0, 0, 0, 349, 0, 0, 0, 0, 0, 0, 0, 0, 0, 0, 0, 0, 328, 0, 0, 0, 0, 0, 0, 0, 0, 0, 0, 0, 0, 354, 0, 0, 0, 0, 0, 0, 0, 0, 0, 0, 0, 0, 337, 0, 0, 0, 0, 0, 0, 0, 0, 0, 0, 0, 343], 'packedBins': {'min': 0, 'size': 0.078125, 'count': 64}}",,,1.06640625,12.051810079813004,"{'values': [362, 0, 0, 0, 0, 0, 0, 0, 0, 0, 0, 0, 327, 0, 0, 0, 0, 0, 0, 0, 0, 0, 0, 0, 0, 375, 0, 0, 0, 0, 0, 0, 0, 0, 0, 0, 0, 0, 301, 0, 0, 0, 0, 0, 0, 0, 0, 0, 0, 0, 0, 329, 0, 0, 0, 0, 0, 0, 0, 0, 0, 0, 0, 354], 'packedBins': {'count': 64, 'min': 0, 'size': 0.078125}, '_type': 'histogram'}",1.0986328125,0.9986537376937333
,"{'_type': 'histogram', 'values': [345, 0, 0, 0, 0, 0, 0, 0, 0, 0, 0, 0, 378, 0, 0, 0, 0, 0, 0, 0, 0, 0, 0, 0, 0, 341, 0, 0, 0, 0, 0, 0, 0, 0, 0, 0, 0, 0, 317, 0, 0, 0, 0, 0, 0, 0, 0, 0, 0, 0, 0, 342, 0, 0, 0, 0, 0, 0, 0, 0, 0, 0, 0, 325], 'packedBins': {'min': 0, 'size': 0.078125, 'count': 64}}",0.473694384098053,0.9994434056608784,2840,1.0986328125,2.5813846811652184,,,0.999125648966036,1.048828125,1.083984375,1.095703125,0.999179473330803,,"{'values': [375, 0, 0, 0, 0, 0, 0, 0, 0, 0, 0, 0, 352, 0, 0, 0, 0, 0, 0, 0, 0, 0, 0, 0, 0, 328, 0, 0, 0, 0, 0, 0, 0, 0, 0, 0, 0, 0, 346, 0, 0, 0, 0, 0, 0, 0, 0, 0, 0, 0, 0, 287, 0, 0, 0, 0, 0, 0, 0, 0, 0, 0, 0, 360], 'packedBins': {'min': 0, 'size': 0.078125, 'count': 64}, '_type': 'histogram'}",1.0810546875,"{'values': [315, 0, 0, 0, 0, 0, 0, 0, 0, 0, 0, 0, 342, 0, 0, 0, 0, 0, 0, 0, 0, 0, 0, 0, 0, 344, 0, 0, 0, 0, 0, 0, 0, 0, 0, 0, 0, 0, 366, 0, 0, 0, 0, 0, 0, 0, 0, 0, 0, 0, 0, 309, 0, 0, 0, 0, 0, 0, 0, 0, 0, 0, 0, 372], 'packedBins': {'min': 0, 'size': 0.078125, 'count': 64}, '_type': 'histogram'}",,0.9980530870570001,,"{'packedBins': {'size': 0.078125, 'count': 64, 'min': 0}, '_type': 'histogram', 'values': [346, 0, 0, 0, 0, 0, 0, 0, 0, 0, 0, 0, 315, 0, 0, 0, 0, 0, 0, 0, 0, 0, 0, 0, 0, 326, 0, 0, 0, 0, 0, 0, 0, 0, 0, 0, 0, 0, 337, 0, 0, 0, 0, 0, 0, 0, 0, 0, 0, 0, 0, 375, 0, 0, 0, 0, 0, 0, 0, 0, 0, 0, 0, 349]}",1784927572.9231517,,,0.9986797516945045,,,,1.0634765625,"{'_type': 'histogram', 'values': [308, 0, 0, 0, 0, 0, 0, 0, 0, 0, 0, 0, 333, 0, 0, 0, 0, 0, 0, 0, 0, 0, 0, 0, 0, 369, 0, 0, 0, 0, 0, 0, 0, 0, 0, 0, 0, 0, 350, 0, 0, 0, 0, 0, 0, 0, 0, 0, 0, 0, 0, 345, 0, 0, 0, 0, 0, 0, 0, 0, 0, 0, 0, 343], 'packedBins': {'min': 0, 'size': 0.078125, 'count': 64}}",,11435.769856,,,0.997539992494474,,1.107421875,,,0.9982099029133117,"{'_type': 'histogram', 'values': [350, 0, 0, 0, 0, 0, 0, 0, 0, 0, 0, 0, 370, 0, 0, 0, 0, 0, 0, 0, 0, 0, 0, 0, 0, 361, 0, 0, 0, 0, 0, 0, 0, 0, 0, 0, 0, 0, 325, 0, 0, 0, 0, 0, 0, 0, 0, 0, 0, 0, 0, 300, 0, 0, 0, 0, 0, 0, 0, 0, 0, 0, 0, 342], 'packedBins': {'min': 0, 'size': 0.078125, 'count': 64}}",,,,,1.08984375,"{'_type': 'histogram', 'values': [340, 0, 0, 0, 0, 0, 0, 0, 0, 0, 0, 0, 322, 0, 0, 0, 0, 0, 0, 0, 0, 0, 0, 0, 0, 350, 0, 0, 0, 0, 0, 0, 0, 0, 0, 0, 0, 0, 321, 0, 0, 0, 0, 0, 0, 0, 0, 0, 0, 0, 0, 357, 0, 0, 0, 0, 0, 0, 0, 0, 0, 0, 0, 358], 'packedBins': {'min': 0, 'size': 0.078125, 'count': 64}}",,"{'_type': 'histogram', 'values': [362, 0, 0, 0, 0, 0, 0, 0, 0, 0, 0, 0, 367, 0, 0, 0, 0, 0, 0, 0, 0, 0, 0, 0, 0, 292, 0, 0, 0, 0, 0, 0, 0, 0, 0, 0, 0, 0, 304, 0, 0, 0, 0, 0, 0, 0, 0, 0, 0, 0, 0, 374, 0, 0, 0, 0, 0, 0, 0, 0, 0, 0, 0, 349], 'packedBins': {'min': 0, 'size': 0.078125, 'count': 64}}",,,7805.475328,1.0751953125,"{'_type': 'histogram', 'values': [299, 0, 0, 0, 0, 0, 0, 0, 0, 0, 0, 0, 363, 0, 0, 0, 0, 0, 0, 0, 0, 0, 0, 0, 0, 339, 0, 0, 0, 0, 0, 0, 0, 0, 0, 0, 0, 0, 343, 0, 0, 0, 0, 0, 0, 0, 0, 0, 0, 0, 0, 354, 0, 0, 0, 0, 0, 0, 0, 0, 0, 0, 0, 350], 'packedBins': {'min': 0, 'size': 0.078125, 'count': 64}}",13.215424645857542,0.9995901751895263,2.020481910060851e-05,"{'_type': 'histogram', 'values': [375, 0, 0, 0, 0, 0, 0, 0, 0, 0, 0, 0, 317, 0, 0, 0, 0, 0, 0, 0, 0, 0, 0, 0, 0, 300, 0, 0, 0, 0, 0, 0, 0, 0, 0, 0, 0, 0, 345, 0, 0, 0, 0, 0, 0, 0, 0, 0, 0, 0, 0, 373, 0, 0, 0, 0, 0, 0, 0, 0, 0, 0, 0, 338], 'packedBins': {'min': 0, 'size': 0.078125, 'count': 64}}",36106.885318424,,,,,5319.689197075699,,,,0.9991427476826554,0.8832663335371762,,,,186122240.0,,,1.0986328125,0.9989731576878578,0.9989701637491502,,,"{'values': [365, 0, 0, 0, 0, 0, 0, 0, 0, 0, 0, 0, 348, 0, 0, 0, 0, 0, 0, 0, 0, 0, 0, 0, 0, 311, 0, 0, 0, 0, 0, 0, 0, 0, 0, 0, 0, 0, 367, 0, 0, 0, 0, 0, 0, 0, 0, 0, 0, 0, 0, 334, 0, 0, 0, 0, 0, 0, 0, 0, 0, 0, 0, 323], 'packedBins': {'size': 0.078125, 'count': 64, 'min': 0}, '_type': 'histogram'}",,,1.0986328125,12.052860844135285,"{'values': [361, 0, 0, 0, 0, 0, 0, 0, 0, 0, 0, 0, 336, 0, 0, 0, 0, 0, 0, 0, 0, 0, 0, 0, 0, 349, 0, 0, 0, 0, 0, 0, 0, 0, 0, 0, 0, 0, 318, 0, 0, 0, 0, 0, 0, 0, 0, 0, 0, 0, 0, 343, 0, 0, 0, 0, 0, 0, 0, 0, 0, 0, 0, 341], 'packedBins': {'count': 64, 'min': 0, 'size': 0.078125}, '_type': 'histogram'}",1.0576171875,0.9986797516945045
,"{'_type': 'histogram', 'values': [333, 0, 0, 0, 0, 0, 0, 0, 0, 0, 0, 0, 338, 0, 0, 0, 0, 0, 0, 0, 0, 0, 0, 0, 0, 307, 0, 0, 0, 0, 0, 0, 0, 0, 0, 0, 0, 0, 395, 0, 0, 0, 0, 0, 0, 0, 0, 0, 0, 0, 0, 319, 0, 0, 0, 0, 0, 0, 0, 0, 0, 0, 0, 356], 'packedBins': {'count': 64, 'min': 0, 'size': 0.078125}}",0.45760416984558105,0.9993230493248294,2860,1.072265625,2.6473477642983196,,,0.9980983953294431,1.0458984375,1.06640625,1.0634765625,0.997661280278121,,"{'packedBins': {'count': 64, 'min': 0, 'size': 0.078125}, '_type': 'histogram', 'values': [346, 0, 0, 0, 0, 0, 0, 0, 0, 0, 0, 0, 311, 0, 0, 0, 0, 0, 0, 0, 0, 0, 0, 0, 0, 362, 0, 0, 0, 0, 0, 0, 0, 0, 0, 0, 0, 0, 350, 0, 0, 0, 0, 0, 0, 0, 0, 0, 0, 0, 0, 350, 0, 0, 0, 0, 0, 0, 0, 0, 0, 0, 0, 329]}",1.1689453125,"{'_type': 'histogram', 'values': [363, 0, 0, 0, 0, 0, 0, 0, 0, 0, 0, 0, 351, 0, 0, 0, 0, 0, 0, 0, 0, 0, 0, 0, 0, 334, 0, 0, 0, 0, 0, 0, 0, 0, 0, 0, 0, 0, 295, 0, 0, 0, 0, 0, 0, 0, 0, 0, 0, 0, 0, 349, 0, 0, 0, 0, 0, 0, 0, 0, 0, 0, 0, 356], 'packedBins': {'min': 0, 'size': 0.078125, 'count': 64}}",,0.9993245795601688,,"{'_type': 'histogram', 'values': [337, 0, 0, 0, 0, 0, 0, 0, 0, 0, 0, 0, 347, 0, 0, 0, 0, 0, 0, 0, 0, 0, 0, 0, 0, 325, 0, 0, 0, 0, 0, 0, 0, 0, 0, 0, 0, 0, 350, 0, 0, 0, 0, 0, 0, 0, 0, 0, 0, 0, 0, 338, 0, 0, 0, 0, 0, 0, 0, 0, 0, 0, 0, 351], 'packedBins': {'count': 64, 'min': 0, 'size': 0.078125}}",1784927819.8164184,,,0.9987513400956038,,,,1.1572265625,"{'_type': 'histogram', 'values': [331, 0, 0, 0, 0, 0, 0, 0, 0, 0, 0, 0, 326, 0, 0, 0, 0, 0, 0, 0, 0, 0, 0, 0, 0, 314, 0, 0, 0, 0, 0, 0, 0, 0, 0, 0, 0, 0, 399, 0, 0, 0, 0, 0, 0, 0, 0, 0, 0, 0, 0, 311, 0, 0, 0, 0, 0, 0, 0, 0, 0, 0, 0, 367], 'packedBins': {'min': 0, 'size': 0.078125, 'count': 64}}",,11435.769856,,,0.9992588459725423,,1.1572265625,,,0.9989456799837183,"{'_type': 'histogram', 'values': [358, 0, 0, 0, 0, 0, 0, 0, 0, 0, 0, 0, 326, 0, 0, 0, 0, 0, 0, 0, 0, 0, 0, 0, 0, 343, 0, 0, 0, 0, 0, 0, 0, 0, 0, 0, 0, 0, 343, 0, 0, 0, 0, 0, 0, 0, 0, 0, 0, 0, 0, 314, 0, 0, 0, 0, 0, 0, 0, 0, 0, 0, 0, 364], 'packedBins': {'size': 0.078125, 'count': 64, 'min': 0}}",,,,,1.0634765625,"{'_type': 'histogram', 'values': [341, 0, 0, 0, 0, 0, 0, 0, 0, 0, 0, 0, 308, 0, 0, 0, 0, 0, 0, 0, 0, 0, 0, 0, 0, 357, 0, 0, 0, 0, 0, 0, 0, 0, 0, 0, 0, 0, 357, 0, 0, 0, 0, 0, 0, 0, 0, 0, 0, 0, 0, 348, 0, 0, 0, 0, 0, 0, 0, 0, 0, 0, 0, 337], 'packedBins': {'min': 0, 'size': 0.078125, 'count': 64}}",,"{'values': [329, 0, 0, 0, 0, 0, 0, 0, 0, 0, 0, 0, 324, 0, 0, 0, 0, 0, 0, 0, 0, 0, 0, 0, 0, 363, 0, 0, 0, 0, 0, 0, 0, 0, 0, 0, 0, 0, 351, 0, 0, 0, 0, 0, 0, 0, 0, 0, 0, 0, 0, 320, 0, 0, 0, 0, 0, 0, 0, 0, 0, 0, 0, 361], 'packedBins': {'min': 0, 'size': 0.078125, 'count': 64}, '_type': 'histogram'}",,,7805.475328,1.060546875,"{'_type': 'histogram', 'values': [346, 0, 0, 0, 0, 0, 0, 0, 0, 0, 0, 0, 332, 0, 0, 0, 0, 0, 0, 0, 0, 0, 0, 0, 0, 395, 0, 0, 0, 0, 0, 0, 0, 0, 0, 0, 0, 0, 358, 0, 0, 0, 0, 0, 0, 0, 0, 0, 0, 0, 0, 283, 0, 0, 0, 0, 0, 0, 0, 0, 0, 0, 0, 334], 'packedBins': {'min': 0, 'size': 0.078125, 'count': 64}}",14.116548537036028,0.997938585534424,2.0092548385415603e-05,"{'values': [361, 0, 0, 0, 0, 0, 0, 0, 0, 0, 0, 0, 343, 0, 0, 0, 0, 0, 0, 0, 0, 0, 0, 0, 0, 366, 0, 0, 0, 0, 0, 0, 0, 0, 0, 0, 0, 0, 350, 0, 0, 0, 0, 0, 0, 0, 0, 0, 0, 0, 0, 309, 0, 0, 0, 0, 0, 0, 0, 0, 0, 0, 0, 319], 'packedBins': {'min': 0, 'size': 0.078125, 'count': 64}, '_type': 'histogram'}",36353.905192739,,,,,5311.649857394555,,,,0.9998003496868059,0.8950119503308087,,,,187432960.0,,,1.0283203125,0.9972885681749997,0.99937394628286,,,"{'_type': 'histogram', 'values': [362, 0, 0, 0, 0, 0, 0, 0, 0, 0, 0, 0, 332, 0, 0, 0, 0, 0, 0, 0, 0, 0, 0, 0, 0, 315, 0, 0, 0, 0, 0, 0, 0, 0, 0, 0, 0, 0, 339, 0, 0, 0, 0, 0, 0, 0, 0, 0, 0, 0, 0, 360, 0, 0, 0, 0, 0, 0, 0, 0, 0, 0, 0, 340], 'packedBins': {'min': 0, 'size': 0.078125, 'count': 64}}",,,1.060546875,12.050937263667583,"{'packedBins': {'min': 0, 'size': 0.078125, 'count': 64}, '_type': 'histogram', 'values': [345, 0, 0, 0, 0, 0, 0, 0, 0, 0, 0, 0, 357, 0, 0, 0, 0, 0, 0, 0, 0, 0, 0, 0, 0, 355, 0, 0, 0, 0, 0, 0, 0, 0, 0, 0, 0, 0, 303, 0, 0, 0, 0, 0, 0, 0, 0, 0, 0, 0, 0, 304, 0, 0, 0, 0, 0, 0, 0, 0, 0, 0, 0, 384]}",1.125,0.9992861906127392
,"{'_type': 'histogram', 'values': [358, 0, 0, 0, 0, 0, 0, 0, 0, 0, 0, 0, 359, 0, 0, 0, 0, 0, 0, 0, 0, 0, 0, 0, 0, 354, 0, 0, 0, 0, 0, 0, 0, 0, 0, 0, 0, 0, 332, 0, 0, 0, 0, 0, 0, 0, 0, 0, 0, 0, 0, 330, 0, 0, 0, 0, 0, 0, 0, 0, 0, 0, 0, 315], 'packedBins': {'min': 0, 'size': 0.078125, 'count': 64}}",0.4653615355491638,0.9979152993444753,2880,1.1455078125,2.61113111153245,,,0.9993338940361484,1.130859375,1.1630859375,1.13671875,0.9975821072322955,,"{'values': [395, 0, 0, 0, 0, 0, 0, 0, 0, 0, 0, 0, 326, 0, 0, 0, 0, 0, 0, 0, 0, 0, 0, 0, 0, 316, 0, 0, 0, 0, 0, 0, 0, 0, 0, 0, 0, 0, 317, 0, 0, 0, 0, 0, 0, 0, 0, 0, 0, 0, 0, 306, 0, 0, 0, 0, 0, 0, 0, 0, 0, 0, 0, 388], 'packedBins': {'count': 64, 'min': 0, 'size': 0.078125}, '_type': 'histogram'}",1.142578125,"{'_type': 'histogram', 'values': [296, 0, 0, 0, 0, 0, 0, 0, 0, 0, 0, 0, 333, 0, 0, 0, 0, 0, 0, 0, 0, 0, 0, 0, 0, 355, 0, 0, 0, 0, 0, 0, 0, 0, 0, 0, 0, 0, 353, 0, 0, 0, 0, 0, 0, 0, 0, 0, 0, 0, 0, 321, 0, 0, 0, 0, 0, 0, 0, 0, 0, 0, 0, 390], 'packedBins': {'count': 64, 'min': 0, 'size': 0.078125}}",,0.9969572389580157,,"{'_type': 'histogram', 'values': [311, 0, 0, 0, 0, 0, 0, 0, 0, 0, 0, 0, 330, 0, 0, 0, 0, 0, 0, 0, 0, 0, 0, 0, 0, 334, 0, 0, 0, 0, 0, 0, 0, 0, 0, 0, 0, 0, 387, 0, 0, 0, 0, 0, 0, 0, 0, 0, 0, 0, 0, 362, 0, 0, 0, 0, 0, 0, 0, 0, 0, 0, 0, 324], 'packedBins': {'size': 0.078125, 'count': 64, 'min': 0}}",1784928066.8363338,,,0.9979135029812507,,,,1.0927734375,"{'_type': 'histogram', 'values': [338, 0, 0, 0, 0, 0, 0, 0, 0, 0, 0, 0, 390, 0, 0, 0, 0, 0, 0, 0, 0, 0, 0, 0, 0, 329, 0, 0, 0, 0, 0, 0, 0, 0, 0, 0, 0, 0, 361, 0, 0, 0, 0, 0, 0, 0, 0, 0, 0, 0, 0, 286, 0, 0, 0, 0, 0, 0, 0, 0, 0, 0, 0, 344], 'packedBins': {'min': 0, 'size': 0.078125, 'count': 64}}",,11435.769856,,,0.9943696775309195,,1.0517578125,,,0.9926585417615199,"{'_type': 'histogram', 'values': [377, 0, 0, 0, 0, 0, 0, 0, 0, 0, 0, 0, 397, 0, 0, 0, 0, 0, 0, 0, 0, 0, 0, 0, 0, 364, 0, 0, 0, 0, 0, 0, 0, 0, 0, 0, 0, 0, 306, 0, 0, 0, 0, 0, 0, 0, 0, 0, 0, 0, 0, 351, 0, 0, 0, 0, 0, 0, 0, 0, 0, 0, 0, 253], 'packedBins': {'min': 0, 'size': 0.078125, 'count': 64}}",,,,,1.142578125,"{'_type': 'histogram', 'values': [386, 0, 0, 0, 0, 0, 0, 0, 0, 0, 0, 0, 336, 0, 0, 0, 0, 0, 0, 0, 0, 0, 0, 0, 0, 345, 0, 0, 0, 0, 0, 0, 0, 0, 0, 0, 0, 0, 362, 0, 0, 0, 0, 0, 0, 0, 0, 0, 0, 0, 0, 291, 0, 0, 0, 0, 0, 0, 0, 0, 0, 0, 0, 328], 'packedBins': {'min': 0, 'size': 0.078125, 'count': 64}}",,"{'_type': 'histogram', 'values': [388, 0, 0, 0, 0, 0, 0, 0, 0, 0, 0, 0, 340, 0, 0, 0, 0, 0, 0, 0, 0, 0, 0, 0, 0, 372, 0, 0, 0, 0, 0, 0, 0, 0, 0, 0, 0, 0, 248, 0, 0, 0, 0, 0, 0, 0, 0, 0, 0, 0, 0, 376, 0, 0, 0, 0, 0, 0, 0, 0, 0, 0, 0, 324], 'packedBins': {'min': 0, 'size': 0.078125, 'count': 64}}",,,7805.475328,1.083984375,"{'_type': 'histogram', 'values': [362, 0, 0, 0, 0, 0, 0, 0, 0, 0, 0, 0, 368, 0, 0, 0, 0, 0, 0, 0, 0, 0, 0, 0, 0, 322, 0, 0, 0, 0, 0, 0, 0, 0, 0, 0, 0, 0, 373, 0, 0, 0, 0, 0, 0, 0, 0, 0, 0, 0, 0, 324, 0, 0, 0, 0, 0, 0, 0, 0, 0, 0, 0, 299], 'packedBins': {'size': 0.078125, 'count': 64, 'min': 0}}",13.614441597763985,0.9979110412983133,2.002428256938365e-05,"{'packedBins': {'min': 0, 'size': 0.078125, 'count': 64}, '_type': 'histogram', 'values': [387, 0, 0, 0, 0, 0, 0, 0, 0, 0, 0, 0, 358, 0, 0, 0, 0, 0, 0, 0, 0, 0, 0, 0, 0, 310, 0, 0, 0, 0, 0, 0, 0, 0, 0, 0, 0, 0, 391, 0, 0, 0, 0, 0, 0, 0, 0, 0, 0, 0, 0, 237, 0, 0, 0, 0, 0, 0, 0, 0, 0, 0, 0, 365]}",36600.694281668,,,,,5308.91838068382,,,,0.9984609945729296,0.8944885224103928,,,,188743680.0,,,1.1337890625,0.99814649794468,0.9986059012063816,,,"{'values': [370, 0, 0, 0, 0, 0, 0, 0, 0, 0, 0, 0, 306, 0, 0, 0, 0, 0, 0, 0, 0, 0, 0, 0, 0, 312, 0, 0, 0, 0, 0, 0, 0, 0, 0, 0, 0, 0, 361, 0, 0, 0, 0, 0, 0, 0, 0, 0, 0, 0, 0, 349, 0, 0, 0, 0, 0, 0, 0, 0, 0, 0, 0, 350], 'packedBins': {'min': 0, 'size': 0.078125, 'count': 64}, '_type': 'histogram'}",,,1.1572265625,12.052339419722557,"{'values': [365, 0, 0, 0, 0, 0, 0, 0, 0, 0, 0, 0, 331, 0, 0, 0, 0, 0, 0, 0, 0, 0, 0, 0, 0, 326, 0, 0, 0, 0, 0, 0, 0, 0, 0, 0, 0, 0, 295, 0, 0, 0, 0, 0, 0, 0, 0, 0, 0, 0, 0, 388, 0, 0, 0, 0, 0, 0, 0, 0, 0, 0, 0, 343], 'packedBins': {'min': 0, 'size': 0.078125, 'count': 64}, '_type': 'histogram'}",1.13671875,0.9941552449874779
"{'packedBins': {'min': 0, 'size': 0.078125, 'count': 64}, '_type': 'histogram', 'values': [16603, 0, 0, 0, 0, 0, 0, 0, 0, 0, 0, 0, 16121, 0, 0, 0, 0, 0, 0, 0, 0, 0, 0, 0, 0, 15842, 0, 0, 0, 0, 0, 0, 0, 0, 0, 0, 0, 0, 18456, 0, 0, 0, 0, 0, 0, 0, 0, 0, 0, 0, 0, 17554, 0, 0, 0, 0, 0, 0, 0, 0, 0, 0, 0, 17824]}","{'_type': 'histogram', 'values': [380, 0, 0, 0, 0, 0, 0, 0, 0, 0, 0, 0, 323, 0, 0, 0, 0, 0, 0, 0, 0, 0, 0, 0, 0, 320, 0, 0, 0, 0, 0, 0, 0, 0, 0, 0, 0, 0, 334, 0, 0, 0, 0, 0, 0, 0, 0, 0, 0, 0, 0, 343, 0, 0, 0, 0, 0, 0, 0, 0, 0, 0, 0, 348], 'packedBins': {'min': 0, 'size': 0.078125, 'count': 64}}",0.463689923286438,0.9991432134064544,2900,1.0986328125,2.642164184525609,0.9985874053183652,1.0814062356948853,0.9990619113375478,1.107421875,1.107421875,1.1279296875,0.9961064281092626,1.034706950187683,"{'values': [329, 0, 0, 0, 0, 0, 0, 0, 0, 0, 0, 0, 380, 0, 0, 0, 0, 0, 0, 0, 0, 0, 0, 0, 0, 359, 0, 0, 0, 0, 0, 0, 0, 0, 0, 0, 0, 0, 289, 0, 0, 0, 0, 0, 0, 0, 0, 0, 0, 0, 0, 325, 0, 0, 0, 0, 0, 0, 0, 0, 0, 0, 0, 366], 'packedBins': {'count': 64, 'min': 0, 'size': 0.078125}, '_type': 'histogram'}",1.1630859375,"{'_type': 'histogram', 'values': [319, 0, 0, 0, 0, 0, 0, 0, 0, 0, 0, 0, 335, 0, 0, 0, 0, 0, 0, 0, 0, 0, 0, 0, 0, 304, 0, 0, 0, 0, 0, 0, 0, 0, 0, 0, 0, 0, 335, 0, 0, 0, 0, 0, 0, 0, 0, 0, 0, 0, 0, 374, 0, 0, 0, 0, 0, 0, 0, 0, 0, 0, 0, 381], 'packedBins': {'min': 0, 'size': 0.078125, 'count': 64}}","{'_type': 'histogram', 'values': [16819, 0, 0, 0, 0, 0, 0, 0, 0, 0, 0, 0, 16700, 0, 0, 0, 0, 0, 0, 0, 0, 0, 0, 0, 0, 15802, 0, 0, 0, 0, 0, 0, 0, 0, 0, 0, 0, 0, 18527, 0, 0, 0, 0, 0, 0, 0, 0, 0, 0, 0, 0, 16238, 0, 0, 0, 0, 0, 0, 0, 0, 0, 0, 0, 18314], 'packedBins': {'count': 64, 'min': 0, 'size': 0.078125}}",0.9977412517076019,0.9998666155302026,"{'_type': 'histogram', 'values': [366, 0, 0, 0, 0, 0, 0, 0, 0, 0, 0, 0, 362, 0, 0, 0, 0, 0, 0, 0, 0, 0, 0, 0, 0, 346, 0, 0, 0, 0, 0, 0, 0, 0, 0, 0, 0, 0, 327, 0, 0, 0, 0, 0, 0, 0, 0, 0, 0, 0, 0, 353, 0, 0, 0, 0, 0, 0, 0, 0, 0, 0, 0, 294], 'packedBins': {'min': 0, 'size': 0.078125, 'count': 64}}",1784928321.8014462,1.0345312356948853,"{'_type': 'histogram', 'values': [18366, 0, 0, 0, 0, 0, 0, 0, 0, 0, 0, 0, 17529, 0, 0, 0, 0, 0, 0, 0, 0, 0, 0, 0, 0, 16725, 0, 0, 0, 0, 0, 0, 0, 0, 0, 0, 0, 0, 16316, 0, 0, 0, 0, 0, 0, 0, 0, 0, 0, 0, 0, 17056, 0, 0, 0, 0, 0, 0, 0, 0, 0, 0, 0, 16408], 'packedBins': {'min': 0, 'size': 0.078125, 'count': 64}}",0.9981681873673179,1.0702147483825684,1.5441720739461515,36.56213972732072,1.072265625,"{'_type': 'histogram', 'values': [269, 0, 0, 0, 0, 0, 0, 0, 0, 0, 0, 0, 347, 0, 0, 0, 0, 0, 0, 0, 0, 0, 0, 0, 0, 339, 0, 0, 0, 0, 0, 0, 0, 0, 0, 0, 0, 0, 371, 0, 0, 0, 0, 0, 0, 0, 0, 0, 0, 0, 0, 325, 0, 0, 0, 0, 0, 0, 0, 0, 0, 0, 0, 397], 'packedBins': {'min': 0, 'size': 0.078125, 'count': 64}}","{'values': [17433, 0, 0, 0, 0, 0, 0, 0, 0, 0, 0, 0, 20896, 0, 0, 0, 0, 0, 0, 0, 0, 0, 0, 0, 0, 17796, 0, 0, 0, 0, 0, 0, 0, 0, 0, 0, 0, 0, 15737, 0, 0, 0, 0, 0, 0, 0, 0, 0, 0, 0, 0, 15904, 0, 0, 0, 0, 0, 0, 0, 0, 0, 0, 0, 14634], 'packedBins': {'min': 0, 'size': 0.078125, 'count': 64}, '_type': 'histogram'}",11435.769856,0.9991464069410759,0.9990032301388773,0.9977008002690624,1.0761327743530273,1.11328125,0.9990916511287109,"{'_type': 'histogram', 'values': [15524, 0, 0, 0, 0, 0, 0, 0, 0, 0, 0, 0, 16160, 0, 0, 0, 0, 0, 0, 0, 0, 0, 0, 0, 0, 18034, 0, 0, 0, 0, 0, 0, 0, 0, 0, 0, 0, 0, 18647, 0, 0, 0, 0, 0, 0, 0, 0, 0, 0, 0, 0, 19345, 0, 0, 0, 0, 0, 0, 0, 0, 0, 0, 0, 14690], 'packedBins': {'min': 0, 'size': 0.078125, 'count': 64}}",0.9990606472300935,"{'_type': 'histogram', 'values': [319, 0, 0, 0, 0, 0, 0, 0, 0, 0, 0, 0, 378, 0, 0, 0, 0, 0, 0, 0, 0, 0, 0, 0, 0, 356, 0, 0, 0, 0, 0, 0, 0, 0, 0, 0, 0, 0, 342, 0, 0, 0, 0, 0, 0, 0, 0, 0, 0, 0, 0, 327, 0, 0, 0, 0, 0, 0, 0, 0, 0, 0, 0, 326], 'packedBins': {'min': 0, 'size': 0.078125, 'count': 64}}",0.9995859171433642,"{'values': [16178, 0, 0, 0, 0, 0, 0, 0, 0, 0, 0, 0, 18251, 0, 0, 0, 0, 0, 0, 0, 0, 0, 0, 0, 0, 17550, 0, 0, 0, 0, 0, 0, 0, 0, 0, 0, 0, 0, 15745, 0, 0, 0, 0, 0, 0, 0, 0, 0, 0, 0, 0, 18319, 0, 0, 0, 0, 0, 0, 0, 0, 0, 0, 0, 16357], 'packedBins': {'min': 0, 'size': 0.078125, 'count': 64}, '_type': 'histogram'}",0.33328125,1.0733789205551147,1.1162109375,"{'_type': 'histogram', 'values': [342, 0, 0, 0, 0, 0, 0, 0, 0, 0, 0, 0, 378, 0, 0, 0, 0, 0, 0, 0, 0, 0, 0, 0, 0, 344, 0, 0, 0, 0, 0, 0, 0, 0, 0, 0, 0, 0, 316, 0, 0, 0, 0, 0, 0, 0, 0, 0, 0, 0, 0, 328, 0, 0, 0, 0, 0, 0, 0, 0, 0, 0, 0, 340], 'packedBins': {'min': 0, 'size': 0.078125, 'count': 64}}",0.999021326835066,"{'_type': 'histogram', 'values': [385, 0, 0, 0, 0, 0, 0, 0, 0, 0, 0, 0, 330, 0, 0, 0, 0, 0, 0, 0, 0, 0, 0, 0, 0, 298, 0, 0, 0, 0, 0, 0, 0, 0, 0, 0, 0, 0, 341, 0, 0, 0, 0, 0, 0, 0, 0, 0, 0, 0, 0, 377, 0, 0, 0, 0, 0, 0, 0, 0, 0, 0, 0, 317], 'packedBins': {'min': 0, 'size': 0.078125, 'count': 64}}",1.1334960460662842,"{'_type': 'histogram', 'values': [17223, 0, 0, 0, 0, 0, 0, 0, 0, 0, 0, 0, 19139, 0, 0, 0, 0, 0, 0, 0, 0, 0, 0, 0, 0, 16629, 0, 0, 0, 0, 0, 0, 0, 0, 0, 0, 0, 0, 16078, 0, 0, 0, 0, 0, 0, 0, 0, 0, 0, 0, 0, 16762, 0, 0, 0, 0, 0, 0, 0, 0, 0, 0, 0, 16569], 'packedBins': {'count': 64, 'min': 0, 'size': 0.078125}}",7805.475328,1.072265625,"{'packedBins': {'min': 0, 'size': 0.078125, 'count': 64}, '_type': 'histogram', 'values': [330, 0, 0, 0, 0, 0, 0, 0, 0, 0, 0, 0, 366, 0, 0, 0, 0, 0, 0, 0, 0, 0, 0, 0, 0, 347, 0, 0, 0, 0, 0, 0, 0, 0, 0, 0, 0, 0, 334, 0, 0, 0, 0, 0, 0, 0, 0, 0, 0, 0, 0, 332, 0, 0, 0, 0, 0, 0, 0, 0, 0, 0, 0, 339]}",14.043563606605813,0.9968728764184303,2.0000055064986213e-05,"{'_type': 'histogram', 'values': [321, 0, 0, 0, 0, 0, 0, 0, 0, 0, 0, 0, 322, 0, 0, 0, 0, 0, 0, 0, 0, 0, 0, 0, 0, 347, 0, 0, 0, 0, 0, 0, 0, 0, 0, 0, 0, 0, 375, 0, 0, 0, 0, 0, 0, 0, 0, 0, 0, 0, 0, 356, 0, 0, 0, 0, 0, 0, 0, 0, 0, 0, 0, 327], 'packedBins': {'min': 0, 'size': 0.078125, 'count': 64}}",36643.858600305,"{'values': [17937, 0, 0, 0, 0, 0, 0, 0, 0, 0, 0, 0, 18634, 0, 0, 0, 0, 0, 0, 0, 0, 0, 0, 0, 0, 17305, 0, 0, 0, 0, 0, 0, 0, 0, 0, 0, 0, 0, 15509, 0, 0, 0, 0, 0, 0, 0, 0, 0, 0, 0, 0, 15403, 0, 0, 0, 0, 0, 0, 0, 0, 0, 0, 0, 17612], 'packedBins': {'min': 0, 'size': 0.078125, 'count': 64}, '_type': 'histogram'}",0.9971994153334819,0.9997263661347403,1.0855664014816284,5313.891708507584,0.9962070244498409,0.9997332854597537,3.599013271331787,0.9985112262112474,0.8977560048457235,"{'_type': 'histogram', 'values': [16709, 0, 0, 0, 0, 0, 0, 0, 0, 0, 0, 0, 16526, 0, 0, 0, 0, 0, 0, 0, 0, 0, 0, 0, 0, 17544, 0, 0, 0, 0, 0, 0, 0, 0, 0, 0, 0, 0, 17656, 0, 0, 0, 0, 0, 0, 0, 0, 0, 0, 0, 0, 17575, 0, 0, 0, 0, 0, 0, 0, 0, 0, 0, 0, 16390], 'packedBins': {'size': 0.078125, 'count': 64, 'min': 0}}","{'_type': 'histogram', 'values': [17549, 0, 0, 0, 0, 0, 0, 0, 0, 0, 0, 0, 16279, 0, 0, 0, 0, 0, 0, 0, 0, 0, 0, 0, 0, 16636, 0, 0, 0, 0, 0, 0, 0, 0, 0, 0, 0, 0, 16967, 0, 0, 0, 0, 0, 0, 0, 0, 0, 0, 0, 0, 18265, 0, 0, 0, 0, 0, 0, 0, 0, 0, 0, 0, 16704], 'packedBins': {'count': 64, 'min': 0, 'size': 0.078125}}","{'values': [16665, 0, 0, 0, 0, 0, 0, 0, 0, 0, 0, 0, 16650, 0, 0, 0, 0, 0, 0, 0, 0, 0, 0, 0, 0, 17326, 0, 0, 0, 0, 0, 0, 0, 0, 0, 0, 0, 0, 17254, 0, 0, 0, 0, 0, 0, 0, 0, 0, 0, 0, 0, 17659, 0, 0, 0, 0, 0, 0, 0, 0, 0, 0, 0, 16846], 'packedBins': {'min': 0, 'size': 0.078125, 'count': 64}, '_type': 'histogram'}",190054400.0,"{'_type': 'histogram', 'values': [16786, 0, 0, 0, 0, 0, 0, 0, 0, 0, 0, 0, 16122, 0, 0, 0, 0, 0, 0, 0, 0, 0, 0, 0, 0, 17434, 0, 0, 0, 0, 0, 0, 0, 0, 0, 0, 0, 0, 16966, 0, 0, 0, 0, 0, 0, 0, 0, 0, 0, 0, 0, 17340, 0, 0, 0, 0, 0, 0, 0, 0, 0, 0, 0, 17752], 'packedBins': {'min': 0, 'size': 0.078125, 'count': 64}}",1.0401562452316284,1.072265625,0.9996392757843323,0.9994708168330465,1.1214258670806885,0.9995229113665602,"{'values': [366, 0, 0, 0, 0, 0, 0, 0, 0, 0, 0, 0, 342, 0, 0, 0, 0, 0, 0, 0, 0, 0, 0, 0, 0, 345, 0, 0, 0, 0, 0, 0, 0, 0, 0, 0, 0, 0, 320, 0, 0, 0, 0, 0, 0, 0, 0, 0, 0, 0, 0, 327, 0, 0, 0, 0, 0, 0, 0, 0, 0, 0, 0, 348], 'packedBins': {'size': 0.078125, 'count': 64, 'min': 0}, '_type': 'histogram'}",1.091835856437683,1.2243750095367432,1.11328125,12.05069230645895,"{'packedBins': {'min': 0, 'size': 0.078125, 'count': 64}, '_type': 'histogram', 'values': [338, 0, 0, 0, 0, 0, 0, 0, 0, 0, 0, 0, 291, 0, 0, 0, 0, 0, 0, 0, 0, 0, 0, 0, 0, 394, 0, 0, 0, 0, 0, 0, 0, 0, 0, 0, 0, 0, 383, 0, 0, 0, 0, 0, 0, 0, 0, 0, 0, 0, 0, 321, 0, 0, 0, 0, 0, 0, 0, 0, 0, 0, 0, 321]}",1.154296875,0.9990146736379377
